"","X","module","module_description","Acidovorax_AEP1_4","Curvibacter_AEP1_3","Duganella_C1_2","MG_21Nov119-A03-L1_S156_L003_bin.4","MG_21Nov119-A06-L1_S159_L003_bin.7","MG_21Nov119-B05-L1_S164_L003_bin.2","MG_21Nov119-B05-L1_S164_L003_bin.8","MG_21Nov119-D06-L1_S176_L003_bin.10","MG_21Nov119-D06-L1_S176_L003_bin.11","MG_21Nov119-D06-L1_S176_L003_bin.3","MG_21Nov119-D06-L1_S176_L003_bin.8","MG_21Nov119-E05-L1_S181_L003_bin.1","MG_21Nov119-E05-L1_S181_L003_bin.16","MG_21Nov119-E05-L1_S181_L003_bin.2","MG_21Nov119-E05-L1_S181_L003_bin.7","MG_21Nov119-E07-L1_S224_L004_bin.20","MG_21Nov119-E07-L1_S224_L004_bin.5","MG_21Nov119-H08-L1_S241_L004_bin.1","MG_220900001374-D09_22Sep1374-D09-L1_S133_L002_bin.2","MG_220900001374-H06_22Sep1374-H06-L1_S146_L002_bin.5","MG_220900001374-H07_22Sep1374-H07-L1_S147_L002_bin.4","MT_21Nov119-A08-L1_S201_L004_bin.5","MT_21Nov119-A09-L1_S202_L004_bin.2","MT_21Nov119-B05-L1_S164_L003_bin.6","MT_21Nov119-B08-L1_S207_L004_bin.2","MT_21Nov119-C02-L1_S167_L003_bin.5","MT_21Nov119-D04-L1_S174_L003_bin.3","MT_21Nov119-D05-L1_S175_L003_bin.2","MT_21Nov119-D07-L1_S218_L004_bin.10","MT_21Nov119-D07-L1_S218_L004_bin.4","MT_21Nov119-D07-L1_S218_L004_bin.8","MT_21Nov119-E05-L1_S181_L003_bin.17","MT_21Nov119-E05-L1_S181_L003_bin.3","MT_21Nov119-E05-L1_S181_L003_bin.4","MT_21Nov119-E05-L1_S181_L003_bin.9","MT_21Nov119-E06-L1_S182_L003_bin.3","MT_21Nov119-E07-L1_S224_L004_bin.18","MT_21Nov119-E07-L1_S224_L004_bin.5","MT_21Nov119-E08-L1_S225_L004_bin.2","MT_21Nov119-F04-L1_S186_L003_bin.6","MT_21Nov119-F04-L1_S186_L003_bin.9","MT_21Nov119-G04-L1_S192_L003_bin.1","MT_21Nov119-G04-L1_S192_L003_bin.5","MT_21Nov119-H05-L1_S199_L003_bin.4","MT_21Nov119-H05-L1_S199_L003_bin.5","MT_21Nov119-H05-L1_S199_L003_bin.9","MT_220900001374-A06_22Sep1374-A06-L1_S120_L002_bin.3","MT_220900001374-A10_22Sep1374-A10-L1_S123_L002_bin.3","MT_220900001374-B05_22Sep1374-B05-L1_S10_L001_bin.1","MT_220900001374-B06_22Sep1374-B06-L1_S124_L002_bin.5","MT_220900001374-B10_22Sep1374-B10-L1_S126_L002_bin.5","MT_220900001374-C01_22Sep1374-C01-L1_S11_L001_bin.2","MT_220900001374-C06_22Sep1374-C06-L1_S127_L002_bin.1","MT_220900001374-D02_22Sep1374-D02-L1_S17_L001_bin.10","MT_220900001374-D02_22Sep1374-D02-L1_S17_L001_bin.6","MT_220900001374-D02_22Sep1374-D02-L1_S17_L001_bin.7","MT_220900001374-D04_22Sep1374-D04-L1_S19_L001_bin.3","MT_220900001374-H06_22Sep1374-H06-L1_S146_L002_bin.5","MT_220900001374-H07_22Sep1374-H07-L1_S147_L002_bin.10","MT_220900001374-H07_22Sep1374-H07-L1_S147_L002_bin.14","MT_220900001374-H07_22Sep1374-H07-L1_S147_L002_bin.2","MT_220900001374-H07_22Sep1374-H07-L1_S147_L002_bin.7","Pelomonas_AEP2-2","Pseudomonas_C2_2","Undibacterium_C1_1"
"1",1,"M00001","Glycolysis (Embden-Meyerhof pathway), glucose => pyruvate",1.22898162113848,1.35008479871463,1.80183459522423,2.18904355635384,1.47826754722777,2.22835582791016,1.79054672716544,2.04406086759028,0.136008160489629,1.55938664125444,1.02138658439988,2.06120183922626,1.64866521527763,1.42238518190726,2.33410454331402,3.17863954227591,1.62048290390536,1.54450377300207,4.23766483923544,1.27930720594386,1.37997019264384,1.82807929801755,1.42544901644018,2.21595487510073,1.33289270764486,1.94779898714453,1.12153810940719,1.85856333054549,1.66875260742595,2.38207732892354,1.60353050819582,2.86944045911047,0.241080038572806,2.12798297613619,2.33735878457343,1.91468992660355,4.49606594230049,1.88940672628795,2.29815683179349,1.62520879418536,2.01039137359338,2.34572356549982,3.43571056741281,3.40557275541796,2.87277701778386,1.5595195133268,2.44750382422473,2.19308933183878,1.17334167709637,1.66168162180126,3.46526146972908,1.40177388112958,2.67076183481338,1.98484301696139,1.48606811145511,2.82463556275432,2.30304193455523,2.33347475604582,1.8341824918944,1.9712140175219,1.26337550965717,2.18929677134012,1.82304326689353,1.53988296889436,2.06226063046254
"2",2,"M00002","Glycolysis, core module involving three-carbon compounds",1.36362529524923,1.42990545114976,1.999238385377,1.37013114112351,1.58164290018076,1.39077452895791,1.86254423542559,2.07900207900208,0.0889284126278346,1.26883425852498,0.872267349942758,1.74165457184325,1.54785925536914,1.44669945852106,1.31194944978447,2.93412880825468,2.22504767959313,2.22170927347221,1.55008719240457,1.12601743718431,1.85269844325209,2.2311942201445,1.73977879955263,2.45872848612575,1.41169691731489,1.66720696522021,1.49655791679138,1.98485032608255,1.70485542825968,1.85356811862836,2.15069180586422,3.12695434646654,0.157629255989912,1.62326906512953,1.78298522669384,1.8546853989892,5.22619630899886,1.97661011365508,2.91421285896424,1.47588405454867,1.84369558537335,1.34124835448697,2.45064669843431,2.08212839791787,5.36672629695886,1.65172251061822,1.96399345335516,2.29430883946211,1.0740589198036,1.80523518202788,3.67013706838439,1.71088299337866,2.24104310369918,1.98206701274186,1.61943319838057,3.25463656558351,1.53720667586899,2.34979276133285,2.0351302241066,1.6366612111293,1.40178727878045,2.77617119722383,1.29794447976266,2.21506242448651,1.57313471169899
"3",3,"M00003","Gluconeogenesis, oxaloacetate => fructose-6P",1.65814980629795,1.8064889081581,1.45862800565771,1.96898097661456,2.17580504786771,1.63991554434947,1.63067648366853,1.98565912851627,0.0550509221029452,1.26236061434883,1.21494380884884,1.84828648440508,1.88217579521927,1.53527289475704,1.34254885386107,2.75482093663912,1.77095631641086,1.92905369199443,0.959577785774259,1.42399075899703,2.23423745475669,2.10470928702973,1.84629586891299,2.44618395303327,1.78348492955235,1.40477623921333,1.33407448582546,2.031144211239,2.06855791962175,2.03990565436349,3.10655483069276,1.93573364305072,0.0975800156128025,1.66112956810631,1.57678965625985,2.00924251557163,3.2352643817612,1.9577852554298,3.00672755289961,1.53491941673062,3.25491936677023,1.35307594138721,2.69700800674252,1.67084377610693,3.32225913621262,1.69024665080756,1.80119329055499,1.93316763325048,1.13981762917933,1.82115436352724,3.33843371818055,1.48551621688537,2.1079941624777,2.1034180543383,1.87134502923977,3.16607502638396,1.57305989279888,3.55577105683173,1.61979752530934,1.95035460992908,1.70455425906126,2.86430361618332,1.32821723730815,1.92328240196602,1.60982590031004
"4",4,"M00004","Pentose phosphate pathway (Pentose phosphate cycle)",1.624986810172,1.06221547799697,1.11386138613861,2.88379983036472,1.0443864229765,2.81245515855933,1.47584457511818,1.38996138996139,1.92678227360308,3.00441826215022,3.11835577604536,2.76729559748428,0.862378727991376,1.28962923159592,0.835363731291333,2.54291163382072,1.10192837465565,1.22530632658165,5.44080604534005,1.56141084622891,1.25117297466375,2.48618784530387,1.43600789804344,0.951293759512937,1.04868913857678,0.642183423640377,3.26848249027237,2.10637177461822,2.06855791962175,1.56180276662204,2.23671947809879,1.4453477868112,0.546448087431694,1.60780935974734,1.37355898945303,2.89330922242315,1.13234253361642,1.02783725910064,1.84162062615101,1.2279355333845,3.46205059920107,1.93735873425896,3.77581120943953,3.90977443609023,1.86046511627907,0.730353491089687,1.41843971631206,1.54653410660039,2.65957446808511,2.3178328263074,4.67380720545277,1.38648180242634,1.8161180476731,1.43149284253579,2.29239766081871,2.14909335124244,1.33224578575313,2.80016970725499,1.13385826771654,1.91489361702128,1.75724048161406,2.00501253132832,1.12488521579431,1.2216404886562,1.55815247634947
"5",5,"M00005","PRPP biosynthesis, ribose 5P => PRPP",0.949667616334283,0.379362670713202,0.309405940594059,0.318066157760814,0.97911227154047,0.430477830391735,0.345901072293324,0.386100386100386,1.15606936416185,0.294550810014728,0,0.539083557951482,0.718648939992814,0.268672756582483,0.696136442742778,1.90718372536554,0.459136822773186,0.375093773443361,0.503778337531486,0.209117524048515,0.312793243665937,1.38121546961326,1.61550888529887,0.570776255707763,0.374531835205993,1.20409391932571,1.55642023346304,0.526592943654555,0.886524822695035,1.33868808567604,0.465983224603914,2.710027100271,2.04918032786885,0.861326442721792,0.367917586460633,0.602772754671489,1.06157112526539,0.428265524625268,0.789265982636148,0.767459708365311,0.443852640923213,0.322893122376493,0.589970501474926,0.50125313283208,2.32558139534884,0.438212094653812,0,0.828500414250207,0.332446808510638,0.434593654932638,0.973709834469328,0.288850375505488,0.378357926598562,0.613496932515337,0.701754385964912,1.34318334452653,0.815660685154976,0.424268137462877,0.31496062992126,0,0.325414904002603,0.75187969924812,0.68870523415978,0.37397157816006,0.834724540901502
"6",6,"M00006","Pentose phosphate pathway, oxidative phase, glucose 6P => ribulose 5P",0.42207449614857,0.0632271117855336,0.103135313531353,0.318066157760814,0.0543951261966928,0.286985220261157,0.230600714862216,0,0,0.589101620029455,0,0.359389038634322,0.0598874116660678,0.537345513164965,0.0580113702285648,0.211909302818394,0.0765228037955311,0.250062515628907,3.02267002518892,0.418235048097031,0.208528829110625,0.115101289134438,0,0,0.0624219725343321,0,1.16731517509728,0.175530981218185,0,0,0.310655483069276,0,0,0.287108814240597,0.245278390973755,0.100462125778581,0,0.285510349750178,0,0,0.66577896138482,0.645786244752987,1.17994100294985,1.67084377610693,0,0,0.0788022064617809,0,0.332446808510638,0.651890482398957,1.46056475170399,0.577700751010976,0,0,0.467836257309941,0.111931945377211,0.271886895051658,0.636402206194315,0.10498687664042,0.0886524822695035,0.488122356003905,0,0.229568411386593,0.24931438544004,0.278241513633834
"7",7,"M00007","Pentose phosphate pathway, non-oxidative phase, fructose 6P => ribose 5P",1.26622348844571,1.26454223571067,1.23762376237624,3.44571670907549,1.30548302872063,3.15683742287272,1.44125446788885,2.57400257400257,3.08285163776493,2.70004909180167,5.90597684857075,2.87511230907457,0.958198586657085,0.716460684219953,0.928181923657037,1.90718372536554,1.2243648607285,1.00025006251563,2.35096557514693,1.25470514429109,1.09477635283078,3.22283609576427,2.51301382157602,1.5220700152207,1.24843945068664,1.60545855910094,3.11284046692607,2.10637177461822,3.54609929078014,2.67737617135207,2.32991612301957,2.03252032520325,0.341530054644809,1.14843525696239,1.22639195486878,4.01848503114326,1.59235668789809,0.642398286937901,3.15706393054459,1.91864927091328,3.3288948069241,0.861048326337316,2.75319567354966,2.33918128654971,4.65116279069767,1.1685655857435,1.41843971631206,2.07125103562552,2.77039007092199,1.73837461973055,3.24569944823109,0.770267668014635,3.15298272165469,2.45398773006135,1.87134502923977,2.68636668905306,1.08754758020663,2.47489746853345,1.25984251968504,2.4822695035461,1.35589543334418,3.50877192982456,0.918273645546373,0.997257541760159,1.11296605453534
"8",8,"M00008","Entner-Doudoroff pathway, glucose-6P => glyceraldehyde-3P + pyruvate",1.51946818613485,0.682852807283763,0.742574257425743,0.763358778625954,0.587467362924282,0.516573396470082,1.10688343133864,0.0772200772200772,0,1.17820324005891,0,0.431266846361186,0.646784045993532,1.88070929607738,0.6265227984685,0.254291163382072,0.826446280991735,1.20030007501875,2.82115869017632,0.836470096194061,1.000938379731,0.138121546961326,0,0,0.674157303370786,0,0.622568093385214,1.26382306477093,0,0.133868808567604,1.49114631873253,0,0,1.37812230835487,1.17733627667402,0.120554550934298,0,1.37044967880086,0,0,1.42032845095428,0.258314497901195,2.3598820058997,1.20300751879699,0,0,0.0945626477541371,0,1.59574468085106,1.73837461973055,0.778967867575463,1.15540150202195,0,0,2.24561403508772,0.537273337810611,1.30505709624796,1.3576580398812,0.755905511811024,0,0.780995769606248,0,1.10192837465565,1.19670905011219,1.3355592654424
"9",9,"M00009","Citrate cycle (TCA cycle, Krebs cycle)",3.96414285303174,2.93143881914747,2.86903690369037,2.66018968309045,2.84832660811773,2.49481469886119,3.73415930316657,3.47490347490348,5.88544403573305,1.68697282099344,4.51001868436312,3.72457730948297,3.3809166040571,2.41805480924234,2.68961807423346,3.2942264347223,3.17221804825111,2.75352929141376,6.80100755667506,3.07022546671229,2.90044644126596,4.47325464590658,3.08415332647966,2.52957658779577,3.0388151174668,3.48913578895517,4.51008135833039,3.2313657906075,4.59381044487427,4.56370938298649,2.2240108447005,6.40551860064055,0.18628912071535,2.97549134758437,3.51194059803331,4.93177708367582,5.06658946149392,3.11465836091104,4.26921145153189,6.22688899741854,2.2596134447,5.81207620277688,2.21238938053097,2.87081339712919,0.0528541226215645,3.18699705202773,4.01891252955083,5.44174135723431,2.29690522243714,3.02240132748607,4.31530494821634,2.83598550496297,3.21604237608778,3.97378694924707,4.30622009569378,3.41901214970389,2.966038855109,2.60346357079492,3.04223335719399,1.63201160541586,3.26894062657161,3.77648667122351,2.75482093663912,2.7452913578568,2.88359386856883
"10",10,"M00010","Citrate cycle, first carbon oxidation, oxaloacetate => 2-oxoglutarate",1.3849319404875,0.948406676783004,1.93378712871287,0.795165394402036,1.14229765013055,0.484287559190702,0.86475268073331,0.723938223938224,1.30057803468208,0.331369661266568,1.06307583274274,1.07816711590296,1.57204455623428,1.00752283718431,0.522102332057083,1.43038779402416,1.14784205693297,1.1721680420105,4.09319899244332,1.88205771643664,0.781983109164842,1.29488950276243,0.605815831987076,0.856164383561644,0.936329588014981,1.50511739915713,2.33463035019455,1.05318588730911,3.10283687943262,1.50602409638554,0.524231127679403,0.677506775067751,0,1.07665805340224,1.1037527593819,3.76732971669681,1.59235668789809,1.07066381156317,1.97316495659037,1.91864927091328,0.499334221038615,1.61446561188247,0.663716814159292,1.50375939849624,0.290697674418605,0.876424189307625,1.06382978723404,1.65700082850041,0.498670212765957,1.62972620599739,1.09542356377799,1.26372039283651,0.709421112372304,2.30061349693252,1.31578947368421,0.755540631296172,1.01957585644372,0.636402206194315,1.96850393700787,0.531914893617021,1.09827530100879,1.12781954887218,1.20523415977961,1.16866118175019,1.04340567612688
"11",11,"M00011","Citrate cycle, second carbon oxidation, 2-oxoglutarate => oxaloacetate",2.70831135028666,2.05488113302984,1.44389438943894,1.90839694656489,1.84943429068755,2.0088965418281,2.8825089357777,2.73487773487774,4.59216441875401,1.35002454590083,3.46483975116151,2.69541778975741,2.07609693775702,1.55233148247657,2.16575782186642,2.06611570247934,2.14263850627487,1.75043760940235,3.63839910439407,1.6613225521632,2.14610919959684,3.22283609576427,2.46813857476216,1.74403855910705,2.16396171452351,2.2075055187638,2.61565067012538,2.25264759230004,2.36406619385343,3.12360553324409,1.70860515688102,5.79644685335742,0.227686703096539,2.00976169968418,2.45278390973755,2.3441162681669,3.56805850436424,2.14132762312634,2.63088660878716,4.43421164833291,1.76308132366721,4.26936461808919,1.5732546705998,1.67084377610693,0,2.337131171487,2.94194904123982,3.88934916689681,1.80075354609929,1.73837461973055,3.24569944823109,1.77322036074202,2.50136629251272,2.21540558963872,3.04093567251462,2.66771136482352,2.03915171288744,1.97991797482676,1.5748031496063,1.13770685579196,2.15135408757277,2.71512113617377,1.72176308539945,1.74520069808028,1.94769059543684
"12",12,"M00012","Glyoxylate cycle",1.81300181300181,1.24155055869775,2.16584158415842,1.04094378903539,0.830761927367672,0.978358705435761,1.13203987295997,0.842400842400842,0.945874934314241,0.803320390949257,1.61072095870111,1.76427346238667,1.8292882108908,1.02584143422402,0.791064139480429,1.38704270935676,1.50262960180316,1.22757962217827,3.84703457751317,1.59689745637048,1.02368697927034,1.25565042692115,0.440593332354237,1.55666251556662,1.22574055158325,2.29872475507635,1.4149274849664,1.723395088324,1.61186331399097,0.730193501277839,0.677793781242057,0.492732200049273,0.18628912071535,1.64435048155978,1.50511739915713,2.19190092607814,0.868558193398958,1.16799688534164,1.43502905933845,1.39538128793693,0.645603841342856,1.58511169166642,0.643604183427192,0.911369332421964,0,1.43414867341248,1.03159252095422,1.20509151163666,0.725338491295938,1.65935759156098,0.796671682747632,1.10288325193005,0.825508203487772,0.892359174567763,2.23285486443381,0.549484095488125,1.33471748479905,0.617117290855093,2.40515390121689,0.725338491295938,1.18332692364583,0.820232399179768,1.50262960180316,1.22390698306929,1.59356503263014
"13",13,"M00013","Malonate semialdehyde pathway, propanoyl-CoA => acetyl-CoA",0.271333604666938,0.325168003468459,0.0442008486562942,0.181752090149037,0.186497575531518,0.184490498739315,0.197657755596185,0.0551571980143409,0,0.168314748579844,0.10124531740407,0.0770119368502118,0.307992402854063,0.383818223689261,0.198896126497936,0.0908182726364545,0.393545848091303,0.53584824777623,1.07952500899604,0.238991456055446,0.178738996380535,0,0,0.326157860404436,0.321027287319422,0.0860067085232648,1.00055586436909,0.0752275633792222,0.506585612968592,0.0956205775482884,0.0665690320862735,0,0,0.184569952011812,0.210238620834647,0.0861103935244984,0,0.367084735393087,0,0.438548404780178,0.0634075201318876,1.10706213386226,0,0,0,0.25040691123075,0.540357987166498,0.473428808142975,0.379939209726444,0.124169615695039,0,0.412643393579269,0.108102264742446,0,0.100250626566416,0.0959416674661806,0.233045910044279,0.0606097339232681,0.0449943757030371,0,0.41839059086049,0,0.196772924045651,0.534245111657228,0.178869544478893
"14",14,"M00014","Glucuronate pathway (uronate pathway)",0.0263796560092856,0.126454223571067,0.103135313531353,0.106022052586938,0.108790252393386,1.72191132156694,0.057650178715554,0.128700128700129,0.0963391136801541,0.220913107511046,0,0.179694519317161,0.0299437058330339,0.0447787927637471,0.0290056851142824,0.158931977113795,0.153045607591062,0,0.629722921914358,0.418235048097031,0.0260661036388281,0.0575506445672192,0.134625740441572,0.0475646879756469,0.124843945068664,0,0.0648508430609598,0.0438827453045463,0,0.334672021419009,0.155327741534638,0.338753387533875,0,0.143554407120299,0.183958793230316,0.452079566003617,0.0884642604387827,0.0356887937187723,0.065772165219679,0,0.554815801154017,0.403616402970617,0.737463126843658,0.50125313283208,0.193798449612403,0.0365176745544844,0.157604412923562,0.0690417011875173,0.249335106382979,0.144864551644213,0,0.072212593876372,0.126119308866187,0.102249488752556,0.0584795321637427,0.223863890754421,0.0339858618814573,0.318201103097157,0.10498687664042,0,0.162707452001302,0.06265664160401,0.114784205693297,0.031164298180005,0.139120756816917
"15",15,"M00015","Proline biosynthesis, glutamate => proline",0.712250712250712,0.853566009104704,0.696163366336634,0.715648854961832,0.734334203655353,0.968575118381403,0.778277412659979,0.868725868725869,0,1.32547864506627,2.12615166548547,1.21293800539084,0.808480057491915,0.604513702310586,0.783153498085625,0,1.03305785123967,0.843960990247562,1.13350125944584,0.470514429109159,0.703784798248358,0,0.134625740441572,1.28424657534247,0.842696629213483,1.35460565924142,0.194552529182879,0.526592943654555,2.65957446808511,0.167336010709505,1.04846225535881,0.338753387533875,0,0.968992248062015,0.827814569536424,0.150693188667872,0,0.963597430406852,0.197316495659037,0.191864927091328,1.33155792276964,0.96867936712948,0.147492625368732,1.50375939849624,0,0.985977212971078,1.06382978723404,0.414250207125104,0.748005319148936,0.977835723598436,2.19084712755599,0.649913344887348,0.378357926598562,0.153374233128834,1.57894736842105,0,0.917618270799347,1.27280441238863,0.708661417322835,0.132978723404255,0.732183534005857,0,0.774793388429752,0.841436050860135,0.93906510851419
"16",16,"M00016","Lysine biosynthesis, succinyl-DAP pathway, aspartate => lysine",3.97955953511509,3.5226533709083,3.88967468175389,2.49909123954926,2.79746363297277,3.87430047352561,2.71779413944755,3.86100386100386,2.97274979355904,3.21901956658952,5.46724713981978,3.81209087408548,3.33658436425235,3.37760036846549,2.98344189746905,1.13522840795568,3.93545848091303,3.83131497160004,3.88629003238575,2.24054490051981,3.35135618213504,3.55169692186267,3.07715978152166,4.89236790606654,3.47779561262707,3.87030188354692,2.72373540856031,3.7237643872715,4.55927051671732,4.73321858864028,3.32845160431367,6.19434765776229,7.17213114754098,4.39891718961486,2.8907810364764,5.03745802118316,3.71549893842887,1.9271948608137,4.56646747096629,5.4270365091547,3.48741360725382,5.07403478020204,6.06826801517067,6.12244897959184,0.664451827242525,3.13008639038437,2.16143194866599,3.7874304651438,6.41147416413374,4.43906376109766,1.73876756155237,4.53907732937196,4.05383492784174,2.8045574057844,2.45614035087719,4.31737503597813,3.20438126310883,3.63658403539608,3.95950506186727,2.46960486322188,4.1839059086049,6.76691729323308,2.70562770562771,3.81985254834918,4.26305747674696
"17",17,"M00017","Methionine biosynthesis, aspartate => homoserine => methionine",3.58763321726285,2.02326757713708,2.47524752475248,1.18744698897371,2.088772845953,3.44382264313388,1.29136400322841,3.08880308880309,0.308285163776493,2.06185567010309,2.26789510985117,3.95327942497754,2.49131632530842,2.14938205265986,1.67072746258267,0.508582326764145,2.20385674931129,1.80045011252813,3.32493702770781,1.78446953854733,2.001876759462,2.57826887661142,2.26171243941842,3.0441400304414,1.99750312109863,1.20409391932571,0.622568093385214,1.72020361593821,2.83687943262411,2.81124497991968,1.95712954333644,0.3613369467028,0.546448087431694,3.73241458512776,1.37355898945303,5.4249547920434,0.0707714083510262,1.598857958601,4.6303604314654,0.20465592223075,1.8641810918775,1.93735873425896,5.66371681415929,5.34670008354219,0.155038759689922,2.1034180543383,1.54452324665091,0.220933443800055,4.38829787234043,4.51977401129944,0.259655955858487,2.88850375505488,3.0268634127885,2.29038854805726,2.24561403508772,4.65636892769196,1.52256661228929,1.78192617734408,2.30971128608924,1.95035460992908,3.12398307842499,7.66917293233083,1.28558310376492,1.79506357516829,3.61713967723984
"18",18,"M00018","Threonine biosynthesis, aspartate => homoserine => threonine",1.84657592064999,0.948406676783004,1.44389438943894,0.662637828668363,1.30548302872063,1.50667240637107,0.720627233944425,0.965250965250965,0.385356454720617,0.981836033382425,1.47649421214269,1.61725067385445,1.04802970415619,1.6120365394949,0.72514212785706,0.211909302818394,0.956535047444138,2.25056264066016,2.05709487825357,0.697058413495051,0.781983109164842,0.920810313075506,0.53850296176629,2.66362252663623,0.936329588014981,0.602046959662854,0.259403372243839,1.09706863261366,2.58569739952719,2.67737617135207,0.621310966138552,0.4516711833785,0.683060109289617,2.00976169968418,0.766494971792985,3.51617440225035,0.0884642604387827,1.74875089221984,1.05235464351486,0.383729854182655,0.591803521230951,1.72209665267463,3.78564405113078,2.92397660818714,0.775193798449612,0.912941863862109,0.630417651694247,0.276166804750069,0.969636524822695,2.60756192959583,0.324569944823109,2.50336992104756,1.10354395257914,0.460122699386503,0.935672514619883,3.91761808820237,0.849646547036433,0.565690849950502,1.46981627296588,0.797872340425532,0.67794771667209,6.57894736842105,0.717401285583104,2.24382946896036,1.94769059543684
"19",19,"M00019","Valine/isoleucine biosynthesis, pyruvate => valine / 2-oxobutanoate => isoleucine",2.11037248074285,2.21294891249368,2.06270627062706,1.59033078880407,3.26370757180157,2.51112067728512,2.8825089357777,5.14800514800515,0.192678227360308,3.19096710849288,4.13418379399953,3.14465408805031,2.39549646664271,1.56725774673115,2.32045480914259,0.317863954227591,2.29568411386593,1.8754688672168,2.93870696893367,2.43970444723268,2.34594932749453,0.230202578268877,0.17950098725543,0.190258751902588,2.49687890137328,3.01023479831427,0.12970168612192,2.19413726522731,2.36406619385343,0.223114680946006,2.71823547685617,0,0,1.43554407120299,1.47167034584253,4.52079566003617,0,1.78443968593862,0.263088660878716,0,2.95901760615476,2.15262081584329,4.91642084562439,2.92397660818714,0,2.19106047326906,3.15208825847124,1.10466721900028,3.32446808510638,1.81080689555266,0,1.92566917003659,4.035817883718,3.57873210633947,3.50877192982456,0.223863890754421,1.63132137030995,3.18201103097157,2.36220472440945,2.4822695035461,3.52532812669487,0.25062656641604,1.37741046831956,1.55821490900025,1.39120756816917
"20",20,"M00020","Serine biosynthesis, glycerate-3P => serine",0.949667616334283,0.758725341426404,0.618811881188119,0.795165394402036,1.30548302872063,0.717463050652891,0.86475268073331,2.05920205920206,0,0.589101620029455,0.70871722182849,1.34770889487871,0.898311174991017,0.716460684219953,0.696136442742778,0.847637211273575,1.14784205693297,1.00025006251563,1.00755667506297,0.731911334169803,1.25117297466375,0.920810313075506,0.53850296176629,0.0951293759512938,0.749063670411985,0.401364639775236,0.518806744487678,0.35106196243637,1.32978723404255,0.892458723784025,0.698974836905871,0.22583559168925,0,0.645994832041344,1.1037527593819,0.602772754671489,0,0.642398286937901,0.789265982636148,0.127909951394218,0.887705281846427,0.807232805941233,0.294985250737463,1.16959064327485,0,0.876424189307625,0.945626477541371,0.138083402375035,0.831117021276596,0.651890482398957,0.162284972411555,0.962834585018294,1.13507377979569,0.613496932515337,1.05263157894737,1.34318334452653,0.815660685154976,0.848536274925753,0.62992125984252,0.0886524822695035,0.542358173337672,0.75187969924812,0.68870523415978,0.997257541760159,0.626043405676127
"21",21,"M00021","Cysteine biosynthesis, serine => cysteine",0.506489395378284,0.455235204855842,0.742574257425743,0.508905852417303,0.261096605744125,0.172191132156694,0.207540643375995,0.617760617760618,0,0.589101620029455,1.13394755492558,0.431266846361186,0.718648939992814,0.644814615797958,0.278454577097111,1.01716465352829,0.367309458218549,0.450112528132033,0.403022670025189,0.250941028858218,0.500469189865499,0,0,0.684931506849315,0.449438202247191,0.481637567730283,0.155642023346304,0.210637177461822,1.77304964539007,0,0.559179869524697,0.2710027100271,0,0.516795865633075,0.294334069168506,0.964436407474382,0,0.685224839400428,0.947119179163378,0.153491941673062,0.710164225477142,0.387471746851792,0.23598820058997,0.100250626566416,0,0.525854513584575,0.567375886524823,0.165700082850041,0.531914893617021,0.521512385919166,0,0.462160600808781,0.454029511918275,0.122699386503067,0.842105263157895,1.07454667562122,0.32626427406199,0.509121764955452,0.755905511811024,0.106382978723404,0.911161731207289,0.601503759398496,0.275482093663912,0.448765893792072,0.500834724540902
"22",22,"M00022","Shikimate pathway, phosphoenolpyruvate + erythrose-4P => chorismate",1.3849319404875,1.49374051593323,1.85643564356436,1.39153944020356,1.28508485639687,1.1300043047783,1.21065375302663,1.73745173745174,0,1.49116347569956,4.25230333097094,1.88679245283019,1.25763564498742,1.52807630306287,1.21823877479986,0.993324856961221,1.29132231404959,1.47693173293323,2.51889168765743,1.28084483479716,1.64216452924617,2.1149861878453,1.21163166397415,0.321061643835616,1.4747191011236,1.58037326911499,3.11284046692607,2.96208530805687,2.21631205673759,1.50602409638554,2.35904007455732,0.0846883468834688,0.128073770491803,1.93798449612403,1.28771155261221,1.58227848101266,0,0.535331905781585,1.77584846093133,2.35034535686876,2.49667110519308,2.90603810138844,1.32743362831858,1.69172932330827,0,1.3420245398773,1.6548463356974,3.72825186412593,2.43101728723404,1.52107779226423,6.69425511197663,1.39009243212016,2.08096859629209,2.14723926380368,2.14912280701754,1.51108126259234,1.42740619902121,2.14785744590581,1.73228346456693,0.531914893617021,2.19655060201757,1.97368421052632,1.20523415977961,1.30890052356021,1.87813021702838
"23",23,"M00023","Tryptophan biosynthesis, chorismate => tryptophan",1.17311882017764,1.24966526823172,1.14662201514269,1.64646011076186,1.0751036707111,3.41850041781672,1.13943882637801,1.45355439473087,0,1.10889716711427,3.75203235085671,2.53686380212462,1.47957134704403,0.885039668742295,1.00325546159989,0.037395759320893,1.51245071031167,1.23560301840166,1.24462883390132,0.774964942062145,1.15917496182082,0.16249593760156,0.19005986885869,0,1.23375192773739,1.98321351418352,2.24307621881437,1.73465910850912,1.87734668335419,0.0393731789904717,2.22027301134806,0,0,1.41865531742413,1.06046833744535,2.55291990213807,0,1.20922030482429,3.3427735735178,2.52810256873279,2.11482728910472,1.67144675112538,3.33159812597605,2.35883827215097,0,1.62396246842295,1.94687804199694,3.0703250645743,0.704005006257822,0.920315975151469,2.80657540523512,0.951507119312196,1.60245710088803,2.88704438830747,2.31166150670795,0.0395053924860743,1.17551098742923,2.02151289026429,1.16720704029643,1.75219023779725,1.91420531766237,0.0442282176028306,0.992545778642035,1.23190637511549,1.37484042030836
"24",24,"M00024","Phenylalanine biosynthesis, chorismate => phenylpyruvate => phenylalanine",0.219154065307911,0.116726975604062,0.285605483625286,0.293599530240752,0.150632657160072,0.298023113348124,0.159646648750765,0.118800118800119,0,0.203919791548658,0.0545167093714223,0.373211693966411,0.11056137538351,0.124002810730377,0.160646871402179,0.0489021468042447,0.141272868545596,0.173120203127705,0.155008719240457,0.193031560660168,0.0962440749741344,0.0531236719082023,0.0414233047512531,0,0.115240564678767,0.0463113045894503,0,0.162028598047555,0.613747954173486,0.0514880032952322,0.322603770879633,0,0,0.397535281256212,0.169808116827984,0.18546853989892,0,0.197661011365508,0.242851071580353,0,0.307282597562225,0.223541392414495,0.181529385069208,0.231347599768652,0,0.303377603991101,0.0363702491362066,0,0.230155482815057,0.133721124594658,0.0749007564976406,0.13331555792561,0.0582089117843942,0.283152430391694,0.215924426450742,0.0516608978664049,0.188229388881917,0.522176169185079,0.290732889158086,0,0.100127662770032,0.231347599768652,0.158931977113795,0.172602266843105,0.385257480416078
"25",25,"M00025","Tyrosine biosynthesis, chorismate => HPP => tyrosine",0.237416904083571,0.284522003034901,0.309405940594059,0.53011026293469,0.326370757180157,0.322858372793801,0.345901072293324,0,0,0.220913107511046,0.0590597684857075,0.404312668463612,0.269493352497305,0.134336378291241,0.348068221371389,0.0529773257045984,0.34435261707989,0.18754688672168,0.0419815281276238,0.209117524048515,0.234594932749453,0.0575506445672192,0.0448752468138575,0,0.280898876404494,0.0501705799719045,0,0.175530981218185,0.664893617021277,0.0557786702365016,0.349487418452936,0,0,0.430663221360896,0.367917586460633,0.200924251557163,0,0.214132762312634,0.065772165219679,0,0.33288948069241,0.322893122376493,0.196656833824975,0.0835421888053467,0,0.328659070990359,0.157604412923562,0,0.0277039007092199,0.325945241199478,0.0811424862057773,0.144425187752744,0,0.102249488752556,0.0584795321637427,0.0559659726886053,0.407830342577488,0.565690849950502,0.31496062992126,0.0443262411347518,0.0271179086668836,0.06265664160401,0.34435261707989,0.18698578908003,0.417362270450751
"26",26,"M00026","Histidine biosynthesis, PRPP => histidine",2.84900284900285,3.1866464339909,2.97029702970297,2.86259541984733,2.93733681462141,4.02496771416272,2.90556900726392,2.77992277992278,0,3.82916053019146,8.75265768958186,3.23450134770889,3.01832554796982,4.32563138097797,2.71493212669683,0,3.85674931129477,5.25131282820705,4.23173803526448,2.50941028858218,3.75351892399124,0,3.23101777059774,0.45662100456621,3.14606741573034,3.61228175797712,0.155642023346304,4.42338072669826,7.97872340425532,0,5.87138863000932,0,0,4.1343669250646,3.97350993377483,3.31525015069319,0,4.17558886509636,3.94632991318074,0.613967766692249,5.59254327563249,4.52050371327091,2.12389380530973,3.25814536340852,0,4.46976336546889,3.97163120567376,0.165700082850041,3.39095744680851,2.39026510212951,0,3.84170999422299,2.2890654559213,3.86503067484663,4.91228070175439,0,3.4257748776509,5.34577853203224,3.02362204724409,2.12765957446809,5.01138952164009,0,3.71900826446281,5.75916230366492,4.00667779632721
"27",27,"M00027","GABA (gamma-Aminobutyrate) shunt",0.593542260208927,0.426783004552352,0.0773514851485149,0.477099236641221,0.489556135770235,0.0538097287989669,0.259425804219993,0.193050193050193,0.144508670520231,1.32547864506627,0.0885896527285613,0.0673854447439353,0.53898670499461,0.268672756582483,0.522102332057083,0,0.516528925619835,0.18754688672168,1.32241813602015,0.261396905060644,0.821082264623084,0.0863259668508287,0,0.285388127853881,0.421348314606742,0,0.0972762645914397,0.0658241179568194,0,0,0.524231127679403,0,0,0.107665805340224,0.0459896983075791,0.0753465943339361,0,0.107066381156317,0,0.191864927091328,0.832223701731025,0.96867936712948,0,0,0,0.0547765118317266,0,0.103562551781276,0.997340425531915,0.0543242068665797,0,0.216637781629116,0.189178963299281,0,0.087719298245614,0.083948959032908,0.050978792822186,0.477301654645736,0.078740157480315,0,0.488122356003905,0,0.0430440771349862,0.18698578908003,0.0521702838063439
"28",28,"M00028","Ornithine biosynthesis, glutamate => ornithine",1.10794555239,0.853566009104704,0.696163366336634,0.715648854961832,0.734334203655353,0.538097287989668,0.778277412659979,1.3030888030888,0,1.15979381443299,2.12615166548547,0.673854447439353,1.25763564498742,2.01504567436862,0.783153498085625,0.0397329942784488,1.20523415977961,1.89891222805701,0.0314861460957179,0.823400250941029,0.821082264623084,0.0431629834254144,0.134625740441572,1.28424657534247,0.842696629213483,0.602046959662854,0,1.18483412322275,1.66223404255319,0.0418340026773762,1.39794967381174,0,0,0.968992248062015,0.965783664459161,0.904159132007233,0.066348195329087,1.49892933618844,0.0493291239147593,0.0479662317728319,1.33155792276964,0.988860187278011,0.884955752212389,0.469924812030075,0,0.985977212971078,1.89125295508274,0,0.997340425531915,0.434593654932638,0,2.11221837088388,1.65531592886871,0.0383435582822086,1.09649122807018,0.041974479516454,0.917618270799347,1.27280441238863,0.708661417322835,0.398936170212766,0.813537260006508,0.093984962406015,0.774793388429752,1.8932311144353,1.27817195325543
"29",29,"M00029","Urea cycle",1.26622348844571,1.26454223571067,0.464108910891089,0.848176420695505,1.08790252393386,0.286985220261157,1.15300357431108,0.579150579150579,0,1.37457044673539,1.06307583274274,0.808625336927224,0.958198586657085,0.537345513164965,1.1602274045713,0,1.53045607591062,0.750187546886722,0.755667506297229,1.11529346159208,0.834115316442498,0.115101289134438,0.089750493627715,1.5220700152207,1.24843945068664,0.401364639775236,0,0.789889415481833,0.147754137115839,0.111557340473003,1.2426219322771,0,0,1.14843525696239,1.22639195486878,0.401848503114326,0,0.642398286937901,0.131544330439358,0,1.47950880307738,0.48433968356474,0.393313667649951,0.50125313283208,0,0.657318141980719,0.709219858156028,0.138083402375035,0.664893617021277,0.651890482398957,0,0.577700751010976,0.567536889897843,0.408997955010225,1.40350877192982,0,1.08754758020663,1.131381699901,0.47244094488189,0.177304964539007,1.51860288534548,0,0.918273645546373,0.56095736724009,1.11296605453534
"30",30,"M00030","Lysine biosynthesis, AAA pathway, 2-oxoglutarate => 2-aminoadipate => lysine",0.0351728746790475,0,0,0,0,0.0478308700435261,0.038433452477036,0,0,0.0654557355588283,0,0.0598981731057203,0.0399249411107119,0,0.0386742468190432,0.565091474182383,0,0.0416770859381512,0,0.023235280449835,0,0.306936771025169,0.239334649673907,0,0,0,0,0,0,0.297486241261342,0.103551827689759,0,0,0.0478514690400995,0,0.267899002076217,0,0,0.350784881171621,0,0.0986339202051585,0,0,0,0,0,0,0,0,0,0,0.0320944861672765,0,0.27266530334015,0.0779727095516569,0.298485187672562,0.0453144825086097,0.0942818083250837,0,0.0591016548463357,0.0361572115558448,0.334168755221387,0.0382614018977655,0.04155239757334,0.046373585605639
"31",31,"M00031","Lysine biosynthesis, mediated by LysW, 2-aminoadipate => lysine",0,0,0,0,0,0,0,0,0,0,0,0,0,0,0,0,0,0,0,0,0,0,0,0,0,0,0,0,0,0,0,0,0,0,0,0,0,0,0,0,0,0,0,0,0,0,0,0,0,0,0,0,0,0,0,0,0,0,0,0,0,0,0,0,0
"32",32,"M00032","Lysine degradation, lysine => saccharopine => acetoacetyl-CoA",0.604333937667271,0.51731273279073,0.421917191719172,0.520471894517696,0.623071445525754,0.587015223261456,0.660356592559982,0.526500526500526,0.630583289542827,0.321328156379703,0.773146060176535,0.735113942661112,0.489987913631464,0.293097552635435,0.474638483688257,0.866901693347974,0.584355956256783,0.409193207392757,0.961758644378292,0.342192312079389,0.682457986180226,0.941737820190859,1.17491555294463,0.62266500622665,0.612870275791624,0.328389250725193,0.636717368234878,0.478720857867777,1.45067698259188,0.912741876597298,0.508345335931543,0.73909830007391,0.18628912071535,0.704721634954193,0.602046959662854,0.986355416735163,0.38602586373287,0.233599377068328,1.07627179450384,1.0465359659527,0.484202881007142,0.880617606481345,0.53633681952266,0.182273866484393,0,0.597561947255199,0.257898130238556,0.301272877909166,0.453336557059961,0.355576626763067,0.708152606886784,0.393886875689302,0.206377050871943,1.00390407138873,0.76555023923445,0.915806825813542,0.667358742399525,0.57854746017665,0.515390121689334,0.386847195357834,0.532497115640624,1.23034859876965,0.563486100676183,0.407968994356429,0.682956442555775
"33",33,"M00033","Ectoine biosynthesis, aspartate => ectoine",0.759734093067426,0.682852807283763,0.371287128712871,0.254452926208651,0.587467362924282,0.344382264313388,0.276720857834659,0.463320463320463,0.92485549132948,0.235640648011782,0.566973777462792,0.431266846361186,0.862378727991376,0.644814615797958,0.278454577097111,0.508582326764145,0.826446280991735,0.450112528132033,0.403022670025189,0.167294019238812,0.563027838598686,0.552486187845304,0.646203554119548,0.684931506849315,0.674157303370786,0.240818783865141,0.622568093385214,0.421274354923644,0.709219858156028,0.803212851405623,0.372786579683131,1.0840108401084,1.63934426229508,0.516795865633075,0.294334069168506,0.482218203737191,0.212314225053079,0.0856531049250535,0.631412786108919,0.153491941673062,0.798934753661784,1.61446561188247,0.943952802359882,0.601503759398496,0.465116279069767,0.35056967572305,0.378250591016548,0.165700082850041,0.997340425531915,0.521512385919166,0.778967867575463,0.346620450606586,0.454029511918275,0.49079754601227,0.140350877192982,0.537273337810611,0.32626427406199,0.763682647433178,0.377952755905512,0.851063829787234,0.260331923202083,0.601503759398496,0.275482093663912,0.448765893792072,0.500834724540902
"34",34,"M00034","Methionine salvage pathway",0.949667616334283,0.474203338391502,0.928217821782178,0.715648854961832,0.489556135770235,0.344382264313388,0.691802144586648,0.482625482625483,0.23121387283237,0.368188512518409,1.06307583274274,0.323450134770889,0.970176068990298,1.6120365394949,0.6265227984685,0.317863954227591,1.10192837465565,1.05026256564141,0.906801007556675,0.627352572145546,0.563027838598686,0.414364640883978,0.323101777059774,0.713470319634703,0.468164794007491,2.16736905478627,0.350194552529183,0.421274354923644,0.177304964539007,0.0334672021419009,0.372786579683131,0.0677506775067751,0.102459016393443,0.968992248062015,0.588668138337012,0.361663652802893,0.318471337579618,1.19914346895075,0.15785319652723,0.0383729854182655,0.443852640923213,0.322893122376493,0.0294985250737463,0.100250626566416,0,1.38036809815951,2.26950354609929,0.165700082850041,0.69813829787234,1.39069969578444,3.50535540408958,0.606585788561525,0.378357926598562,1.50306748466258,0.210526315789474,0.302216252518469,0.65252854812398,0.339414509970301,1.03937007874016,0.319148936170213,0.406768630003254,0.150375939849624,1.32575757575758,1.04712041884817,0.93906510851419
"35",35,"M00035","Methionine degradation",0.593542260208927,0.189681335356601,0.464108910891089,0.159033078880407,0.97911227154047,0.968575118381403,0.172950536146662,0.579150579150579,0.289017341040462,0.147275405007364,1.77179305457123,0.404312668463612,0.404240028745958,0.302256851155293,0.391576749042812,3.17863954227591,0.516528925619835,0.421980495123781,0.755667506297229,0.23525721455458,0.156396621832968,0.776933701657459,1.61550888529887,0.642123287671233,0.187265917602996,1.50511739915713,1.4591439688716,0.263296471827278,0.997340425531915,3.34672021419009,0.698974836905871,0,0,1.50732127476314,0.689845474613687,1.35623869801085,0.530785562632696,0.214132762312634,1.18389897395422,0.863392171910975,0.221926320461607,0.807232805941233,1.47492625368732,1.50375939849624,0,0.219106047326906,0.531914893617021,1.24275062137531,0.498670212765957,0.0543242068665797,0,0.144425187752744,0.567536889897843,0.690184049079755,0.175438596491228,2.01477501678979,0.203915171288744,0.477301654645736,0.47244094488189,0.531914893617021,0.366091767002929,1.8796992481203,0.516528925619835,0.18698578908003,0.834724540901502
"36",36,"M00036","Leucine degradation, leucine => acetoacetate + acetyl-CoA",5.04054350208196,2.65553869499241,2.66565118050267,3.71892738304952,6.90399678650331,1.32454717043611,4.04438176835271,5.46480546480547,0.533570475767008,2.06185567010309,2.61680204982827,0.995231183910429,3.98020951380635,2.79006324143347,3.21293742804359,1.95608587216979,3.95564031927668,3.23157712505049,1.356326293354,5.01882057716437,5.19718004860326,2.86867828304292,2.07116523756265,3.51246926589392,2.82339383462979,0.740980873431205,2.9332535169111,5.18491513752177,0.545553737043099,1.80208011533313,3.44110688938275,0.208463623097769,0.157629255989912,3.01464254952627,6.8489273787287,2.08652107386285,0.0816593173281071,0.691813539779279,2.12494687632809,2.83369738473346,0.819420260165933,7.15332455726385,3.26752893124575,1.15673799884326,0,5.12371064518304,3.92798690671031,2.29430883946211,3.45233224222586,2.70785277304182,0.898809077971688,4.15500155534818,3.66716144241683,2.35960358659745,6.47773279352227,2.0664359146562,5.01945037018447,7.04937828399857,2.90732889158086,1.30932896890344,4.731032065884,2.60266049739734,4.50307268489087,3.45204533686209,2.92153589315526
"37",37,"M00037","Melatonin biosynthesis, animals, tryptophan => serotonin => melatonin",0,0,0,0,0,0,0,0,0,0.0736377025036819,0,0,0,0,0,0,0,0,0,0,0,0,0,0,0,0,0,0,0,0,0,0,0,0,0,0,0,0,0,0,0.110963160230803,0,0,0,0,0,0,0,0,0,0,0,0,0,0,0,0.101957585644372,0,0,0,0,0,0.0860881542699724,0,0
"38",38,"M00038","Tryptophan metabolism, tryptophan => kynurenine => 2-aminomuconate",0.460444904889349,0.310387639674438,0.337533753375337,0.722877631274578,0.474721101352955,0.0391343482174304,0.503128832426653,0.0351000351000351,0,0.240996117284777,0,0.0490075961774075,0.816646522719106,0.732743881588589,0.506281049267475,1.15586892446397,0.375657400450789,0,0.412182276162125,0.760427360176419,0.853072482725282,2.6368658965344,2.34983110588926,0.20755500207555,0.306435137895812,0.218926167150129,0.0707463742483198,0.0478720857867777,0,2.55567725447243,0.169448445310514,0,0,0.469814423302795,0.535152853033648,0.657570277823442,0,0,1.14802324747076,0,0.363152160755356,1.05674112777761,0.321802091713596,0.182273866484393,0,0.0398374631503466,0.042983021706426,0,1.36000967117988,0.0395085140847853,0,0.787773751378604,0.0343961751453238,2.34244283324038,0,0.976860614201111,0.5932077710218,0.34712847610599,0.343593414459556,0.0483558994197292,0.177499038546875,1.09364319890636,0.500876533934385,0,0.455304295037183
"39",39,"M00039","Monolignol biosynthesis, phenylalanine/tyrosine => monolignol",0,0,0,0,0,0.0358731525326446,0,0,0,0,0.0590597684857075,0.0449236298292902,0,0.0223893963818735,0,0.0529773257045984,0,0.0312578144536134,0,0,0,0.0575506445672192,0.0448752468138575,0.0475646879756469,0,0,0.0648508430609598,0,0.0738770685579196,0.0557786702365016,0,0,0,0,0,0.0502310628892907,0,0,0.065772165219679,0,0,0,0,0.0417710944026733,0,0,0,0,0.0277039007092199,0,0,0.0240708646254573,0,0.0511247443762781,0,0.0559659726886053,0,0.0353556781219064,0,0.0443262411347518,0,0.06265664160401,0,0.031164298180005,0
"40",40,"M00040","Tyrosine biosynthesis, chorismate => arogenate => tyrosine",0.158277936055714,0.189681335356601,0.232054455445545,0.477099236641221,0.244778067885117,0.0538097287989669,0.259425804219993,0.0482625482625483,0,0.331369661266568,0.0885896527285613,0.0673854447439353,0.179662234998203,0.403009134873724,0.261051166028542,0,0.229568411386593,0.562640660165041,0.0629722921914358,0.156838143036386,0.156396621832968,0,0,0,0.187265917602996,0.0752558699578567,0,0.0658241179568194,0.110815602836879,0,0.524231127679403,0,0,0.322997416020672,0.275938189845475,0,0,0.642398286937901,0,0,0.499334221038615,0.0403616402970617,0,0,0,0.219106047326906,0.0591016548463357,0,0.166223404255319,0.217296827466319,0.121713729308666,0.433275563258232,0.0472947408248203,0,0.350877192982456,0,0.305872756933116,0.477301654645736,0.236220472440945,0,0.0406768630003254,0,0.258264462809917,0.56095736724009,0.313021702838063
"41",41,"M00042","Catecholamine biosynthesis, tyrosine => dopamine => noradrenaline => adrenaline",0,0,0,0,0,0,0,0,0,0.0589101620029455,0,0,0,0,0,0,0,0,0,0,0,0,0.215401184706516,0,0,0,0,0,0,0,0,0,0,0.0861326442721792,0,0,0,0,0,0,0.0887705281846427,0,0,0,0,0,0.0945626477541371,0,0,0,0,0,0,0,0,0,0.0815660685154976,0,0,0,0,0,0.068870523415978,0,0.0834724540901502
"42",42,"M00043","Thyroid hormone biosynthesis, tyrosine => triiodothyronine/thyroxine",0,0,0,0,0,0,0,0,0,0,0,0,0,0,0,0,0,0,0,0,0,0,0,0,0,0,0,0,0,0,0,0,0,0,0,0,0,0,0,0,0,0,0,0,0,0,0,0,0,0,0,0,0,0,0,0,0,0,0,0,0,0,0,0,0
"43",43,"M00044","Tyrosine degradation, tyrosine => homogentisate",0.98484049101333,1.26454223571067,1.37513751375138,1.41362736782584,1.26921961125616,0.765293920696417,1.61420500403551,0.0858000858000858,0,0.818196694485354,1.25994172769509,0.958370769691524,0.63879905777139,1.04483849782077,1.62431836639981,0.847637211273575,1.53045607591062,1.25031257814454,0,2.23058692318416,1.39019219407083,1.15101289134438,0.53850296176629,0.570776255707763,1.24843945068664,0.602046959662854,1.38348465196714,0,2.36406619385343,0.892458723784025,1.29439784612198,0,0,2.00976169968418,2.2075055187638,0.602772754671489,0,0.951701165833928,0.789265982636148,2.0465592223075,0.0493169601025793,0.430524163168658,0.262209111766634,0.50125313283208,0,0.779043723829,0.0525348043078539,1.4728896253337,0.0369385342789598,1.44864551644213,0.108189981607703,1.28377944669106,0.50447723546475,0.613496932515337,0.311890838206628,0.671591672263264,2.17509516041327,1.17852260406355,1.53980752405949,0.531914893617021,0.723144231116896,0.75187969924812,1.83654729109275,1.2465719272002,1.94769059543684
"44",44,"M00045","Histidine degradation, histidine => N-formiminoglutamate => glutamate",3.79867046533713,1.70713201820941,1.85643564356436,1.43129770992366,1.46866840731071,0.86095566078347,1.55655482531996,1.20656370656371,0,1.65684830633284,0,0,2.15594681997844,2.21655024180548,1.82735816219979,1.90718372536554,2.06611570247934,1.31282820705176,0.0629722921914358,1.09786700125471,0.625586487331874,3.10773480662983,3.23101777059774,1.78367579908676,1.68539325842697,2.70921131848284,1.55642023346304,0,0,1.67336010709505,0.0582479030754893,0,0,1.93798449612403,2.48344370860927,1.50693188667872,0,0.0535331905781585,1.5785319652723,1.91864927091328,1.66444740346205,0.645786244752987,1.47492625368732,1.2531328320802,0,0.0547765118317266,0.0591016548463357,0,1.99468085106383,0.0543242068665797,0,2.16637781629116,1.41884222474461,1.53374233128834,0.087719298245614,1.34318334452653,1.83523654159869,1.32583792957149,1.88976377952756,0.598404255319149,2.19655060201757,1.50375939849624,1.5495867768595,1.12191473448018,1.87813021702838
"45",45,"M00046","Pyrimidine degradation, uracil => beta-alanine, thymine => 3-aminoisobutanoate",1.47726073652,1.26454223571067,1.23762376237624,0.053011026293469,0.0543951261966928,0.0717463050652891,1.15300357431108,1.02960102960103,0,1.37457044673539,0,0,1.19774823332136,0.0447787927637471,1.1602274045713,0,1.83654729109275,0,0.335852225020991,0.731911334169803,0.104264414555312,0,0,0.0951293759512938,1.24843945068664,0,0,0,0,1.78491744756805,1.86393289841566,0,0,1.14843525696239,0.0613195977434388,0,0,0,0,0,1.1836070424619,0,0,0,0,0,1.97005516154452,0,0.166223404255319,0,0,0.962834585018294,1.0089544709295,0,0,0,0.0679717237629146,1.131381699901,1.25984251968504,0,0.325414904002603,0,0.0573921028466483,0,1.11296605453534
"46",46,"M00047","Creatine pathway",0,0,0,0,0,0,0,0.0965250965250965,0,0,0,0,0,0,0,0,0,0,0,0,0,0,0,0,0,0,0,0,0,0,0,0,0,0,0,0,0,0,0,0,0,0,0,0,0,0,0,0,0,0,0,0,0.0945894816496406,0,0,0,0,0,0,0,0,0,0,0,0
"47",47,"M00048","De novo purine biosynthesis, PRPP + glutamine => IMP",1.34791532640995,1.61535072690783,1.09789204726924,1.24148403513092,1.05280889412954,1.80522961132018,1.00422891956126,1.9180470793374,0.0372925601342532,1.23521307425531,3.42927687981528,1.5650812972785,1.40252454417952,1.46469986653031,1.01052064269113,1.64058815085208,1.19968008531058,2.20216344408683,3.31518647923946,0.890435908851742,1.33189381173883,2.8960969524149,2.86622544165928,2.63293563116807,1.59478071765132,2.56355479598376,3.61491150997866,2.05541116716778,4.28963623884695,1.94325689856199,1.9541231999519,0.0437101145205,0.0661025912215759,1.38923619793837,1.42419710887987,4.06385502343036,0.0342442298472707,1.11901637079505,3.3607454744507,0.0247567647859778,1.86131752645219,2.16650869207454,2.47406984489485,2.74880750262754,0.0750187546886722,1.71044075655198,2.92839167238618,0.0267258198145228,1.39413177762526,1.6963171692532,0,1.69583123683867,2.01384057705686,3.04769443894716,2.71646859083192,2.85968066899196,1.31558175024996,1.779188963554,1.32080264160528,0.514756348661633,1.36464314581737,3.73514431239389,1.1108148938061,2.0387482809371,1.34632990467984
"48",48,"M00049","Adenine ribonucleotide biosynthesis, IMP => ADP,ATP",0.904445348889793,0.86711467591589,0.707213578500707,0.727008360596147,0.745990302126072,0.98394932660968,0.988288777980926,0.496414782129068,0.660611065235343,0.841573742899221,2.0249063480814,1.23219098960339,0.821313074277501,0.614109157902817,0.994480632489682,1.45309236218327,1.04945559491014,0.857357196441968,1.15149334292911,0.716974368166338,0.893694981902676,1.5785319652723,2.30786983614124,1.30463144161774,0.856072766185126,1.37610733637224,1.77876598110061,1.50455126758444,2.02634245187437,1.52992924077261,1.33138064172547,0.193573364305072,0.292740046838407,0.984373077396333,1.05119310417324,1.72220787048997,0.606612071580224,0.978892627714898,1.80403653173977,2.19274202390089,1.26815040263775,0.922551778218552,0.758533501896334,1.14572144647333,1.32890365448505,1.001627644923,1.080715974333,1.8937152325719,0.949848024316109,0.993356925560315,0.834608429545138,0.66022942972683,0.864818117939571,1.4022787028922,1.60401002506266,1.53506667945889,0.932183640177115,1.21219467846536,0.719910011248594,1.82370820668693,0.743805494863093,2.14822771213749,0.787091696182605,0.854792178651565,0.953970903887431
"49",49,"M00050","Guanine ribonucleotide biosynthesis, IMP => GDP,GTP",1.26622348844571,1.51745068285281,1.23762376237624,1.01781170483461,1.0443864229765,1.72191132156694,1.3836042891733,1.54440154440154,0.92485549132948,1.64948453608247,2.83486888731396,1.72506738544474,1.1498383039885,1.28962923159592,1.39227288548556,3.05149396058487,1.10192837465565,1.50037509377344,3.6272040302267,1.17105813467169,0.750703784798248,2.20994475138122,1.72320947765213,2.28310502283105,1.49812734082397,2.40818783865141,3.11284046692607,1.68509741969458,2.83687943262411,2.67737617135207,1.86393289841566,1.0840108401084,1.63934426229508,1.37812230835487,1.47167034584253,2.89330922242315,0.849256900212314,1.71306209850107,3.15706393054459,4.91174213353799,2.13049267643143,1.80820148530836,1.88790560471976,0.902255639097744,0.465116279069767,1.4022787028922,1.51300236406619,3.31400165700083,1.32978723404255,1.39069969578444,1.75267770204479,1.38648180242634,1.51343170639425,2.45398773006135,2.24561403508772,2.14909335124244,1.63132137030995,1.69707254985151,1.25984251968504,1.91489361702128,1.5619915392125,2.40601503759398,1.37741046831956,1.49588631264024,1.3355592654424
"50",50,"M00051","De novo pyrimidine biosynthesis, glutamine (+ PRPP) => UMP",1.58277936055714,2.34730652503794,1.91444925742574,1.74936386768448,1.28508485639687,2.90572535514421,2.14026288481494,2.12355212355212,0,1.28865979381443,2.17044649184975,3.3355795148248,2.22332015810277,1.6120365394949,2.15367211973547,3.17863954227591,2.84090909090909,2.25056264066016,3.40050377833753,1.99968632371393,2.34594932749453,4.27313535911602,5.04846526655897,2.88955479452055,2.31741573033708,2.70921131848284,4.37743190661479,2.63296471827278,3.98936170212766,5.85676037483266,2.32991612301957,0,0,2.66472868217054,2.02354672553348,3.91802290536468,0,1.49892933618844,6.41278610891871,4.60475825019186,2.44118952507767,1.634646432031,4.3141592920354,2.5062656641604,0,2.19106047326906,2.65957446808511,3.31400165700083,2.49335106382979,1.73837461973055,0.060856864654333,1.73310225303293,1.48978433598184,4.60122699386503,4.56140350877193,5.87642713230356,2.03915171288744,2.12134068731438,2.30314960629921,0.797872340425532,2.44061178001953,6.57894736842105,1.89393939393939,2.24382946896036,2.81719532554257
"51",51,"M00052","Pyrimidine ribonucleotide biosynthesis, UMP => UDP/UTP,CDP/CTP",0.474833808167141,0.569044006069803,0.464108910891089,0.477099236641221,0.489556135770235,0.645716745587602,0.518851608439986,0.579150579150579,0.770712909441233,0.589101620029455,1.06307583274274,0.808625336927224,0.53898670499461,0.403009134873724,0.522102332057083,1.27145581691036,0.68870523415978,0.562640660165041,0.335852225020991,0.313676286072773,0.469189865498905,1.03591160220994,0.807754442649435,0.856164383561644,0.561797752808989,0.903070439494281,1.16731517509728,0.789889415481833,1.77304964539007,1.00401606425703,0.698974836905871,0.903342366757001,1.36612021857923,0.645994832041344,0.735835172921266,0.904159132007233,1.59235668789809,0.642398286937901,1.18389897395422,0.511639805576874,0.66577896138482,0.48433968356474,0.884955752212389,0.334168755221387,3.48837209302326,0.657318141980719,0.709219858156028,1.24275062137531,0.498670212765957,0.651890482398957,1.46056475170399,0.577700751010976,0.567536889897843,0.920245398773006,1.05263157894737,1.0073875083949,0.611745513866232,0.636402206194315,0.47244094488189,1.59574468085106,0.488122356003905,1.12781954887218,0.860881542699725,0.56095736724009,0.626043405676127
"52",52,"M00053","Deoxyribonucleotide biosynthesis, ADP/GDP/CDP/UDP => dATP/dGTP/dCTP/dUTP",0.633111744222855,0.569044006069803,0.464108910891089,0.795165394402036,0.652741514360313,0.645716745587602,0.691802144586648,0.965250965250965,1.73410404624277,0.490918016691213,1.41743444365698,0.808625336927224,0.718648939992814,0.537345513164965,0.696136442742778,1.27145581691036,0.918273645546373,0.562640660165041,0.755667506297229,0.313676286072773,0.469189865498905,1.38121546961326,0.807754442649435,1.14155251141553,0.561797752808989,1.20409391932571,1.16731517509728,1.31648235913639,1.77304964539007,0.446229361892012,0.465983224603914,2.03252032520325,3.07377049180328,0.861326442721792,0.919793966151582,1.20554550934298,1.59235668789809,0.642398286937901,1.18389897395422,1.53491941673062,0.443852640923213,0.645786244752987,1.47492625368732,1.00250626566416,1.55038759689922,0.657318141980719,0.315208825847124,1.24275062137531,1.16356382978723,0.289729103288425,1.46056475170399,0.433275563258232,1.13507377979569,0.920245398773006,1.05263157894737,1.0073875083949,0.815660685154976,0.424268137462877,0.20997375328084,0.709219858156028,0.650829808005207,1.12781954887218,0.860881542699725,0.56095736724009,0.834724540901502
"53",53,"M00055","N-glycan precursor biosynthesis",0,0,0,0,0,0,0,0,0,0,0,0,0,0,0,0,0,0,0,0,0,0,0,0,0,0,0,0,0,0,0,0,0,0,0,0,0,0,0,0,0,0,0,0,0,0,0.0337723741979061,0,0,0,0,0,0,0,0,0,0,0,0,0,0,0,0,0,0
"54",54,"M00056","O-glycan biosynthesis, mucin type core",0,0,0,0,0,0,0,0,0,0,0,0,0,0,0,0,0,0,0,0,0,0,0,0,0,0,0,0,0,0,0,0,0,0,0,0,0,0,0,0,0,0,0,0,0,0,0,0,0,0,0,0,0,0,0,0,0,0,0,0,0,0,0,0,0
"55",55,"M00057","Glycosaminoglycan biosynthesis, linkage tetrasaccharide",0,0,0,0,0,0,0,0,0,0,0,0,0,0,0,0,0,0,0,0,0,0,0,0,0,0,0,0,0,0,0,0,0,0,0,0,0,0,0,0,0,0,0,0,0,0,0,0,0,0,0,0,0,0,0,0,0,0,0,0,0,0,0,0,0
"56",56,"M00058","Glycosaminoglycan biosynthesis, chondroitin sulfate backbone",0,0,0,0,0,0,0,0,0,0,0,0,0,0,0,0,0,0,0,0,0,0,0,0,0,0,0,0,0,0,0,0,0,0,0,0,0,0,0,0,0,0,0,0,0,0,0,0,0,0,0,0,0,0,0,0,0,0,0,0,0,0,0,0,0
"57",57,"M00059","Glycosaminoglycan biosynthesis, heparan sulfate backbone",0,0,0,0,0,0,0,0,0,0,0,0,0,0,0,0,0,0,0,0,0,0,0,0,0,0,0,0,0,0,0,0,0,0,0,0,0,0,0,0,0,0,0,0,0,0,0,0,0,0,0,0,0,0,0,0,0,0,0,0,0,0,0,0,0
"58",58,"M00060","KDO2-lipid A biosynthesis, Raetz pathway, LpxL-LpxM type",2.78569167458056,2.73141122913505,2.22772277227723,2.29007633587786,2.87206266318538,2.41067585019371,2.49048772051193,0,7.39884393063584,1.88512518409426,3.96881644223955,2.64150943396226,2.87459575997125,1.93444384739387,2.506091193874,3.05149396058487,3.30578512396694,2.7006751687922,0,1.50564617314931,2.25211135439474,3.38397790055249,3.01561658589122,4.5662100456621,2.69662921348315,4.81637567730283,4.98054474708171,3.7914691943128,4.34397163120567,5.15394912985274,3.35507921714818,4.8780487804878,0,3.10077519379845,2.64900662251656,5.0632911392405,3.82165605095541,1.07066381156317,4.97237569060773,6.75364543361473,3.19573901464714,0.0322893122376493,2.47787610619469,2.80701754385965,0,3.5056967572305,3.02600472813239,5.30240265120133,2.12765957446809,2.78139939156888,4.77117818889971,2.07972270363951,0,3.00613496932515,0,4.70114170584285,2.93637846655791,3.05473058973271,2.77165354330709,1.59574468085106,2.08265538561666,5.26315789473684,2.47933884297521,2.69259536275243,3.00500834724541
"59",59,"M00061","D-Glucuronate degradation, D-glucuronate => pyruvate + D-glyceraldehyde 3P",0.180889069777959,1.30067201387383,0.0442008486562942,0.181752090149037,0.186497575531518,1.96789865321936,0.197657755596185,0.220628792057363,0,0.37870818430465,0,1.54023873700424,0.307992402854063,0.0767636447378522,0.447516284620357,0,1.04945559491014,0.053584824777623,0.431810003598417,0.179243592041584,0.178738996380535,0,0,0,1.28410914927769,0,0,0.0752275633792222,0,1.14744693057946,0.798828385035282,0,0,0.0615233173372708,0.315357931251971,0,0,0.0611807892321811,0,0,0.253630080527551,0,0.758533501896334,0.644468313641246,0,0,0,0,0.712386018237082,1.86254423542559,0,0.165057357431708,0.0540511323712232,0,1.20300751879699,1.53506667945889,0.524353297599627,0.242438935693072,0.0449943757030371,0.60790273556231,1.62707452001302,0,0.442739079102715,0.0534245111657228,0.0596231814929645
"60",60,"M00063","CMP-3-deoxy-D-manno-octulosonate biosynthesis, ribulose-5P => CMP-KDO",1.58277936055714,1.51745068285281,1.23762376237624,1.27226463104326,0.326370757180157,1.2914334911752,1.3836042891733,0,2.60115606936416,0.662739322533137,1.5946137491141,2.69541778975741,1.43729787998563,1.07469102632993,1.39227288548556,1.43038779402416,0.459136822773186,1.50037509377344,0,0.836470096194061,1.25117297466375,1.55386740331492,2.01938610662359,1.28424657534247,1.49812734082397,2.40818783865141,3.11284046692607,2.10637177461822,1.99468085106383,3.34672021419009,1.04846225535881,3.04878048780488,0,1.72265288544358,1.47167034584253,3.61663652802893,2.38853503184713,0.963597430406852,3.15706393054459,2.30237912509593,0.99866844207723,0,2.21238938053097,2.5062656641604,0,1.75284837861525,1.06382978723404,3.31400165700083,0.748005319148936,1.73837461973055,2.19084712755599,1.73310225303293,0,0.920245398773006,1.57894736842105,2.68636668905306,1.63132137030995,0.954603309291472,1.25984251968504,3.72340425531915,0.732183534005857,3.7593984962406,1.37741046831956,1.49588631264024,1.669449081803
"61",61,"M00064","ADP-L-glycero-D-manno-heptose biosynthesis, sedoheptulose-7P => ADP-LDmanHep",0.180889069777959,3.03490136570561,1.85643564356436,2.2264631043257,2.93733681462141,2.15238915195867,0.197657755596185,2.20628792057364,0,0,2.53113293510175,2.69541778975741,0.205328268569375,1.6120365394949,0.198896126497936,0,2.75482093663912,1.33962061944057,0,0.298739320069307,0.178738996380535,3.45303867403315,1.84629586891299,3.26157860404436,2.99625468164794,0.0860067085232648,5.55864369093941,3.68615060558189,2.02634245187437,3.34672021419009,0,2.90360046457607,0,2.21483942414175,0.210238620834647,0,3.7913254473764,0.244723156928724,0,0.438548404780178,0,0,0,1.71858216970999,0,0.25040691123075,0.405268490374873,2.36714404071488,2.13715805471125,1.24169615695039,2.22562247878704,1.03160848394817,1.29722717690936,3.06748466257669,0,0,0.233045910044279,0.969755742772289,2.429696287964,3.03951367781155,0,0,0.196772924045651,1.33561277914307,2.14643453374672
"62",62,"M00065","GPI-anchor biosynthesis, core oligosaccharide",0,0,0,0,0,0,0,0,0,0,0,0,0,0,0,0,0,0,0,0,0,0,0,0,0,0,0,0,0,0.0352286338335799,0,0,0,0,0,0,0,0,0,0,0,0,0,0,0,0,0.0497698146074406,0.0436052849605372,0,0,0,0,0,0,0,0,0,0,0,0,0,0,0,0,0
"63",63,"M00066","Lactosylceramide biosynthesis",0,0,0,0,0,0,0,0.128700128700129,0,0.196367206676485,0,0,0,0,0,0,0,0,0,0,0,0,0,0,0,0,0,0,0,0,0.155327741534638,0,0,0,0,0,0,0,0,0,0.147950880307738,0,0,0,0,0,0,0,0,0,0,0,0.126119308866187,0,0,0,0,0.141422712487626,0,0,0.108471634667534,0,0,0,0
"64",64,"M00067","Sulfoglycolipids biosynthesis, ceramide/1-alkyl-2-acylglycerol => sulfatide/seminolipid",0,0,0,0,0,0,0,0,0,0,0,0,0,0,0,0,0,0,0,0,0,0,0,0,0,0,0,0,0,0,0,0,0,0,0,0,0,0,0,0,0,0,0,0,0,0,0,0,0,0,0,0,0,0,0,0,0,0,0,0,0,0,0,0,0
"65",65,"M00068","Glycosphingolipid biosynthesis, globo-series, LacCer => Gb4Cer",0,0,0,0,0,0,0,0,0,0,0,0,0,0,0,0,0,0,0,0,0,0,0,0,0,0,0,0,0,0,0,0,0,0,0,0,0,0,0,0,0,0,0,0,0,0,0,0,0,0,0,0,0,0,0,0,0,0,0,0,0,0,0,0,0
"66",66,"M00069","Glycosphingolipid biosynthesis, ganglio series, LacCer => GT3",0,0,0,0,0,0,0,0,0,0,0,0,0,0,0,0,0,0,0,0,0,0,0,0,0,0,0,0,0,0,0,0,0,0,0,0,0,0,0,0,0,0,0,0,0,0,0,0,0,0,0,0,0,0,0,0,0,0,0,0,0,0,0,0,0
"67",67,"M00070","Glycosphingolipid biosynthesis, lacto-series, LacCer => Lc4Cer",0,0,0,0,0,0,0,0,0,0,0,0,0,0,0,0,0,0,0,0,0,0,0,0,0,0,0,0,0,0,0,0,0,0,0,0,0,0,0,0,0,0,0,0,0,0,0,0,0,0,0,0,0,0,0,0,0,0,0,0,0,0,0,0,0
"68",68,"M00071","Glycosphingolipid biosynthesis, neolacto-series, LacCer => nLc4Cer",0,0,0,0,0,0,0,0,0,0,0,0,0,0,0,0,0,0,0,0,0,0,0,0,0,0,0,0,0,0,0,0,0,0,0,0,0,0,0,0,0,0,0,0,0,0,0,0,0,0,0,0,0,0,0,0,0,0,0,0,0,0,0,0,0
"69",69,"M00072","N-glycosylation by oligosaccharyltransferase",0,0,0,0,0,0,0,0,0,0,0,0,0,0,0,0,0,0,0,0,0,0,0,0,0,0,0,0,0,0,0,0,0,0,0,0,0,0,0,0,0,0,0,0,0,0,0,0,0,0,0,0,0,0,0,0,0,0,0,0,0,0,0,0,0
"70",70,"M00073","N-glycan precursor trimming",0,0,0.0773514851485149,0,0,0,0,0,0,0,0,0,0,0,0,0,0,0,0,0,0,0,0,0,0,0,0,0,0,0,0,0,0,0.107665805340224,0.0919793966151582,0,0,0,0,0,0,0,0,0,0,0,0,0,0,0,0,0,0,0,0,0,0.101957585644372,0,0.078740157480315,0,0,0,0.0860881542699724,0,0.104340567612688
"71",71,"M00074","N-glycan biosynthesis, high-mannose type",0,0,0.0257838283828383,0,0,0,0,0,0,0,0,0,0,0,0,0,0,0,0,0,0,0,0,0,0,0,0,0,0,0,0,0,0,0.0358886017800746,0.0306597988717194,0,0,0,0,0,0,0,0,0,0,0,0,0,0,0,0.486854917234664,0,0,0,0,0,0.0339858618814573,0,0.026246719160105,0,0,0,0.0286960514233242,0,0.0347801892042293
"72",72,"M00075","N-glycan biosynthesis, complex type",0,0,0,0,0,0,0,0,0,0,0,0,0,0,0,0,0,0,0,0,0,0,0,0,0,0,0,0,0,0,0,0,0,0,0,0,0,0,0,0,0,0,0,0,0,0,0,0,0,0,0,0,0,0,0,0,0,0,0,0,0,0,0,0,0
"73",73,"M00076","Dermatan sulfate degradation",0,0,0,0,0,0.086095566078347,0,0,0,0,0,0,0,0,0,0,0,0,0,0,0,0,0,0,0,0,0,0,0,0,0,0,0,0,0,0,0,0,0,0,0,0,0.117994100294985,0.200501253132832,0.465116279069767,0,0,0,0.0664893617021277,0,0,0,0,0,0,0.134318334452653,0,0,0,0,0,0,0,0,0
"74",74,"M00077","Chondroitin sulfate degradation",0,0,0,0,0,0.107619457597934,0,0,0,0,0,0,0,0,0,0,0,0,0,0,0,0,0,0,0,0,0,0,0,0,0,0,0,0,0,0,0,0,0,0,0,0,0.147492625368732,0.25062656641604,0.581395348837209,0,0,0,0.0831117021276596,0,0,0,0,0,0,0.167897918065816,0,0,0,0,0,0,0,0,0
"75",75,"M00078","Heparan sulfate degradation",0,0,0,0,0.0362634174644619,0.0478308700435261,0,0,0,0,0,0.119796346211441,0,0,0,0,0,0,0,0,0,0,0,0,0,0,0,0,0,0,0,0,0,0.0478514690400995,0,0,0,0,0,0,0,0,0.393313667649951,0.334168755221387,0.258397932816537,0,0,0,0.0369385342789598,0.0482881838814042,0,0,0,0,0,0.0746212969181404,0,0,0,0,0,0,0,0,0.046373585605639
"76",76,"M00079","Keratan sulfate degradation",0.0791389680278569,0,0.0773514851485149,0,0.0815926892950392,0.322858372793801,0,0,0,0.0736377025036819,0,0.808625336927224,0,0,0.0870170553428472,0,0,0,0,0,0,0.345303867403315,0.134625740441572,0,0,0,0,0,0,0,0,0,0,0,0.183958793230316,0,0,0,0.197316495659037,0,0,0,1.32743362831858,0.75187969924812,0,0,0,0,0,0.217296827466319,0,0,0,0.153374233128834,0,0,0,0,0,0.398936170212766,0,0.18796992481203,0.0860881542699724,0,0
"77",77,"M00081","Pectin degradation",0,0,0.103135313531353,0,0,0.286985220261157,0.115300357431108,0,0,0,0,0.359389038634322,0,0,0,0,0,0,0,0,0,0,0,0,0,0,0,0,0,0.892458723784025,0,0,0,0.287108814240597,0.122639195486878,0,0,0,0,0,0,0,0.393313667649951,0.668337510442774,0,0,0,0,0,0.289729103288425,0,0,0,0,0,0.447727781508843,0.135943447525829,0,0.10498687664042,0,0,0,0.114784205693297,0,0
"78",78,"M00082","Fatty acid biosynthesis, initiation",0.814000814000814,0.975504010405376,0.795615275813295,0.954198473282443,1.11898545318911,1.66041448865383,0.889459900182833,1.15830115830116,0.330305532617671,1.620029455081,0.30373595221221,2.31035810550635,0.923977208562189,0.940354648038689,1.21823877479986,3.54191263282172,1.18063754427391,0.964526845997214,0.359841669665347,1.15014638226683,0.93837973099781,3.25572217837411,2.53865681975537,0.489236790606654,0.963081861958266,2.06416100455836,3.00166759310728,1.354096140826,0.253292806484296,2.00803212851406,1.19824257755292,3.48432055749129,5.26932084309133,1.4765596160945,0.946073793755913,3.09997416688194,1.8956627236882,1.2847965738758,3.04431164731086,1.9734678215108,1.33155792276964,2.58314497901195,2.52844500632111,1.61117078410311,0,1.12683110053837,0.844309354947653,2.13042963664339,1.13981762917933,1.11752654125535,2.50382528863542,0.866551126516464,1.45938057402303,2.89219982471516,1.2531328320802,2.59042502158688,1.04870659519925,1.27280441238863,0.809898762654668,2.27963525835866,0.97624471200781,3.22234156820623,0.885478158205431,1.30890052356021,1.43095635583115
"79",79,"M00083","Fatty acid biosynthesis, elongation",1.89933523266857,0.86711467591589,0.884016973125884,1.47673573246092,1.95822454308094,1.10694299243589,0.889459900182833,3.66795366795367,1.32122213047069,2.39848516726278,1.51867976106105,1.69426261070466,1.97628458498024,2.07261840792201,1.36741086967331,1.58931977113795,0.918273645546373,1.92905369199443,0.503778337531486,3.4952500448109,2.12252558201886,1.18389897395422,4.00030771597815,0.407697325505545,0.963081861958266,1.7201341704653,3.66870483602001,1.12841345068833,0.759878419452887,1.67336010709505,1.9970709625882,3.38753387533875,4.39110070257611,0.615233173372708,1.4453905182382,1.20554550934298,0.606612071580224,2.01896604466198,1.40940354042169,3.28911303585133,2.09244816435229,2.65233636237834,1.51706700379267,2.14822771213749,0,1.001627644923,2.53292806484296,3.55071606107232,2.37462006079027,1.11752654125535,1.3910140492419,2.88850375505488,3.21604237608778,1.75284837861525,1.40350877192982,2.87825002398542,1.04870659519925,2.00012121946785,0.899887514060742,0.683890577507599,3.74227139602994,1.8796992481203,0.885478158205431,2.08355593546319,0.596231814929645
"80",80,"M00085","Fatty acid elongation in mitochondria",0,0,0,0,0,0,0,0,0,0,0,0,0,0,0,0,0,0,0,0,0,0,0,0.0951293759512938,0,0,0,0,0,0,0,0,0,0,0,0,0,0,0,0,0,0,0,0,0,0,0,0,0,0,0,0,0,0,0,0,0,0,0,0,0,0,0,0,0
"81",81,"M00086","beta-Oxidation, acyl-CoA synthesis",2.05761316872428,0.948406676783004,0.618811881188119,0.477099236641221,0.652741514360313,0.645716745587602,1.55655482531996,0.772200772200772,0,0.736377025036819,1.06307583274274,0.269541778975741,1.79662234998203,0.806018269747448,0.870170553428472,0,0.918273645546373,0.750187546886722,1.25944584382872,1.77749895441238,2.03315608382859,0.345303867403315,0.53850296176629,1.42694063926941,0.936329588014981,0.903070439494281,0.389105058365759,0.789889415481833,0.443262411347518,0.334672021419009,0.698974836905871,0,0,1.07665805340224,0.919793966151582,0.301386377335744,0.530785562632696,0.856531049250535,0.394632991318074,0.383729854182655,0.221926320461607,1.77591217307071,0.589970501474926,0.50125313283208,0,0.876424189307625,2.12765957446809,0.414250207125104,0.664893617021277,0.434593654932638,0,0.433275563258232,1.70261066969353,0.920245398773006,0.701754385964912,0.671591672263264,0.815660685154976,0.848536274925753,0.62992125984252,0.531914893617021,0.488122356003905,0.75187969924812,0.68870523415978,0.74794315632012,1.04340567612688
"82",82,"M00087","beta-Oxidation",1.33286682994285,1.09815509943295,0.977071391349661,0.669612963706977,1.20241857908479,0.679701837460634,1.27437237160698,1.93050193050193,0.243383024034074,1.00767382373459,0.149203625648103,0.453965101432827,1.3238269947236,1.78172459628383,1.0991628043307,0.401512363234851,1.44990575612585,1.77675997946855,0.556807636219011,2.90563296572674,2.22247831025797,0.0363477755161384,0.170053566873565,0.901225666906994,1.08417110191208,0.0316866820875186,0.163833708785583,1.99551010226989,0.186636804777902,0.14091453533432,0.588610388973365,0,0,0.906659413391359,1.64594709732388,0.285523936423337,0.223488657950609,2.16386791389609,0.166161259502347,1.2925637193521,0.280327983740977,6.52583994697755,0.124204316099984,0.395726157499011,0,2.07574150099174,2.0903322135125,0.174421139842149,0.962346024636058,0.27448020311535,0,1.36823862081547,1.79222175757214,0.129157248950597,2.43767313019391,0.318122371072072,0.686872155919979,1.11649509858652,1.06092001657688,1.11982082866741,0.941990511586483,0.158290462999604,0.652457590256633,2.00763689328032,0.878657411475266
"83",83,"M00088","Ketone body biosynthesis, acetyl-CoA => acetoacetate/3-hydroxybutyrate/acetone",2.27920227920228,2.04855842185129,1.67079207920792,2.29007633587786,1.95822454308094,0.344382264313388,1.86786579038395,3.3976833976834,0.92485549132948,1.76730486008837,2.12615166548547,0.646900269541779,2.37154150197628,2.09564750134336,1.46188652975983,1.52574698029243,2.47933884297521,0.750187546886722,1.20906801007557,4.34964450020912,2.81513919299343,0.828729281767956,1.61550888529887,2.05479452054794,2.02247191011236,0.963275135460566,1.86770428015564,1.8957345971564,0.709219858156028,0.803212851405623,2.23671947809879,1.6260162601626,0.409836065573771,1.29198966408269,1.98675496688742,2.41109101868596,0.849256900212314,0.428265524625268,0.631412786108919,0.920951650038373,0.887705281846427,4.8433968356474,1.41592920353982,0.401002506265664,0,2.62927256792287,1.32387706855792,3.31400165700083,1.99468085106383,0.521512385919166,0.778967867575463,1.38648180242634,3.93492243662505,0.736196319018405,2.24561403508772,2.68636668905306,1.95758564437194,2.54560882477726,2.07874015748031,0.957446808510638,0.780995769606248,1.35338345864662,1.44628099173554,0.897531787584144,1.25208681135225
"84",84,"M00089","Triacylglycerol biosynthesis",0.0263796560092856,0.0474203338391502,0.0257838283828383,0.0265055131467345,0.0271975630983464,0.0538097287989669,0.028825089357777,0.0482625482625483,0.0481695568400771,0.0245459008345606,0.0295298842428538,0.0449236298292902,0.0299437058330339,0.0447787927637471,0.0290056851142824,0.158931977113795,0.0573921028466483,0.0468867216804201,0.0419815281276238,0.0261396905060644,0.0260661036388281,0.0287753222836096,0.089750493627715,0.190258751902588,0.0468164794007491,0.0250852899859522,0.0648508430609598,0.0438827453045463,0,0.0836680053547523,0.0388319353836595,0.0564588979223126,0.341530054644809,0.0358886017800746,0.0306597988717194,0.100462125778581,0.0884642604387827,0.0535331905781585,0.0986582478295185,0.0639549756971092,0.0369877200769345,0.0672694004951028,0.0983284169124877,0.06265664160401,0,0.0365176745544844,0.197005516154452,0.0690417011875173,0.0138519503546099,0.0181080689555266,0.162284972411555,0.036106296938186,0.0630596544330937,0.0255623721881391,0.087719298245614,0.083948959032908,0.0339858618814573,0.0353556781219064,0.026246719160105,0.0664893617021277,0.0271179086668836,0.093984962406015,0.0286960514233242,0.0467464472700075,0.0347801892042293
"85",85,"M00090","Phosphatidylcholine (PC) biosynthesis, choline => PC",0,0,0,0.0636132315521628,0.195822454308094,0,0,0,0,0,0,0,0,0,0,0,0,0,0,0,0,0,0,0,0,0,0,0,0,0,0,0,0,0,0,0,0,0,0,0,0,0,0,0,0,0,0.0945626477541371,0,0,0,0,0,0,0,0,0,0,0,0,0,0,0,0,0,0
"86",86,"M00091","Phosphatidylcholine (PC) biosynthesis, PE => PC",0,0,0,0.0795165394402036,0,0,0,0.0965250965250965,0,0.0736377025036819,0,0,0,0,0,0,0,0,0,0,0,0,0,0,0,0,0,0,0,0,0.116495806150979,0.677506775067751,0,0,0,0,0,0,0,0,0.110963160230803,0,0,0,0,0,0,0,0.0831117021276596,0,0,0,0.0945894816496406,0,0,0,0,0.106067034365719,0,0,0.162707452001302,0,0,0,0
"87",87,"M00092","Phosphatidylethanolamine (PE) biosynthesis, ethanolamine => PE",0,0,0,0,0,0,0,0,0,0,0,0,0,0,0,0,0,0,0,0,0,0,0,0,0,0,0,0,0,0,0,0,0,0,0,0,0,0,0,0,0,0,0,0,0,0,0,0,0,0,0.194741966893866,0,0,0,0,0,0,0,0,0,0,0,0,0,0
"88",88,"M00093","Phosphatidylethanolamine (PE) biosynthesis, PA => PS => PE",1.18708452041785,1.42261001517451,0.928217821782178,0.954198473282443,1.46866840731071,0.968575118381403,1.55655482531996,0.868725868725869,2.60115606936416,0.883652430044183,0,1.21293800539084,1.34746676248653,0.604513702310586,1.30525583014271,1.43038779402416,1.03305785123967,0.843960990247562,0,0.941028858218319,1.40756959649672,1.55386740331492,1.61550888529887,1.71232876712329,1.40449438202247,1.80614087898856,1.75097276264591,1.57977883096367,0.443262411347518,1.50602409638554,1.04846225535881,3.04878048780488,4.61065573770492,2.15331610680448,1.65562913907285,1.35623869801085,2.38853503184713,0.428265524625268,1.77584846093133,1.15118956254797,0.99866844207723,0.72650952534711,1.32743362831858,1.12781954887218,0,1.6432953549518,1.06382978723404,1.86412593206297,0.748005319148936,0.977835723598436,2.19084712755599,1.15540150202195,0.378357926598562,3.68098159509202,1.57894736842105,1.51108126259234,1.83523654159869,0.954603309291472,0.94488188976378,2.79255319148936,0.97624471200781,2.25563909774436,1.5495867768595,0.841436050860135,2.08681135225376
"89",89,"M00094","Ceramide biosynthesis",0,0,0,0,0,0,0,0.0482625482625483,0,0,0,0.0673854447439353,0,0,0,0,0,0,0,0,0,0,0,0,0,0,0,0,0,0.0836680053547523,0,0,0,0,0,0,0,0,0,0,0,0,0,0,0,0,0.118203309692671,0,0,0,0,0,0.0472947408248203,0,0,0,0,0,0,0,0,0,0,0,0
"90",90,"M00095","C5 isoprenoid biosynthesis, mevalonate pathway",0.276986388097499,0.284522003034901,0.232054455445545,0.238549618320611,0.244778067885117,1.1300043047783,0.216188170183328,0.28957528957529,0.144508670520231,0.257731958762887,0.177179305457123,0.134770889487871,0.314408911246856,1.88070929607738,0.174034110685694,2.38397965670693,0.34435261707989,0.468867216804201,0.755667506297229,0.836470096194061,0.430090710040663,0.517955801104972,1.00969305331179,2.28310502283105,0.280898876404494,0.22576760987357,1.94552529182879,0.658241179568194,0.110815602836879,0.167336010709505,0.349487418452936,8.13008130081301,1.02459016393443,0.161498708010336,0.275938189845475,2.63713080168776,3.98089171974522,0.642398286937901,1.5785319652723,1.91864927091328,0.221926320461607,0.887956086535357,0.442477876106195,1.00250626566416,0,0.438212094653812,0.354609929078014,3.10687655343828,0.207779255319149,0.108648413733159,0,0.505488157134604,0.425652667423383,0.920245398773006,0.614035087719298,2.51846877098724,0.25489396411093,0.371234620280017,0.275590551181102,0.797872340425532,0.122030589000976,2.34962406015038,0.172176308539945,0.56095736724009,0.156510851419032
"91",91,"M00096","C5 isoprenoid biosynthesis, non-mevalonate pathway",3.41880341880342,3.7556904400607,3.06311881188119,3.14885496183206,3.23107049608355,2.1093413689195,3.42442061570391,1.89189189189189,0,1.88512518409426,3.96881644223955,2.64150943396226,3.55731225296443,1.71950564212789,3.44587539157675,0.254291163382072,2.24977043158861,2.40060015003751,1.25944584382872,2.25846925972396,3.09665311229277,4.41988950276243,3.44641895530425,0.114155251141553,3.70786516853933,2.95003010234798,0.0778210116731518,5.21327014218009,1.41843971631206,3.27978580990629,2.98229263746505,0.13550135501355,0.204918032786885,4.26356589147287,3.97350993377483,0.361663652802893,0.106157112526539,0.685224839400428,0.315706393054459,0.0767459708365311,3.90590324012428,2.6154342912496,4.24778761061947,3.15789473684211,0.232558139534884,4.33829973707274,4.68085106382979,0.0828500414250207,2.09441489361702,2.12950890916993,11.3924050632911,1.84864240323512,2.11880438895195,3.92638036809816,1.75438596491228,0.268636668905306,4.03752039151713,3.73355960967331,3.11811023622047,2.12765957446809,2.08265538561666,0.300751879699248,3.40909090909091,2.39341810022438,4.13188647746244
"92",92,"M00097","beta-Carotene biosynthesis, GGAP => beta-carotene",0.105518624037143,0.126454223571067,0.103135313531353,0.106022052586938,0.108790252393386,0.0717463050652891,0.115300357431108,0.0643500643500644,0,0.0490918016691213,0.118119536971415,0.0898472596585804,0.119774823332136,0.0447787927637471,0.11602274045713,0.105954651409197,0.153045607591062,0.0625156289072268,0,0.0697058413495051,0.104264414555312,0,0,0.380517503805175,0.124843945068664,0,0,0.0877654906090925,0.147754137115839,0.111557340473003,0.077663870767319,0,0,0.143554407120299,0.122639195486878,0.100462125778581,0.176928520877565,0,0.131544330439358,0,0.0739754401538689,0.215262081584329,0,0,0.387596899224806,0.146070698217937,0,0.138083402375035,0.443262411347518,0,0,0,0.0630596544330937,0,0.701754385964912,0.111931945377211,0.135943447525829,0.0707113562438128,0.10498687664042,0.177304964539007,0.0542358173337672,0.12531328320802,0.114784205693297,0.12465719272002,0.139120756816917
"93",93,"M00098","Acylglycerol degradation",0.0197847420069642,0.0237101669195751,0.0193378712871287,0,0,0.0269048643994834,0,0,0,0,0,0,0.0224577793747754,0.0167920472864052,0.0217542638357118,0,0,0.0703300825206302,0,0.0261396905060644,0,0,0,0.0356735159817352,0.0234082397003745,0.0752558699578567,0.0486381322957198,0,0,0,0,0,0,0.026916451335056,0,0,0,0.0802997858672377,0,0,0,0.100904100742654,0,0,0,0.0273882559158633,0.0591016548463357,0,0,0,0,0.036106296938186,0,0,0,0,0,0,0.0196850393700787,0,0,0,0,0.0701196709050112,0.026085141903172
"94",94,"M00099","Sphingosine biosynthesis",0,0,0,0,0,0,0,0.0351000351000351,0,0,0,0.0490075961774075,0,0,0,0,0,0,0,0,0,0,0,0,0,0,0,0.0478720857867777,0,0.0608494584398199,0,0,0,0,0,0,0,0,0,0,0,0.0293539202160449,0,0,0,0,0.343864173651408,0,0,0,0,0,0.0343961751453238,0,0,0,0,0,0,0,0,0,0,0,0
"95",95,"M00100","Sphingosine degradation",0,0,0,0,0,0,0,0,0,0,0,0,0,0,0,0,0,0,0,0.104558762024258,0,0,0,0,0,0,0,0,0,0,0,0,0,0,0,0,0,0,0,0,0,0.322893122376493,0,0,0,0,0.236406619385343,0,0,0,0,0,0,0,0,0,0,0,0,0,0,0,0,0,0
"96",96,"M00101","Cholesterol biosynthesis, FPP => cholesterol",0,0,0,0,0,0,0,0,0,0,0,0,0,0.0206671351217294,0,0,0,0,0,0,0,0,0,0.043905865823674,0,0,0,0,0,0,0,0,0,0,0,0,0,0,0,0.059035362181947,0,0.0248379324904995,0,0,0,0,0.0363702491362066,0.254923204384679,0,0,0,0,0,0.047192071731949,0,0,0,0,0,0,0,0,0.0264886628522992,0,0
"97",97,"M00102","Ergocalciferol biosynthesis, FPP => ergosterol/ergocalciferol",0,0,0,0,0,0,0,0,0,0,0,0,0,0,0,0,0,0,0,0,0,0,0.0414233047512531,0.043905865823674,0,0,0,0,0,0,0,0,0,0,0,0,0,0,0,0,0,0.0248379324904995,0,0,0,0,0.0363702491362066,0.254923204384679,0,0,0,0,0,0.188768286927796,0,0,0,0,0,0,0,0,0,0,0
"98",98,"M00103","Cholecalciferol biosynthesis",0,0,0,0,0,0,0,0,0,0,0,0,0,0,0,0,0,0,0,0,0,0,0,0,0,0,0,0,0,0,0,0,0,0,0,0,0,0,0,0,0,0,0,0,0,0,0,0,0,0,0,0,0,0,0,0,0,0,0,0,0,0,0,0,0
"99",99,"M00104","Bile acid biosynthesis, cholesterol => cholate/chenodeoxycholate",0,0,0.0257838283828383,0,0.0271975630983464,0,0.028825089357777,0.0321750321750322,0,0,0,0,0,0,0.0290056851142824,0,0,0,0,0.0871323016868814,0.104264414555312,0,0,0,0,0.100341159943809,0,0,0,0,0.0388319353836595,0,0,0.0358886017800746,0.0306597988717194,0,0,0,0,0,0,0.0807232805941233,0,0,0,0.0365176745544844,0,0,0,0,0,0,0.0945894816496406,0,0.0584795321637427,0,0.0339858618814573,0.0353556781219064,0.026246719160105,0,0,0,0.0286960514233242,0,0.0347801892042293
"100",100,"M00106","Conjugated bile acid biosynthesis, cholate => taurocholate/glycocholate",0,0,0,0,0,0,0,0,0,0,0,0,0,0,0,0,0,0,0,0,0,0,0,0,0,0,0,0,0,0,0,0,0,0,0,0,0,0,0,0,0,0,0,0,0,0,0,0,0,0,0,0,0,0,0,0,0,0,0,0,0,0,0,0,0
"101",101,"M00107","Steroid hormone biosynthesis, cholesterol => pregnenolone => progesterone",0,0,0,0,0,0,0,0,0,0,0,0,0,0,0,0,0,0,0,0,0,0,0,0,0,0,0,0,0,0,0,0,0,0,0,0,0,0,0,0,0,0,0,0,0,0,0,0,0,0,0,0,0,0,0,0,0,0,0,0,0,0,0,0,0
"102",102,"M00108","C21-Steroid hormone biosynthesis, progesterone => corticosterone/aldosterone",0,0,0,0,0,0,0,0,0,0,0,0,0,0,0,0,0,0,0,0,0,0,0,0,0,0,0,0,0,0,0,0,0,0,0,0,0,0,0,0,0,0,0,0,0,0,0,0,0,0,0,0,0,0,0,0,0,0,0,0,0,0,0,0,0
"103",103,"M00109","C21-Steroid hormone biosynthesis, progesterone => cortisol/cortisone",0,0,0,0,0,0,0,0,0,0,0,0,0,0,0,0,0,0,0,0,0,0,0,0,0,0,0,0,0,0,0,0,0,0,0,0,0,0,0,0,0,0,0,0,0,0,0,0,0,0,0,0,0,0,0,0,0,0,0,0,0,0,0,0,0
"104",104,"M00110","C19/C18-Steroid hormone biosynthesis, pregnenolone => androstenedione => estrone",0,0,0,0,0,0,0,0,0,0,0,0,0,0,0,0,0,0,0,0,0,0,0,0,0,0,0,0,0,0,0,0,0,0,0,0,0,0,0,0,0,0,0,0,0,0,0,0,0,0,0,0,0,0,0,0,0,0,0,0,0,0,0,0,0
"105",105,"M00112","Tocopherol/tocotorienol biosynthesis, homogentisate + phytyl/geranylgeranyl-PP => tocopherol/tocotorienol",0,0,0,0,0,0,0,0,0,0,0,0,0,0,0,0,0,0,0,0,0,0,0,0,0,0,0,0,0,0,0,0,0,0,0,0,0,0,0,0,0,0,0,0,0,0,0,0,0,0,0,0,0,0,0,0,0,0,0,0,0,0,0,0,0
"106",106,"M00113","Jasmonic acid biosynthesis",0,0,0,0,0,0,0,0,0,0,0,0,0,0,0,0.0794659885568977,0,0,0.0629722921914358,0,0,0,0,0,0,0,0,0,0,0,0,0,0,0,0,0.0753465943339361,0,0,0,0,0,0.0403616402970617,0,0,0,0,0,0,0,0,0,0,0,0,0,0.083948959032908,0,0,0,0,0,0,0,0,0
"107",107,"M00114","Ascorbate biosynthesis, plants, fructose-6P => ascorbate",0,0.0474203338391502,0.116027227722772,0,0,0,0.0432376340366655,0,0.144508670520231,0.0368188512518409,0,0,0,0.0335840945728103,0,0.0794659885568977,0.0573921028466483,0.0468867216804201,0.188916876574307,0.0261396905060644,0,0,0,0,0.0468164794007491,0,0,0,0.110815602836879,0.0836680053547523,0.0582479030754893,0,0,0,0,0.0753465943339361,0,0.0535331905781585,0.0986582478295185,0,0.0554815801154017,0.161446561188247,0,0,0,0,0.354609929078014,0.103562551781276,0,0,0,0.036106296938186,0,0,0.175438596491228,0.083948959032908,0,0.0530335171828596,0.15748031496063,0,0.162707452001302,0.093984962406015,0,0.0467464472700075,0
"108",108,"M00115","NAD biosynthesis, aspartate => quinolinate => NAD",1.58277936055714,1.99165402124431,1.89511138613861,1.66984732824427,1.46866840731071,1.34524321997417,1.55655482531996,2.60617760617761,1.30057803468208,1.54639175257732,1.06307583274274,1.68463611859838,2.15594681997844,1.00752283718431,1.56630699617125,2.78130959949142,2.41046831955923,1.1721680420105,2.83375314861461,1.46382266833961,2.46324679386925,0.776933701657459,1.68282175551966,1.78367579908676,1.96629213483146,2.70921131848284,2.43190661478599,2.3696682464455,0.997340425531915,2.09170013386881,1.45619757688723,0.677506775067751,0,1.93798449612403,1.93156732891832,0.678119349005425,0,1.60599571734475,0.887924230465667,1.53491941673062,0.221926320461607,1.41265741039716,2.21238938053097,1.8796992481203,0,1.97195442594216,1.47754137115839,2.5890637945319,0.374002659574468,1.35810517166449,0.730282375851996,1.2998266897747,1.89178963299281,0.690184049079755,2.19298245614035,0.755540631296172,1.83523654159869,0.212134068731438,1.92913385826772,0.398936170212766,0.650829808005207,0.845864661654135,1.5495867768595,1.16866118175019,1.87813021702838
"109",109,"M00116","Menaquinone biosynthesis, chorismate (+ polyprenyl-PP) => menaquinol",0.14069149871619,0.16860563142809,0.206270627062706,0.212044105173876,0.0725268349289237,2.67852872243746,0.345901072293324,0.0429000429000429,0.128452151573539,0.130911471117657,0,3.35429769392034,0.159699764442847,0.119410114036659,0.154696987276173,3.3905488450943,0.051015202530354,0.166708343752605,5.48558634200952,0.37176448719736,0.417057658221249,4.29711479435236,0.478669299347813,4.5662100456621,0.166458593424886,0.401364639775236,0.0864677907479464,0.234041308290913,0,0.0743715603153354,0.207103655379517,0.150557061126167,0,0.0957029380801991,0.0408797318289592,4.21940928270042,0.11795234725171,0.190340233166786,4.29711479435236,0.085273300929479,0.0493169601025793,2.76253004699889,0.262209111766634,0.222779170147591,0,0.0486902327393125,0.0525348043078539,0.368222406333425,0.0738770685579196,0.0482881838814042,6.924158822893,0.128377944669106,0.0420397696220625,3.8173142467621,0.701754385964912,3.65644354898888,0.0453144825086097,0.188563616650167,0.20997375328084,0.354609929078014,0.0361572115558448,4.67836257309942,0.0765228037955311,0.16620959029336,0.092747171211278
"110",110,"M00117","Ubiquinone biosynthesis, prokaryotes, chorismate (+ polyprenyl-PP) => ubiquinol",2.11037248074285,0.790338897319171,3.09405940594059,3.33969465648855,2.82854656222802,1.00444827091405,2.59425804219993,2.57400257400257,4.72061657032755,2.23367697594502,2.3623907394283,0.179694519317161,1.07797340998922,3.69425040300913,3.48068221371389,0.317863954227591,0.956535047444138,4.12603150787697,0.0419815281276238,0.522793810121288,1.04264414555312,0.920810313075506,1.61550888529887,0.0475646879756469,0.780274656679151,5.86995785671282,3.17769130998703,3.55450236966825,0.295508274231678,2.34270414993307,1.55327741534638,5.42005420054201,1.53688524590164,4.30663221360896,3.03532008830022,0.401848503114326,3.18471337579618,2.28408279800143,0.394632991318074,5.62803786134561,1.47950880307738,0.24216984178237,2.06489675516224,1.50375939849624,0,1.27811860940695,0.788022064617809,5.52333609500138,2.43794326241135,3.62161379110532,0.0811424862057773,3.97169266320046,1.51343170639425,0.408997955010225,2.10526315789474,0.335795836131632,3.39858618814573,1.06067034365719,2.59842519685039,1.86170212765957,1.35589543334418,0.37593984962406,3.73048668503214,4.11368735976066,4.17362270450751
"111",111,"M00118","Glutathione biosynthesis, glutamate => glutathione",0.379867046533713,0.455235204855842,0.371287128712871,0.254452926208651,0.391644908616188,0,0.415081286751989,0.463320463320463,0,0.235640648011782,0.850460666194189,0,0.431189363995688,0.214938205265986,0.278454577097111,0,0.550964187327824,0.300075018754689,0,0.250941028858218,0.375351892399124,0,0,0.114155251141553,0.449438202247191,0.120409391932571,0.622568093385214,0.421274354923644,0.709219858156028,0,0.372786579683131,1.0840108401084,0,0.516795865633075,0.294334069168506,0,0.849256900212314,0.342612419700214,0,0.613967766692249,0.355082112738571,0.0645786244752987,0,0,0,0.525854513584575,0.378250591016548,0.662800331400166,0.265957446808511,0.34767492394611,0,0.231080300404391,0.30268634127885,0,1.12280701754386,0,0.489396411092985,0.339414509970301,0.377952755905512,0.425531914893617,0.260331923202083,0,0.413223140495868,0.299177262528048,0.500834724540902
"112",112,"M00119","Pantothenate biosynthesis, valine/L-aspartate => pantothenate",1.84657592064999,1.01163378856854,0.464108910891089,1.59033078880407,2.71975630983464,1.72191132156694,1.61420500403551,3.08880308880309,0.192678227360308,0.883652430044183,2.3623907394283,1.79694519317161,1.6768475266499,2.01504567436862,1.39227288548556,1.58931977113795,0.68870523415978,0.750187546886722,2.01511335012594,1.25470514429109,1.56396621832968,2.30202578268877,1.7950098725543,1.90258751902587,1.24843945068664,0.903070439494281,2.59403372243839,2.19413726522731,1.32978723404255,2.23114680946006,1.55327741534638,0,0,0.645994832041344,1.22639195486878,2.81293952180028,0,0.642398286937901,2.63088660878716,0.511639805576874,2.07131232430833,0.861048326337316,3.93313667649951,1.67084377610693,0,2.19106047326906,1.97005516154452,1.24275062137531,1.55141843971631,0.869187309865276,0,0.962834585018294,3.27910203052087,2.45398773006135,1.05263157894737,2.23863890754421,0.815660685154976,1.69707254985151,0.47244094488189,0.709219858156028,0.650829808005207,2.5062656641604,0.68870523415978,0.74794315632012,0.626043405676127
"113",113,"M00120","Coenzyme A biosynthesis, pantothenate => CoA",0.659491400232141,0.790338897319171,0.773514851485149,0.662637828668363,0.67993907745866,0.86095566078347,0.720627233944425,0.514800514800515,0.385356454720617,0.613647520864016,1.47649421214269,0.898472596585804,0.748592645825848,0.201504567436862,0.870170553428472,0.211909302818394,0.956535047444138,0.281320330082521,0.377833753148615,0.435661508434407,0.651652590970702,0.920810313075506,0.71800394902172,1.18911719939117,0.780274656679151,1.25426449929761,1.2970168612192,1.31648235913639,0.664893617021277,0.892458723784025,0.970798384591488,0,0,0.897215044501866,0.766494971792985,0.803697006228652,0.353857041755131,0.321199143468951,1.05235464351486,1.02327961115375,0.924693001923361,0.807232805941233,0.983284169124877,0.668337510442774,0,0.912941863862109,0.788022064617809,1.10466721900028,0.332446808510638,0.579458206576851,0.324569944823109,0.385133834007318,0.126119308866187,0.81799591002045,0.935672514619883,0.895455563017685,0.849646547036433,0.88389195304766,0.78740157480315,0.886524822695035,0.67794771667209,1.00250626566416,0.717401285583104,0.49862877088008,0.869504730105732
"114",114,"M00121","Heme biosynthesis, plants and bacteria, glutamate => heme",3.01783264746228,3.61659079413252,2.72277227722772,2.54452926208651,3.11140121845083,3.78820490744727,3.04392943618125,2.54826254826255,6.9364161849711,1.41384388807069,5.10276399716513,5.92991913746631,2.89855072463768,2.79419666845782,2.55250029005685,6.35727908455181,3.30578512396694,3.90097524381095,4.03022670025189,2.60699846647149,3.44072568032531,0.184162062615101,5.1337282355053,2.73972602739726,3.5705368289638,4.85651214128035,5.18806744487678,3.86168158680007,3.72340425531915,0.178491744756805,2.79589934762349,7.22673893405601,0.273224043715847,3.78983634797588,3.67917586460633,4.82218203737191,8.49256900212314,2.82655246252677,7.52433570113128,4.14428242517268,2.92942743009321,3.0136691421806,5.19174041297935,4.04344193817878,0.155038759689922,3.85626643295355,3.78250591016548,5.52333609500138,2.12765957446809,3.82442416340721,5.84225900681597,3.00404390525708,3.17820658342792,5.39877300613497,4.21052631578947,4.92500559659727,3.58890701468189,2.80016970725499,3.00262467191601,7.09219858156028,2.14773836641718,6.01503759398496,3.03030303030303,4.18848167539267,3.67278797996661
"115",115,"M00122","Cobalamin biosynthesis, cobyrinate a,c-diamide => cobalamin",2.27920227920228,2.73141122913505,2.78465346534653,2.54452926208651,2.05613577023499,0.0430477830391735,2.76720857834659,5.01930501930502,0,1.88512518409426,0.070871722182849,1.34770889487871,2.58713618397413,1.93444384739387,0.870170553428472,0.0635727908455181,1.60697887970615,3.03825956489122,0.0503778337531486,1.50564617314931,2.50234594932749,0.069060773480663,0.053850296176629,0.0570776255707763,2.69662921348315,0.0602046959662854,0,0.210637177461822,0.0886524822695035,0.0669344042838019,2.98229263746505,0,0,3.10077519379845,2.94334069168506,0.0602772754671489,0,1.54175588865096,1.97316495659037,0,2.84065690190857,3.19664191152728,0.0589970501474926,0.050125313283208,0.232558139534884,5.6091148115688,0.425531914893617,0.0828500414250207,2.12765957446809,0.173837461973055,0.0973709834469328,2.85961871750433,3.40522133938706,0.0613496932515337,0.0701754385964912,0.268636668905306,3.2626427406199,1.52736529486636,2.83464566929134,0.851063829787234,2.34298730881874,0.075187969924812,2.75482093663912,3.02916978309648,3.00500834724541
"116",116,"M00123","Biotin biosynthesis, pimeloyl-ACP/CoA => biotin",1.05518624037143,0,1.03135313531353,0.053011026293469,0.870322019147084,0.0717463050652891,0.922402859448864,0.0643500643500644,0,0.78546882670594,1.88991259154264,1.43755615453729,0.958198586657085,0.716460684219953,0.928181923657037,0.953591862682772,0,1.00025006251563,0,0.0348529206747525,0.834115316442498,0,1.43600789804344,0,0,2.00682319887618,0,1.40424784974548,2.95508274231678,0.111557340473003,0,0,0,1.14843525696239,0.981113563895021,1.6073940124573,0,1.14204139900071,2.10470928702973,2.55819902788437,0,0.861048326337316,2.3598820058997,1.67084377610693,0,1.1685655857435,1.57604412923562,2.20933443800055,0,1.1589164131537,1.46056475170399,0.962834585018294,0.0630596544330937,1.6359918200409,0.467836257309941,1.79091112603537,1.08754758020663,0.0707113562438128,0.83989501312336,0.0886524822695035,0,2.00501253132832,0.918273645546373,0.997257541760159,1.11296605453534
"117",117,"M00124","Pyridoxal-P biosynthesis, erythrose-4P => pyridoxal-P",1.05518624037143,1.26454223571067,0.825082508250825,1.06022052586938,1.08790252393386,1.43492610130578,0.922402859448864,1.02960102960103,0,0.981836033382425,1.41743444365698,1.79694519317161,0.958198586657085,1.6120365394949,0.928181923657037,0.423818605636787,0.918273645546373,2.25056264066016,0.503778337531486,0.697058413495051,0.834115316442498,1.84162062615101,1.7950098725543,0.856164383561644,1.24843945068664,1.60545855910094,3.24254215304799,1.75530981218185,0.591016548463357,1.78491744756805,1.2426219322771,0.22583559168925,0,1.43554407120299,1.71694873681629,1.6073940124573,0,2.56959314775161,2.10470928702973,5.37221795855718,1.1836070424619,0.645786244752987,1.17994100294985,2.00501253132832,0,1.1685655857435,1.97005516154452,3.45208505937586,1.10815602836879,2.60756192959583,0,2.02195262853842,1.0089544709295,1.6359918200409,2.33918128654971,1.79091112603537,1.35943447525829,1.41422712487626,1.0498687664042,0.0886524822695035,1.30165961601041,2.00501253132832,1.37741046831956,2.61780104712042,1.39120756816917
"118",118,"M00125","Riboflavin biosynthesis, plants and bacteria, GTP => riboflavin/FMN/FAD",0.984840491013331,1.03270949249705,1.1001100110011,1.13090189426067,1.01537568900493,1.17185631606639,1.22987047926515,1.88760188760189,0,0.589101620029455,1.41743444365698,1.43755615453729,1.11789835109993,1.20902740462117,0.812159183199907,0.882955428409974,1.24987246199367,1.68792198049512,1.00755667506297,0.813234815744226,0.973134535849581,1.38121546961326,1.07700592353258,1.14155251141553,1.01955888472742,1.63890561241555,2.07522697795071,1.05318588730911,1.23128447596533,0.0371857801576677,2.48524386455421,0,0,1.93798449612403,0.858474368408143,1.20554550934298,0,1.9271948608137,1.5785319652723,1.53491941673062,1.20826552251319,1.00455638072687,1.14716486397902,1.50375939849624,0.129198966408269,1.19291070211316,1.10323089046493,1.93316763325048,1.29284869976359,1.73837461973055,0,1.44425187752744,0.945894816496406,1.22699386503067,1.40350877192982,1.34318334452653,0.815660685154976,1.88563616650167,1.39982502187227,0.118203309692671,1.01240192356365,1.50375939849624,0.803489439853076,1.68287210172027,1.87813021702838
"119",119,"M00126","Tetrahydrofolate biosynthesis, GTP => THF",1.74105729661285,2.08649468892261,2.01113861386139,2.65055131467345,2.12140992167102,1.91323480174104,2.49817441100734,1.71600171600172,0.256904303147078,2.12731140566192,1.92928577053311,2.69541778975741,1.61696011498383,1.19410114036659,2.51382604323781,1.90718372536554,2.04060810121416,1.66708343752605,3.27455919395466,1.27794042474093,0.973134535849581,3.79834254143646,3.5900197451086,0.634195839675292,2.05992509363296,3.74606997123553,0.389105058365759,4.09572289509098,3.15208825847124,2.37988993009073,2.58879569224397,0.0752785305630834,0.11384335154827,2.15331610680448,4.16973264655384,2.41109101868596,0.530785562632696,1.90340233166786,2.45549416820135,1.27909951394218,2.21926320461607,2.33200588383023,1.37659783677483,4.17710944026734,0.129198966408269,1.97195442594216,1.28710270554242,2.9457792506674,1.03427895981087,2.39026510212951,0.0540949908038516,1.58867706528018,2.017908941859,2.99931833674165,2.49512670565302,3.28333706439818,2.71886895051659,1.90920661858294,2.20472440944882,1.6548463356974,2.38637596268576,2.63157894736842,2.1043771043771,2.05684367988033,2.08681135225376
"120",120,"M00127","Thiamine biosynthesis, prokaryotes, AIR (+ DXP/tyrosine) => TMP/TPP",1.55400155400155,1.65540074493033,1.35013501350135,1.21443442054129,1.24614289105151,0.156537392869722,1.32071318511996,1.22850122850123,0.105097214923805,1.07109385459901,2.70601121061787,2.74442538593482,1.56796132362068,1.19681500659469,1.32898775432712,0.0577934462231983,2.00350613573754,1.67087226352043,0.366384245477444,0.912512832211703,1.36491597236045,0.0627825213460573,3.42683702942184,0.0518887505188875,1.63432073544433,2.29872475507635,0.0707463742483198,2.01062760304466,1.61186331399097,0.0608494584398199,0.254172667965771,0,1.67660208643815,1.64435048155978,1.40477623921333,0.0547975231519535,0,1.90772824605801,4.01808136614766,0.0697690643968464,0.080700480167857,1.23286464907388,0.482703137570394,0,0,1.91219823121664,1.07457554266065,0,0.453336557059961,2.84461301410454,0,1.28669712725172,1.37584700581295,3.12325711098717,1.91387559808612,0.0610537883875694,1.55717039893223,0.0771396613568866,1.37437365783822,0.435203094777563,1.419992308375,0.0683526999316473,1.31480090157776,1.66587339362208,1.59356503263014
"121",121,"M00128","Ubiquinone biosynthesis, eukaryotes, 4-hydroxybenzoate + polyprenyl-PP => ubiquinol",0.0527593120185713,0.0632271117855336,0.0515676567656766,0.053011026293469,0.163185378590078,0,0.057650178715554,0.0643500643500644,0.770712909441233,0.0490918016691213,0.70871722182849,0,0.0598874116660678,0.0447787927637471,0.0580113702285648,0,0.0765228037955311,0.0625156289072268,0,0.0697058413495051,0.0521322072776561,0,0,0,0.0624219725343321,0.100341159943809,0,0.0877654906090925,0.591016548463357,0,0.077663870767319,0.22583559168925,5.46448087431694,0.0717772035601493,0.0613195977434388,0,0.176928520877565,0.0713775874375446,0,0.127909951394218,0.0739754401538689,0,0,0,0,0.0730353491089687,0,0.138083402375035,0.0554078014184397,0,0.649139889646219,0.0481417292509147,0.0630596544330937,0,0.116959064327485,0,0.0679717237629146,0.0707113562438128,0.05249343832021,0.0886524822695035,0.0542358173337672,0,0.0573921028466483,0.06232859636001,0.0695603784084585
"122",122,"M00129","Ascorbate biosynthesis, animals, glucose-1P => ascorbate",0.180889069777959,0.0541946672447431,0.176803394625177,0.681570338058888,0.559492726594554,2.4598733165242,0.296486633394278,1.10314396028682,0.165152766308836,0.631180307174416,0.10124531740407,0.308047747400847,0.0513320671423438,0.230290934213556,0.198896126497936,0,0.0655909746818838,0.053584824777623,0.287873335732278,0.627352572145546,0.402162741856204,0.0986582478295186,0.230786983614124,0.326157860404436,0.0535045478865704,0.0860067085232648,0.444691495275153,0.300910253516889,0.126646403242148,0.0956205775482884,0.665690320862735,1.54858691444057,0,0.246093269349083,0.315357931251971,0.0861103935244984,0.606612071580224,0.244723156928724,0.112752283233735,0,0.253630080527551,0.96867936712948,0.505689001264222,0.859291084854995,0.332225913621262,0.25040691123075,0.0675447483958122,0.118357202035744,1.66223404255319,0.745017694170237,0.13910140492419,0.577700751010976,1.29722717690936,0.525854513584575,1.50375939849624,0.863475007195625,0.233045910044279,0.242438935693072,0.179977502812148,0.0759878419452888,0.929756868578867,0.107411385606874,0.885478158205431,0.213698044662891,0.238492725971858
"123",123,"M00130","Inositol phosphate metabolism, PI=> PIP2 => Ins(1,4,5)P3 => Ins(1,3,4,5)P4",0,0,0,0,0,0,0,0,0,0,0,0,0,0,0,0,0,0,0,0,0,0,0,0,0,0,0,0,0,0,0,0,0,0,0,0,0,0,0,0,0,0,0,0,0,0,0,0.0690417011875173,0,0,0,0,0,0,0,0,0,0,0,0,0,0,0,0,0
"124",124,"M00131","Inositol phosphate metabolism, Ins(1,3,4,5)P4 => Ins(1,3,4)P3 => myo-inositol",0.158277936055714,0.0948406676783005,0.0773514851485149,0.0795165394402036,0.0815926892950392,0.107619457597934,0.172950536146662,0.28957528957529,0.289017341040462,0.441826215022091,0.354358610914245,0.134770889487871,0.0898311174991017,0.0671681891456206,0.0870170553428472,0,0.114784205693297,0.0937734433608402,0.251889168765743,0.104558762024258,0.0781983109164842,0.172651933701657,0.134625740441572,0.142694063926941,0.0936329588014981,0.150511739915713,0.194552529182879,0.131648235913639,0.443262411347518,0.167336010709505,0.349487418452936,0.338753387533875,0.512295081967213,0.107665805340224,0,0.150693188667872,0.265392781316348,0.107066381156317,0,0.191864927091328,0.443852640923213,0.24216984178237,0.147492625368732,0.12531328320802,0,0.109553023663453,0.118203309692671,0.207125103562552,0.415558510638298,0.108648413733159,0.243427458617332,0.144425187752744,0.283768444948922,0,0.175438596491228,0,0.101957585644372,0.530335171828596,0.078740157480315,0.132978723404255,0.813537260006508,0,0.0860881542699724,0.093492894540015,0.104340567612688
"125",125,"M00132","Inositol phosphate metabolism, Ins(1,3,4)P3 => phytate",0,0,0,0,0,0,0,0,0,0,0,0,0,0,0,0,0,0,0,0,0,0,0,0,0,0,0,0,0,0,0,0,0,0,0,0,0,0,0,0,0,0,0,0,0,0,0,0,0,0,0,0,0,0,0,0,0,0,0,0,0,0,0,0,0
"126",126,"M00133","Polyamine biosynthesis, arginine => agmatine => putrescine => spermidine",1.26622348844571,0.948406676783004,0.928217821782178,1.11323155216285,0.652741514360313,0.0717463050652891,0.86475268073331,0.257400257400257,0.192678227360308,0.589101620029455,0.70871722182849,0.0898472596585804,1.43729787998563,1.79115171054988,1.21823877479986,1.05954651409197,2.44872972145699,2.00050012503126,0,1.11529346159208,0.625586487331874,2.76243093922652,1.34625740441572,1.14155251141553,0.936329588014981,1.20409391932571,0.518806744487678,0.35106196243637,0,0.669344042838019,0.232991612301957,0,0,1.29198966408269,1.47167034584253,1.20554550934298,0,1.71306209850107,1.5785319652723,0.511639805576874,0.369877200769345,0.322893122376493,0.0983284169124877,0.167084377610693,1.55038759689922,1.09553023663453,1.18203309692671,0.138083402375035,0.664893617021277,1.1589164131537,1.94741966893866,0.962834585018294,0.126119308866187,1.22699386503067,0,0.447727781508843,1.42740619902121,0.353556781219064,0.94488188976378,0.0886524822695035,0.433886538670138,1.12781954887218,1.20523415977961,1.74520069808028,1.25208681135225
"127",127,"M00134","Polyamine biosynthesis, arginine => ornithine => putrescine",0.105518624037143,0.252908447142135,0,0.106022052586938,0.108790252393386,0,0.115300357431108,0.257400257400257,0,0.78546882670594,0.23623907394283,0.179694519317161,0.119774823332136,0.0895575855274942,0.11602274045713,0,0.306091215182124,0.125031257814454,0.167926112510495,0.13941168269901,0.104264414555312,0.230202578268877,0.17950098725543,0,0.249687890137328,0,0,0,0,0.223114680946006,0.621310966138552,0,0,0.143554407120299,0.122639195486878,0,0,0.285510349750178,0.263088660878716,0,0.887705281846427,0,0,0,0,0,0.157604412923562,0.276166804750069,0.332446808510638,0.144864551644213,0,0.0962834585018294,0.252238617732375,0.204498977505112,0.233918128654971,0,0.135943447525829,0.565690849950502,0,0,0.433886538670138,0,0.114784205693297,0.12465719272002,0.139120756816917
"128",128,"M00135","GABA biosynthesis, eukaryotes, putrescine => GABA",0.633111744222855,0.151745068285281,0.495049504950495,0.0636132315521628,0.0652741514360313,0.344382264313388,0.13836042891733,0.694980694980695,0.23121387283237,0.412371134020619,0,1.07816711590296,0.287459575997125,0.644814615797958,0.208840932822833,0.254291163382072,0.0918273645546373,0.300075018754689,0.906801007556675,0.627352572145546,0.187675946199562,1.10497237569061,1.07700592353258,0.114155251141553,0.149812734082397,0.722456351595425,0.155642023346304,0.105318588730911,0.177304964539007,0.401606425702811,0.279589934762349,0,0.409836065573771,1.55038759689922,0,1.20554550934298,0,0.0856531049250535,0.631412786108919,0.613967766692249,0.710164225477142,2.13109460768486,0.23598820058997,0.300751879699248,0,0.0876424189307625,1.13475177304965,0,0.0664893617021277,0.0869187309865276,0.194741966893866,0.693240901213172,0.6053726825577,1.22699386503067,0.701754385964912,1.34318334452653,0.32626427406199,0.593975392448027,0.503937007874016,0.851063829787234,1.17149365440937,1.20300751879699,0.275482093663912,0.673148840688108,1.5025041736227
"129",129,"M00136","GABA biosynthesis, prokaryotes, putrescine => GABA",0,1.13808801213961,0.15470297029703,0.318066157760814,0.97911227154047,0,0.345901072293324,0.193050193050193,0,1.32547864506627,0,0,0,1.20902740462117,0.696136442742778,0,0.459136822773186,1.12528132033008,0,0,0.312793243665937,0,0,0,1.12359550561798,0,0,0,0,0,0.698974836905871,0,0,0,0.367917586460633,0,0,1.2847965738758,0,0,0.66577896138482,0.0807232805941233,0,0,0,0,0,0.207125103562552,0.0831117021276596,0.108648413733159,0,1.94974003466205,0.0945894816496406,0,0.175438596491228,0,0.407830342577488,0.636402206194315,0.15748031496063,0,0.0813537260006508,0,0.34435261707989,1.12191473448018,0
"130",130,"M00137","Flavanone biosynthesis, phenylalanine => naringenin",0,0,0,0,0,0,0,0,0,0,0,0,0,0,0,0,0,0,0,0,0,0,0,0,0,0,0,0,0,0,0,0,0,0,0,0,0,0,0,0,0,0,0,0,0,0,0,0,0,0,0,0,0,0,0,0,0,0.0848536274925753,0,0,0,0,0,0,0
"131",131,"M00138","Flavonoid biosynthesis, naringenin => pelargonidin",0,0,0,0,0,0,0,0,0,0,0,0,0,0,0,0,0,0,0,0,0,0,0,0,0,0,0,0,0,0,0,0,0,0,0,0,0,0,0,0,0,0,0,0,0,0,0,0,0,0,0,0,0,0,0,0,0,0,0,0,0,0,0,0,0
"132",132,"M00140","C1-unit interconversion, prokaryotes",0.379867046533713,0.303490136570561,0.247524752475248,0.254452926208651,0.261096605744125,0.344382264313388,0.415081286751989,0.694980694980695,0.92485549132948,0.706921944035346,0.566973777462792,0.431266846361186,0.431189363995688,0.644814615797958,0.278454577097111,0.508582326764145,0.367309458218549,0.450112528132033,0.403022670025189,0.334588038477624,0.375351892399124,1.24309392265193,0.430802369413032,0.45662100456621,0.449438202247191,0.481637567730283,0.622568093385214,0.421274354923644,0.709219858156028,0.535475234270415,1.39794967381174,1.0840108401084,1.63934426229508,0.344530577088717,0.662251655629139,0.482218203737191,0.849256900212314,0.342612419700214,0.631412786108919,0.613967766692249,1.06524633821571,0.516628995802389,0.471976401179941,0.401002506265664,1.86046511627907,0.525854513584575,0.851063829787234,0.662800331400166,0.598404255319149,0.34767492394611,0.778967867575463,0.462160600808781,0.908059023836549,0.49079754601227,0.56140350877193,0.537273337810611,0.734094616639478,1.27280441238863,0.251968503937008,0.638297872340426,0.780995769606248,0.601503759398496,0.619834710743802,0.598354525056096,0.333889816360601
"133",133,"M00141","C1-unit interconversion, eukaryotes",0.158277936055714,0.0948406676783005,0.0773514851485149,0.0795165394402036,0.0815926892950392,0.107619457597934,0.172950536146662,0.0965250965250965,0.289017341040462,0.0736377025036819,0.177179305457123,0.134770889487871,0.179662234998203,0.335840945728103,0.0870170553428472,0.158931977113795,0.114784205693297,0.18754688672168,0.125944584382872,0.104558762024258,0.156396621832968,0.172651933701657,0.134625740441572,0.142694063926941,0.187265917602996,0.150511739915713,0.194552529182879,0.131648235913639,0.221631205673759,0.167336010709505,0.232991612301957,0.338753387533875,0.512295081967213,0.107665805340224,0.0919793966151582,0.150693188667872,0.265392781316348,0.107066381156317,0.197316495659037,0.191864927091328,0.110963160230803,0.161446561188247,0.147492625368732,0.12531328320802,0.581395348837209,0.219106047326906,0.118203309692671,0.207125103562552,0.0831117021276596,0.108648413733159,0.243427458617332,0.216637781629116,0.189178963299281,0.153374233128834,0.175438596491228,0.167897918065816,0.101957585644372,0.212134068731438,0.078740157480315,0.265957446808511,0.162707452001302,0.18796992481203,0.0860881542699724,0.280478683620045,0.104340567612688
"134",134,"M00142","NADH:ubiquinone oxidoreductase, mitochondria",0,0,0,0,0,0,0,0,0,0,0,0,0,0,0,0,0,0,0,0,0,0,0,0,0,0,0,0,0,0,0,0,0,0,0,0,0,0,0,0,0,0,0,0,0,0,0,0,0,0,0,0,0,0,0,0,0,0,0,0,0,0,0,0,0
"135",135,"M00143","NADH dehydrogenase (ubiquinone) Fe-S protein/flavoprotein complex, mitochondria",0,0,0,0.0289151052509831,0,0,0,0.0351000351000351,0.945874934314241,0.0267773463649752,1.03086141356871,0,0,0,0,0,0,0,0,0,0,0,0,0,0,0,0.0707463742483198,0,1.28949065119278,0,0.169448445310514,1.47819660014782,0,0,0,0,0,0,0,0,0.161400960335714,0,0,0,0,0,0,0,0.0302224371373308,0,0,0,0.0343961751453238,0,0,0,0,0.154279322713773,0,0,0.118332692364583,0,0,0,0
"136",136,"M00144","NADH:quinone oxidoreductase, prokaryotes",4.18971007206301,5.35570829242167,4.09507862550961,4.49034575662326,4.31961296267854,10.6353346332076,4.57810242741164,5.79150579150579,17.3410404624277,3.37867105605129,10.5056905823988,12.8428729982559,4.75576504407009,3.76141859215476,4.60678528285662,4.11353352529823,6.07681088964511,4.94241207360664,0,2.76773193593623,4.13991057793152,9.7497562560936,7.12724508220089,9.1324200913242,5.28750826173166,5.98505506958955,10.2998397802701,6.96961248954558,6.25782227784731,9.44956295771321,6.57858670029055,17.6151761517615,0,5.6999544003648,3.37618491105051,8.5097330071269,0,5.99571734475375,10.4461674172431,10.8347252945691,6.6577896138482,4.27358544321829,6.76730869338886,2.94854784018871,0,5.7998659586534,8.90001390627173,10.9654466591939,1.93601376720901,0.0255643326430963,0,3.33027491759269,5.34152366962676,8.66113316492241,4.99484004127967,8.88871330936673,5.39775453411381,5.98966782300532,4.7244094488189,6.19524405506884,5.16835435768841,11.2781954887218,4.55760816723383,5.23560209424084,5.52391240302465
"137",137,"M00145","NAD(P)H:quinone oxidoreductase, chloroplasts and cyanobacteria",0,0.0270973336223716,0.0221004243281471,0,0,0,0,0,0,0,0,0,0,0,0,0,0,0,0,0,0,0,0,0,0.0267522739432852,0,0.0555864369093941,0,0,0,0,0.0967866821525358,0.146370023419204,0,0,0,0,0,0,0,0,0.0230637944554638,0,0,0,0,0,0.0591786010178719,0,0,0,0,0,0,0,0,0,0,0.0449943757030371,0,0,0,0,0,0
"138",138,"M00146","NADH dehydrogenase (ubiquinone) 1 alpha subcomplex",0,0,0,0,0,0,0,0,0,0,0,0,0,0,0,0,0,0,0,0,0,0,0,0,0,0,0,0,0,0.0478102887741442,0,0,0,0,0,0,0,0,0,0,0,0,0,0,0,0,0,0,0,0,0,0,0,0,0,0,0,0,0,0,0,0,0,0,0
"139",139,"M00147","NADH dehydrogenase (ubiquinone) 1 beta subcomplex",0,0,0,0,0,0,0,0,0,0,0,0,0,0,0,0,0,0,0,0,0,0,0,0,0,0,0,0,0,0,0,0,0,0,0,0,0,0,0,0,0,0,0,0,0,0,0,0,0,0,0,0,0,0,0,0,0,0,0,0,0,0,0,0,0
"140",140,"M00148","Succinate dehydrogenase (ubiquinone)",0,0,0,0,0,0,0,0,0,0,0,0,0,0,0,0,0,0,0,0,0,0,0,0,0,0,0,0,0,0,0,0.2710027100271,0,0,0,0,0,0,0,0,0,0,0,0,0,0,0,0,0,0,0,0,0,0,0,0,0,0,0,0,0,0,0,0,0
"141",141,"M00149","Succinate dehydrogenase, prokaryotes",1.05518624037143,1.01163378856854,0.825082508250825,0.848176420695505,0.870322019147084,0.645716745587602,0.922402859448864,1.02960102960103,3.08285163776493,0.981836033382425,3.30734703519962,1.07816711590296,0.958198586657085,0.716460684219953,0.928181923657037,0.953591862682772,1.2243648607285,1.00025006251563,1.34340890008396,0.557646730796041,0.834115316442498,1.03591160220994,0.807754442649435,0.856164383561644,0.998751560549313,0.903070439494281,2.07522697795071,1.40424784974548,1.77304964539007,1.00401606425703,1.2426219322771,2.03252032520325,0,1.14843525696239,1.22639195486878,0.904159132007233,2.83085633404105,1.14204139900071,1.18389897395422,2.0465592223075,1.1836070424619,1.5068345710903,0.393313667649951,1.00250626566416,0,1.1685655857435,0.945626477541371,2.20933443800055,0.886524822695035,1.1589164131537,1.46056475170399,0.770267668014635,1.26119308866187,0.920245398773006,1.87134502923977,1.0073875083949,1.08754758020663,1.131381699901,0.83989501312336,2.12765957446809,0.867773077340275,1.12781954887218,0.918273645546373,0.997257541760159,1.11296605453534
"142",142,"M00150","Fumarate reductase, prokaryotes",0,0.0948406676783005,0,0,0,0,0,0,0,0,0,0,0,0,0,0,0.114784205693297,0,0,0.0522793810121288,0.0781983109164842,0,0,0,0.0936329588014981,0,0,0,0,0,0,0,0,0,0,0,0,0,0,0,0,0.0807232805941233,0,0,0,0,0,0,0.0831117021276596,0,0,0,0,0,0,0,0,0,0,0,0,0,0,0,0
"143",143,"M00151","Cytochrome bc1 complex respiratory unit",0.284900284900285,0.341426403641882,0.278465346534653,0.381679389312977,0.293733681462141,0,0.311310965063992,0.463320463320463,1.04046242774566,0.471281296023564,0.283486888731396,0,0.323392022996766,0.241805480924234,0.31326139923425,0,0.413223140495868,0.337584396099025,0.453400503778337,0.188205771643664,0.375351892399124,0,0,0,0.337078651685393,0.541842263696568,0.700389105058366,0.473933649289099,1.06382978723404,0,0.745573159366263,0,0,0.387596899224806,0.33112582781457,0,0.955414012738853,0.385438972162741,0,0.69071373752878,0.710164225477142,0.96867936712948,0,0,0,0.394390885188431,0,0.745650372825186,0.299202127659574,0.391134289439374,0,0.259965337954939,0.340522133938706,0,0.0701754385964912,0,0.367047308319739,0.678829019940602,0.283464566929134,0,0.292873413602343,0,0.309917355371901,0.336574420344054,0.375626043405676
"144",144,"M00152","Cytochrome bc1 complex",0.284900284900285,0.341426403641882,0.278465346534653,0.381679389312977,0.293733681462141,0,0.311310965063992,0.463320463320463,1.04046242774566,0.265095729013255,0.283486888731396,0,0.323392022996766,0.241805480924234,0.31326139923425,0,0.413223140495868,0.337584396099025,0,0.188205771643664,0.375351892399124,0,0,0,0.337078651685393,0.541842263696568,0.700389105058366,0.473933649289099,0.531914893617021,0,0.419384902143523,0,0,0.387596899224806,0.33112582781457,0,0.955414012738853,0.385438972162741,0,0.69071373752878,0.399467376830892,0.0322893122376493,0,0,0,0.394390885188431,0,0.745650372825186,0.299202127659574,0.391134289439374,0,0.259965337954939,0.340522133938706,0,0.0701754385964912,0,0.367047308319739,0.381841323716589,0.283464566929134,0,0.130165961601041,0,0.309917355371901,0.336574420344054,0.375626043405676
"145",145,"M00153","Cytochrome bd ubiquinol oxidase",0,0,0.464108910891089,0,0,0,0.345901072293324,0.386100386100386,0,0.441826215022091,0.177179305457123,0.808625336927224,0.808480057491915,0.268672756582483,0.348068221371389,0,0,0.375093773443361,0.503778337531486,0.470514429109159,0.312793243665937,0,0,0.570776255707763,0,1.35460565924142,0.778210116731518,0.526592943654555,0,0,0,2.03252032520325,0,0.968992248062015,0.367917586460633,0.602772754671489,1.06157112526539,0.428265524625268,0,1.15118956254797,0,0.322893122376493,0.147492625368732,0.50125313283208,0,0.438212094653812,0.118203309692671,1.65700082850041,0,0.869187309865276,0.973709834469328,0.288850375505488,0.378357926598562,0,1.05263157894737,0,0.407830342577488,0.954603309291472,0.31496062992126,1.59574468085106,0.325414904002603,0.75187969924812,0.34435261707989,1.40239341810022,0
"146",146,"M00154","Cytochrome c oxidase",0.167588402882521,0.200839060965813,0.163803145020384,0.168387965873372,0.230379358009522,0.101288901268643,0.183124097096466,0.272541449012037,0.612036722203332,0.155938664125444,0.375203235085671,0.126843190106231,0.190230601762804,0.142238518190726,0.184271411314265,0.037395759320893,0.108032193593691,0.198579056528838,0.118536079419173,0.110709277437449,0.165596423117261,0.16249593760156,0.126706579239127,0.13430029546065,0.198281559814937,0.318730743350923,0.411993591210803,0.278784499581823,0.469336670838548,0.157492715961887,0.246697001260896,0,0,0.227998176014592,0.194779898714453,0.141828883452115,0.562008242787561,0.226728807154553,0.185709642973211,0.180578754909485,0.234980809900525,0.0759748523238808,0.138816588582336,0.117941913607548,0,0.231994638346136,0.111250173828397,0.438617866367757,0.176001251564456,0.230078993787867,0.0572770490864311,0.203894382709756,0.0445126972468897,0.144352219415374,0.371517027863777,0.158021569944297,0.215910181364552,0.224612543362699,0.166743862899491,0.375469336670839,0.0191420531766237,0.176912870411322,0.182304326689353,0.197984953143561,0.220956496120986
"147",147,"M00155","Cytochrome c oxidase, prokaryotes",0.633111744222855,0.758725341426404,0.618811881188119,0.636132315521629,2.39338555265448,1.07619457597934,0.691802144586648,0.579150579150579,1.73410404624277,0.589101620029455,0.47247814788566,1.34770889487871,1.43729787998563,1.07469102632993,1.39227288548556,1.58931977113795,0.68870523415978,0.562640660165041,0.755667506297229,1.11529346159208,1.25117297466375,1.38121546961326,1.07700592353258,1.5220700152207,0.749063670411985,1.50511739915713,1.16731517509728,1.05318588730911,1.32978723404255,1.33868808567604,0.698974836905871,0,0,0.861326442721792,0.245278390973755,1.20554550934298,1.59235668789809,0.642398286937901,1.5785319652723,1.53491941673062,0.66577896138482,0.807232805941233,1.17994100294985,1.00250626566416,0,0.876424189307625,0.709219858156028,2.07125103562552,0.831117021276596,1.1589164131537,0,0.770267668014635,0.0630596544330937,1.22699386503067,1.05263157894737,1.34318334452653,0.815660685154976,0.636402206194315,0.78740157480315,1.32978723404255,0.325414904002603,1.8796992481203,0.516528925619835,0.74794315632012,0.834724540901502
"148",148,"M00156","Cytochrome c oxidase, cbb3-type",1.01297879075657,1.21396054628225,0.99009900990099,1.01781170483461,1.0443864229765,0.344382264313388,1.3836042891733,1.23552123552124,0,1.17820324005891,1.70092133238838,0.970350404312668,1.1498383039885,1.93444384739387,1.11381830838844,0.127145581691036,1.83654729109275,2.40060015003751,0,0,2.50234594932749,0.552486187845304,0.430802369413032,1.02739726027397,1.19850187265918,1.08368452739314,0,1.68509741969458,0,0.535475234270415,1.49114631873253,0,0,1.37812230835487,1.47167034584253,0.482218203737191,0,3.08351177730193,0.631412786108919,0,1.42032845095428,0,0.707964601769912,0.601503759398496,0,1.4022787028922,0.378250591016548,0,1.32978723404255,1.39069969578444,0,2.5418833044483,1.51343170639425,1.22699386503067,0,0.537273337810611,1.30505709624796,1.3576580398812,1.00787401574803,0.106382978723404,1.04132769280833,0.601503759398496,1.10192837465565,2.39341810022438,1.3355592654424
"149",149,"M00157","F-type ATPase, prokaryotes and chloroplasts",2.53244697689142,3.03490136570561,2.78465346534653,2.54452926208651,2.93733681462141,3.44382264313388,3.11310965063992,3.86100386100386,12.7167630057803,2.94550810014728,7.79588944011339,2.42587601078167,2.87459575997125,2.14938205265986,2.78454577097111,1.27145581691036,3.67309458218549,3.00075018754689,0.566750629722922,1.67294019238812,2.50234594932749,5.52486187845304,4.84652665589661,3.99543378995434,2.99625468164794,5.41842263696568,6.22568093385214,4.21274354923644,3.32446808510638,5.35475234270415,4.65983224603914,6.09756097560976,12.5512295081967,3.44530577088717,1.37969094922737,4.82218203737191,8.49256900212314,3.42612419700214,6.31412786108919,6.9071373752878,4.43852640923213,2.90603810138844,5.89970501474926,4.01002506265664,18.6046511627907,3.5056967572305,3.78250591016548,6.62800331400166,3.4906914893617,3.4767492394611,0,2.31080300404391,3.78357926598562,4.9079754601227,7.01754385964912,5.37273337810611,3.2626427406199,4.24268137462877,3.1496062992126,5.11968085106383,4.23039375203384,6.01503759398496,2.75482093663912,2.99177262528048,3.33889816360601
"150",150,"M00158","F-type ATPase, eukaryotes",0,0,0,0,0,0,0,0,0,0,0,0,0,0,0,0,0,0,0,0,0,0,0,0.0285388127853881,0,0,0,0,0,0,0,0.0677506775067751,0,0,0,0,0,0,0,0,0,0,0,0,0,0,0,0,0.0166223404255319,0,0,0,0,0,0,0,0,0,0,0,0,0,0,0,0
"151",151,"M00159","V/A-type ATPase, prokaryotes",0,0,0,0,0,0,0,0,0,0,0,0,0,0,0,0,0,0,0,0,0,0,0,0,0,0,0,0,0,0,0,0.150557061126167,0,0,0,0,0,0,0,0,0,0,0,0,0,0,0,0,0,0,3.89483933787731,0,0,0,0,0,0,0,0,0,0,0,0,0,0
"152",152,"M00160","V-type ATPase, eukaryotes",0,0,0,0,0,0,0,0,0,0,0,0,0,0,0,0.0454091363182272,0,0,0,0,0,0,0,0,0,0,0,0,0,0,0,0,0,0,0,0,0,0,0,0,0,0,0,0,0,0,0,0,0,0,0,0,0,0,0,0,0,0,0,0,0,0,0,0,0
"153",153,"M00161","Photosystem II",0,0,0,0,0,0,0,0,0,0,0,0,0,0,0,0,0,0,0,0,0,0,0,0,0,0,0,0,0,0,0,0,0,0,0,0,0,0,0,0,0,0,0,0,0,0,0,0,0,0,0,0,0,0,0,0,0,0,0,0,0,0,0,0,0
"154",154,"M00162","Cytochrome b6f complex",0,0,0,0,0,0.107619457597934,0,0,0,0,0,0.0673854447439353,0,0,0,0,0,0,0,0,0,0.0863259668508287,0.0673128702207862,0,0,0,0,0,0,0,0,0,0,0,0,0,0,0,0,0,0,0.161446561188247,0,0,0,0,0,0,0,0,0,0,0,0,0,0,0,0,0,0,0,0,0,0,0
"155",155,"M00163","Photosystem I",0,0,0,0,0,0,0,0,0,0,0,0,0,0,0,0,0,0,0,0,0,0,0,0,0,0,0,0,0,0,0,0,0,0,0,0,0,0,0,0,0,0,0,0,0,0,0,0,0,0,0,0,0,0,0,0,0,0,0,0,0,0,0,0,0
"156",156,"M00165","Reductive pentose phosphate cycle (Calvin cycle)",1.20592713185306,1.15615290122119,1.2965582272513,3.63504180298073,3.6367027228646,2.76735748108972,1.33418985027425,1.91211619783048,0.880814753647123,2.01977698295813,2.83486888731396,2.66974714414068,1.09508409903667,1.02351526317136,1.06077934132233,3.3905488450943,1.39927412654685,1.57182152681027,1.43936667866139,1.3941168269901,3.75351892399124,2.07182320441989,1.7950098725543,1.95694716242661,1.1414303549135,1.40477623921333,2.07522697795071,2.00606835677926,2.65957446808511,2.00803212851406,4.5266941818666,1.29048909536714,0.0975800156128025,1.31249743652844,1.40159080556432,3.01386377335744,2.47699929228592,1.57030692362598,3.60807306347954,3.21602163505464,5.49531841143026,1.10706213386226,3.79266750948167,3.00751879699248,6.97674418604651,1.335503526564,2.16143194866599,2.48550124275062,1.51975683890578,2.42130750605327,1.94741966893866,1.21042062116586,2.16204529484893,2.5708442886357,2.40601503759398,3.07013335891778,1.24291152023615,7.43479402792088,1.19985001874766,1.95035460992908,1.70455425906126,3.72359470103831,1.04945559491014,1.56711899419454,1.27196120518324
"157",157,"M00168","CAM (Crassulacean acid metabolism), dark",0.316555872111428,0.379362670713202,0.464108910891089,0.318066157760814,0.326370757180157,0.430477830391735,0.345901072293324,0.0965250965250965,0.289017341040462,0.147275405007364,0.177179305457123,0.134770889487871,0.359324469996407,0.0671681891456206,0.348068221371389,0.953591862682772,0.459136822773186,0.0937734433608402,1.00755667506297,0.209117524048515,0.312793243665937,0.172651933701657,0.134625740441572,0.570776255707763,0.374531835205993,0.150511739915713,0.194552529182879,0.789889415481833,0.221631205673759,0.669344042838019,0.116495806150979,0.338753387533875,0.512295081967213,0.430663221360896,0.735835172921266,0.301386377335744,0.265392781316348,0.107066381156317,0.197316495659037,0.191864927091328,0.110963160230803,0.48433968356474,0.884955752212389,0.75187969924812,0,0.109553023663453,0.472813238770686,0.207125103562552,0.332446808510638,0.434593654932638,0.243427458617332,0.072212593876372,0.0945894816496406,0.153374233128834,0.350877192982456,0.671591672263264,0.407830342577488,0.106067034365719,0.47244094488189,0,0.325414904002603,0.75187969924812,0.34435261707989,0.093492894540015,0.417362270450751
"158",158,"M00169","CAM (Crassulacean acid metabolism), light",0.316555872111428,0.189681335356601,0.309405940594059,0.318066157760814,0.326370757180157,0.215238915195867,0.345901072293324,1.54440154440154,2.3121387283237,1.17820324005891,2.12615166548547,0.539083557951482,0.359324469996407,0.134336378291241,0.348068221371389,0.953591862682772,0.459136822773186,0.18754688672168,0,0.627352572145546,0.312793243665937,0.345303867403315,0.269251480883145,1.14155251141553,0.187265917602996,0.301023479831427,0,0.263296471827278,2.65957446808511,0.334672021419009,1.39794967381174,0.677506775067751,6.14754098360656,0.215331610680448,1.83958793230316,0.301386377335744,0.530785562632696,0.214132762312634,0.394632991318074,0.383729854182655,1.33155792276964,0,0.294985250737463,0.25062656641604,0,0.219106047326906,0.236406619385343,0.414250207125104,0.997340425531915,0.434593654932638,0.973709834469328,0.144425187752744,1.89178963299281,0.306748466257669,1.40350877192982,0.335795836131632,0.407830342577488,1.27280441238863,0.31496062992126,1.06382978723404,0.97624471200781,0.37593984962406,0.34435261707989,0.18698578908003,0.208681135225376
"159",159,"M00170","C4-dicarboxylic acid cycle, phosphoenolpyruvate carboxykinase type",0.316555872111428,0.0948406676783005,0.15470297029703,0.0795165394402036,0.0815926892950392,0.645716745587602,0.086475268073331,0.0965250965250965,0,0.0736377025036819,0,0.134770889487871,0.0898311174991017,0.268672756582483,0.0870170553428472,0.635727908455181,0.114784205693297,0.375093773443361,0.251889168765743,0.0522793810121288,0.0781983109164842,0.172651933701657,0.134625740441572,0.142694063926941,0.0936329588014981,0,0,0.263296471827278,0,0.669344042838019,0.116495806150979,0,0,0.107665805340224,0.0919793966151582,0.904159132007233,0,0.428265524625268,0.197316495659037,0,0.110963160230803,0.0807232805941233,0.589970501474926,0.75187969924812,0,0,0.118203309692671,0,0.0831117021276596,0.434593654932638,0,0.288850375505488,0.0945894816496406,0.153374233128834,0.175438596491228,0.671591672263264,0.101957585644372,0.106067034365719,0.15748031496063,0.132978723404255,0.325414904002603,0.75187969924812,0.0860881542699724,0.37397157816006,0.104340567612688
"160",160,"M00171","C4-dicarboxylic acid cycle, NAD - malic enzyme type",0.0351728746790475,0.0421514078570224,0.0687568756875687,0.035340684195646,0.0362634174644619,0.0478308700435261,0.038433452477036,0.0858000858000858,0.128452151573539,0.0654557355588283,0.157492715961887,0,0.0399249411107119,0.0298525285091647,0.0386742468190432,0.0706364342727979,0.051015202530354,0.0416770859381512,0.111950741673664,0.0929411217993401,0.0347548048517708,0,0,0.253678335870117,0.0416146483562214,0,0,0.117020654145457,0.197005516154452,0.0743715603153354,0.0517759138448794,0,0.227686703096539,0.0478514690400995,0.163518927315837,0.133949501038109,0,0.0475850582916964,0,0,0.0493169601025793,0.0358770135973882,0.0655522779416585,0.111389585073796,0,0,0.210139217231416,0,0.147754137115839,0.0482881838814042,0.216379963215406,0.0320944861672765,0.0840795392441249,0,0.0779727095516569,0.0746212969181404,0.0453144825086097,0.0471409041625418,0.0699912510936133,0,0.144628846223379,0.0835421888053467,0.0382614018977655,0.04155239757334,0.046373585605639
"161",161,"M00172","C4-dicarboxylic acid cycle, NADP - malic enzyme type",0.474833808167141,0.379362670713202,0.618811881188119,0.477099236641221,0.489556135770235,0.430477830391735,0.518851608439986,0.772200772200772,1.15606936416185,0.589101620029455,1.06307583274274,0.269541778975741,0.53898670499461,0.268672756582483,0.522102332057083,1.27145581691036,0.68870523415978,0.375093773443361,0.251889168765743,0.627352572145546,0.469189865498905,0.172651933701657,0.134625740441572,1.28424657534247,0.374531835205993,0.150511739915713,0,0.789889415481833,1.32978723404255,0.669344042838019,0.698974836905871,0.338753387533875,3.07377049180328,0.430663221360896,1.65562913907285,0.904159132007233,0.265392781316348,0.428265524625268,0.197316495659037,0.191864927091328,0.66577896138482,0.0807232805941233,0.589970501474926,0.75187969924812,0,0.109553023663453,0.472813238770686,0.207125103562552,0.997340425531915,0.651890482398957,0.486854917234664,0.288850375505488,0.945894816496406,0.153374233128834,0.701754385964912,0.671591672263264,0.611745513866232,0.636402206194315,0.62992125984252,0.531914893617021,0.97624471200781,0.75187969924812,0.516528925619835,0.37397157816006,0.417362270450751
"162",162,"M00173","Reductive citrate cycle (Arnon-Buchanan cycle)",2.49287749287749,1.72610015174507,1.84096534653465,2.00381679389313,1.48498694516971,1.81876883340508,2.49048772051193,2.31660231660232,3.8150289017341,1.32547864506627,3.31325301204819,2.10242587601078,2.01221703197988,1.71278882321333,2.08840932822833,2.06611570247934,2.089072543618,2.1099024756189,3.11083123425693,2.09117524048515,1.64216452924617,3.14226519337017,1.77705977382876,2.22602739726027,1.70411985018727,1.98675496688742,2.56809338521401,2.05371248025276,2.12765957446809,2.81124497991968,1.67753960857409,3.04878048780488,0.204918032786885,1.95951765719208,3.09050772626932,2.98372513562387,2.91932059447983,2.3982869379015,2.60457774269929,3.74136607828089,1.73102529960053,2.4216984178237,1.06194690265487,2.40601503759398,0,2.13628396143734,3.19148936170213,4.05965202982601,1.5126329787234,1.9774011299435,3.48101265822785,1.94974003466205,2.5539160045403,2.39263803680982,3.15789473684211,2.21625251846877,2.14110929853181,1.65464573610522,1.8740157480315,1.06382978723404,2.19655060201757,2.06766917293233,2.16942148760331,2.10359012715034,1.89899833055092
"163",163,"M00174","Methane oxidation, methanotroph, methane => formaldehyde",0,0,0,0,0,0,0,0,0,0,0,0,0,0.0223893963818735,0,0,0,0,0,0,0,0,0,0,0,0,0,0,0,0,0,0,0,0,0,0,0,0,0,0,0,0,0,0,0,0,0,0,0,0,0,0.0240708646254573,0,0,0,0,0,0,0,0,0,0,0,0,0
"164",164,"M00175","Nitrogen fixation, nitrogen => ammonia",0,0,0,0.357824427480916,0,0,0,0,0,0,0,0,0,0,0,0,0,0,0,0,0,0,0,0,0,0,0,0,0,0,0,0,0,0,0,0,0,0,0,0,0,0,0,0,0,0,0,0,0,0,0,0,0,0,0,0,0,0,0,0,0,0,0,0,0
"165",165,"M00176","Assimilatory sulfate reduction, sulfate => H2S",3.62600362600363,2.20720099324045,3.93789378937894,1.04094378903539,1.45383337289342,1.91758306265409,1.13203987295997,1.05300105300105,0,0.669433659124381,0,3.13648615535408,3.82190572632542,3.17522348688388,1.55048571338164,0,3.3809166040571,3.98963377207938,0,1.71096156039694,1.59240196775386,0,4.84652665589661,0,2.4514811031665,1.64194625362596,0.0707463742483198,1.19680214466944,0,0,1.05905278319071,0,0,4.30663221360896,0.802729279550471,0.0547975231519535,0.868558193398958,0.973330737784699,4.59209298988304,0,0.363152160755356,4.10954883024628,1.60901045856798,0.911369332421964,0,1.95203569436698,2.75091338921126,1.20509151163666,0.120889748549323,3.20018964086761,0.088519075860848,1.65432487789507,1.65101640697554,3.68098159509202,2.29665071770335,2.9916356309909,1.33471748479905,0.34712847610599,4.00858983536149,2.321083172147,1.65665769310416,0.0683526999316473,1.12697220135237,1.90385530699667,4.17362270450751
"166",166,"M00307","Pyruvate oxidation, pyruvate => acetyl-CoA",0.712250712250712,1.26454223571067,0.721947194719472,0.556615776081425,0.571148825065274,0.86095566078347,0.518851608439986,1.28700128700129,1.92678227360308,0.859106529209622,1.18119536971415,0.898472596585804,0.53898670499461,0.783628873365574,0.435085276714236,0.317863954227591,0.573921028466483,0.375093773443361,3.35852225020991,0.871323016868814,0.703784798248358,1.15101289134438,1.25650691078801,0.713470319634703,1.24843945068664,1.00341159943809,1.94552529182879,0.789889415481833,1.77304964539007,0.892458723784025,1.08729419074247,2.2583559168925,2.73224043715847,0.53832902670112,0.643855776306107,1.00462125778581,0.796178343949045,0.535331905781585,1.31544330439358,1.79073931951906,0.887705281846427,2.28715961683349,1.5732546705998,0.835421888053467,0,0.657318141980719,1.41843971631206,2.07125103562552,0.775709219858156,0.325945241199478,1.62284972411555,0.577700751010976,0.945894816496406,1.22699386503067,1.75438596491228,1.11931945377211,0.611745513866232,0.989958987413379,0.47244094488189,0.354609929078014,0.759301442672741,1.50375939849624,0.516528925619835,0.37397157816006,0.521702838063439
"167",167,"M00308","Semi-phosphorylative Entner-Doudoroff pathway, gluconate => glycerate-3P",0.723556279111835,1.30067201387383,0.397807637906648,0.727008360596147,0.559492726594554,2.15238915195867,0.790631022384741,1.10314396028682,0,1.05196717862403,0.40498126961628,2.69541778975741,1.02664134284688,1.07469102632993,0.795584505991746,2.45209336118427,1.04945559491014,0.964526845997214,0.863620007196833,0.597478640138615,1.42991197104428,0.394632991318074,0.461573967228248,0.489236790606654,1.28410914927769,0.344026834093059,0.444691495275153,0.677048070412999,0.506585612968592,1.91241155096577,2.13020902676075,1.16144018583043,0,0.553709856035437,1.05119310417324,1.54998708344097,0.606612071580224,1.10125420617926,0.902018265869884,0.438548404780178,0.951112801978314,0.184510355643711,3.37126000842815,1.71858216970999,1.32890365448505,0.25040691123075,0.270178993583249,0.473428808142975,0.569908814589666,2.48339231390079,0.556405619696759,1.85689527110671,0.810766985568348,0.525854513584575,2.00501253132832,3.35795836131632,0.932183640177115,1.45463361415843,0.404949381327334,0.683890577507599,1.11570824229464,0.859291084854995,0.787091696182605,0.961641200983011,0.53660863343668
"168",168,"M00309","Non-phosphorylative Entner-Doudoroff pathway, gluconate/galactonate => glycerate",0,0,0,0.0397582697201018,0,0,0,0,0,0,0,0,0,0,0,0,0,0,0,0,0,0,0,0,0,0,0,0,0,0,0,0,0,0,0,0,0,0,0,0,0,0,0,0,0,0.0547765118317266,0,0,0,0,0,0,0,0,0,0,0,0,0,0,0,0,0,0,0
"169",169,"M00338","Cysteine biosynthesis, homocysteine + serine => cysteine",0.105518624037143,0,0,0,0.435161009573542,0.143492610130578,0,0,0,0,0.944956295771321,0.179694519317161,0.119774823332136,0,0,0.423818605636787,0,0,0.167926112510495,0,0,0.920810313075506,1.07700592353258,0.76103500761035,0,0.802729279550472,1.03761348897536,0,1.77304964539007,0.892458723784025,0,0,0,0.574217628481194,0,2.00924251557163,0,0,1.5785319652723,1.02327961115375,0,0.430524163168658,1.5732546705998,1.00250626566416,0,0,0,1.10466721900028,0.110815602836879,0,0,0,0,0.81799591002045,0,1.79091112603537,0,0,0,0.531914893617021,0,1.50375939849624,0,0,0.556483027267668
"170",170,"M00344","Formaldehyde assimilation, xylulose monophosphate pathway",0.316555872111428,0.379362670713202,0.309405940594059,0.636132315521629,0.652741514360313,0.430477830391735,0.345901072293324,0.0965250965250965,0,0.589101620029455,0,0.539083557951482,0.359324469996407,0.268672756582483,0.348068221371389,0.635727908455181,0.459136822773186,0.375093773443361,0.251889168765743,0.209117524048515,0.469189865498905,0.172651933701657,0.134625740441572,0,0.374531835205993,0.150511739915713,0,0.526592943654555,0,0.167336010709505,0.465983224603914,0,0,0.430663221360896,0.367917586460633,0.602772754671489,0.265392781316348,0.642398286937901,0.789265982636148,0,0.99866844207723,0.48433968356474,0.884955752212389,0.12531328320802,0.581395348837209,0.438212094653812,0,0,0,0.434593654932638,0,0.288850375505488,0.0945894816496406,0.613496932515337,0,0.671591672263264,0.407830342577488,0.954603309291472,0.31496062992126,0.265957446808511,0.0813537260006508,0.75187969924812,0.34435261707989,0.37397157816006,0.417362270450751
"171",171,"M00345","Formaldehyde assimilation, ribulose monophosphate pathway",0.158277936055714,0.0474203338391502,0.15470297029703,0.596374045801527,0.244778067885117,0.484287559190702,0.172950536146662,0.0482625482625483,0,0.147275405007364,0,0.269541778975741,0.179662234998203,0.134336378291241,0.522102332057083,0.715193897012079,0.0573921028466483,0.0468867216804201,2.20403022670025,0.104558762024258,0.0781983109164842,0.0863259668508287,0.0673128702207862,0.285388127853881,0.0468164794007491,0.0752558699578567,0.0972762645914397,0.0658241179568194,0,0.334672021419009,0.0582479030754893,0.169376693766938,0,0.484496124031008,0.551876379690949,0.678119349005425,1.19426751592357,0.321199143468951,0.394632991318074,0.0959324635456639,0.221926320461607,0.363254762673555,0.442477876106195,0.37593984962406,0.290697674418605,0.492988606485539,0.236406619385343,0.103562551781276,0,0.217296827466319,0.121713729308666,0.144425187752744,0.0945894816496406,0.306748466257669,0,0.755540631296172,0.611745513866232,0.212134068731438,0.15748031496063,0.398936170212766,0.0406768630003254,0.37593984962406,0.516528925619835,0.0467464472700075,0.469532554257095
"172",172,"M00346","Formaldehyde assimilation, serine pathway",0.949667616334283,1.59332321699545,3.21782178217822,2.2264631043257,1.37075718015666,1.07619457597934,2.42130750605327,1.85328185328185,0.46242774566474,0.883652430044183,0.637845499645641,0.862533692722372,1.07797340998922,2.06878022568512,0.870170553428472,1.27145581691036,1.14784205693297,1.57539384846212,2.01511335012594,1.31744040150565,1.31373162339693,1.10497237569061,0.861604738826064,2.05479452054794,1.79775280898876,0.541842263696568,1.94552529182879,2.21169036334913,0.797872340425532,1.07095046854083,1.95712954333644,1.21951219512195,0.819672131147541,1.55038759689922,1.28771155261221,0.723327305605787,0.955414012738853,0.685224839400428,0.710339384372533,0.69071373752878,1.59786950732357,0.774943493703584,1.41592920353982,1.75438596491228,2.09302325581395,0.876424189307625,0.756501182033097,0.745650372825186,2.09441489361702,1.5645371577575,0.876338851022395,1.81975736568458,1.32425274309497,0.552147239263804,1.40350877192982,1.07454667562122,1.01957585644372,2.03648705982181,3.52755905511811,0.425531914893617,2.0501138952164,1.20300751879699,0.860881542699725,1.79506357516829,1.5025041736227
"173",173,"M00356","Methanogenesis, methanol => methane",0,0,0,0,0,0,0,0,0,0,0,0,0,0,0,0,0,0,0,0,0,0,0,0,0,0,0,0,0,0,0,0,0,0,0,0,0,0,0,0,0,0,0,0,0,0,0,0,0,0,0,0,0,0,0,0,0,1.1570949203533,0,0,0,0,0,0,0
"174",174,"M00357","Methanogenesis, acetate => methane",0.00959260218519478,0.0229916770129213,0.140639063906391,0.0867453157529493,0.0197800458897065,0.0130447827391435,0.0209637013511106,0.210600210600211,0,0.187441424554827,0.0214762794493482,0.0163358653924692,0.0108886203029214,0.0651327894745412,0.0210950437194781,0.0385289641487989,0.0278264741074658,0.0681988678987929,0.0915960613693611,0.114064104026463,0.14217874712088,0.0209275071153524,0.0163182715686754,0.0172962501729625,0.0226988991033935,0.0182438472625107,0.0943284989977597,0.0159573619289259,0.0268643885665162,0.0202831528132733,0.211810556638143,0,0,0.156604807767598,0.167235266573015,0.0182658410506512,0,0.038933229511388,0.0478343019779484,0.0232563547989488,0.107600640223809,0.0782771205761196,0.0178778939840887,0.0151894888736994,0,0.0265583087668977,0.171932086825704,0.225954658431875,0.0402965828497743,0.0131695046949284,0.118025434481131,0.0262591250459535,0.0343961751453238,0.0185908161368284,0.0212652844231792,0.040702525591713,0.0494339809184834,1.73564238052995,0.171796707229778,0,0.20708221163802,0.0455684666210982,0.0939143501126972,0.0679948323927382,0.151768098345728
"175",175,"M00358","Coenzyme M biosynthesis",0,0,0,0,0,0.344382264313388,0,0,0,0,0,0.431266846361186,0,0,0,0,0,0,0.100755667506297,0,0,0.552486187845304,0.430802369413032,0,0,0,0,0,0,0.535475234270415,0,0,0,0,0,0,0,0,0,0,0,0.0645786244752987,0.117994100294985,0.100250626566416,0,0,0,0,0,0,0,0,0,0.49079754601227,0,0,0,0,0,0.425531914893617,0,0,0,0,0
"176",176,"M00363","EHEC pathogenicity signature, Shiga toxin",0,0,0,0,0,0,0,0,0,0,0,0,0,0,0,0,0,0,0,0,0,0,0,0,0,0,0,0,0,0,0,0,0,0,0,0,0,0,0,0,0,0,0,0,0,0,0,0,0,0,0,0,0,0,0,0,0,0,0,0,0,0,0,0,0
"177",177,"M00364","C10-C20 isoprenoid biosynthesis, bacteria",0.0791389680278569,0.0948406676783005,0.0773514851485149,0.0795165394402036,0.0815926892950392,0.107619457597934,0.086475268073331,0.0965250965250965,0,0.0736377025036819,0.177179305457123,0.134770889487871,0.0898311174991017,0.604513702310586,0.0870170553428472,0.635727908455181,0.114784205693297,0.843960990247562,1.51133501259446,0.0522793810121288,0.0781983109164842,0.69060773480663,0.53850296176629,2.14041095890411,0.0936329588014981,0.150511739915713,1.75097276264591,0.131648235913639,0.221631205673759,0.167336010709505,0.116495806150979,0.338753387533875,0.512295081967213,0.107665805340224,0.0919793966151582,0.602772754671489,1.06157112526539,0.963597430406852,0.789265982636148,0.767459708365311,0.110963160230803,0.0807232805941233,0.147492625368732,0.50125313283208,0.581395348837209,0.109553023663453,0.118203309692671,0.828500414250207,0.332446808510638,0.434593654932638,0.486854917234664,0.649913344887348,0.0945894816496406,0.613496932515337,0.175438596491228,0.671591672263264,0.101957585644372,0.106067034365719,0.078740157480315,0.132978723404255,0.0813537260006508,0.75187969924812,0.0860881542699724,0.841436050860135,0.104340567612688
"178",178,"M00365","C10-C20 isoprenoid biosynthesis, archaea",0,0,0,0,0,0,0,0,0,0,0,0,0,0.134336378291241,0,0.317863954227591,0,0.18754688672168,1.51133501259446,0,0,0.345303867403315,0.269251480883145,0.570776255707763,0,0,0.389105058365759,0,0,0,0,0.677506775067751,1.02459016393443,0,0,0.301386377335744,0.530785562632696,0.214132762312634,0.394632991318074,0.383729854182655,0,0.161446561188247,0.294985250737463,0.25062656641604,1.16279069767442,0,0,0.414250207125104,0,0,0,0.144425187752744,0,0.306748466257669,0,0.335795836131632,0,0,0,0,0,0.37593984962406,0,0.18698578908003,0
"179",179,"M00366","C10-C20 isoprenoid biosynthesis, plants",0,0,0,0,0,0.107619457597934,0,0,0,0,0,0.134770889487871,0,0.268672756582483,0,0.635727908455181,0,0.375093773443361,0.503778337531486,0,0,0.69060773480663,0.53850296176629,1.14155251141553,0,0,0.778210116731518,0,0,0.167336010709505,0,0.338753387533875,0.512295081967213,0,0,0.602772754671489,0.265392781316348,0.428265524625268,0.789265982636148,0.191864927091328,0,0,0.147492625368732,0.50125313283208,0,0,0,0.207125103562552,0.0831117021276596,0.108648413733159,0.486854917234664,0.288850375505488,0,0.613496932515337,0,0.671591672263264,0,0,0,0.132978723404255,0,0.75187969924812,0,0.37397157816006,0
"180",180,"M00367","C10-C20 isoprenoid biosynthesis, non-plant eukaryotes",0,0,0,0,0,0,0,0,0,0,0,0,0,0.0895575855274942,0,0.211909302818394,0,0.125031257814454,0.167926112510495,0,0,0.230202578268877,0.17950098725543,0.380517503805175,0,0,0.259403372243839,0,0,0,0,0.4516711833785,0.683060109289617,0,0,0.200924251557163,0.353857041755131,0.142755174875089,0.263088660878716,0.255819902788437,0,0,0.196656833824975,0.167084377610693,0,0,0,0.276166804750069,0,0,0,0.0962834585018294,0,0.204498977505112,0,0.223863890754421,0,0,0,0,0,0.25062656641604,0,0.12465719272002,0
"181",181,"M00368","Ethylene biosynthesis, methionine => ethylene",0.0791389680278569,0.0948406676783005,0.0773514851485149,0.0795165394402036,0.0815926892950392,0.107619457597934,0.086475268073331,0.0965250965250965,0,0.0736377025036819,0.177179305457123,0.134770889487871,0.0898311174991017,0.0671681891456206,0.0870170553428472,0.317863954227591,0.114784205693297,0.0937734433608402,0.125944584382872,0.0522793810121288,0.0781983109164842,0.172651933701657,0.134625740441572,0.142694063926941,0.0936329588014981,0.150511739915713,0.194552529182879,0.131648235913639,0.221631205673759,0.167336010709505,0.116495806150979,0,0,0.107665805340224,0.0919793966151582,0.150693188667872,0.265392781316348,0.107066381156317,0.197316495659037,0.191864927091328,0.110963160230803,0.0807232805941233,0.147492625368732,0.12531328320802,0,0.109553023663453,0.118203309692671,0.207125103562552,0.0831117021276596,0.108648413733159,0,0.072212593876372,0.0945894816496406,0.153374233128834,0.350877192982456,0.167897918065816,0.101957585644372,0.106067034365719,0.15748031496063,0.132978723404255,0.0813537260006508,0.18796992481203,0.0860881542699724,0.093492894540015,0.104340567612688
"182",182,"M00369","Cyanogenic glycoside biosynthesis, tyrosine => dhurrin",0,0,0,0,0,0,0,0,0,0,0,0,0,0,0,0,0,0,0,0,0,0,0,0,0,0,0,0,0,0,0,0,0,0,0,0,0,0,0,0,0,0,0,0,0,0,0,0,0,0,0,0,0,0,0,0,0,0,0,0,0,0,0,0,0
"183",183,"M00370","Glucosinolate biosynthesis, tryptophan => glucobrassicin",0,0,0,0,0,0,0,0,0,0,0,0,0,0,0,0,0,0,0,0,0,0,0,0,0,0,0,0,0,0,0,0,0,0,0,0,0,0,0,0,0,0,0,0,0,0,0,0,0,0,0,0,0,0,0,0,0,0,0,0,0,0,0,0,0
"184",184,"M00371","Castasterone biosynthesis, campesterol => castasterone",0,0,0,0,0,0,0,0,0,0,0,0,0,0,0,0,0,0,0,0,0,0,0,0,0,0,0,0,0,0,0,0,0,0,0,0,0,0,0,0,0,0,0,0,0,0,0,0,0,0,0,0,0,0,0,0,0,0,0,0,0,0,0,0,0
"185",185,"M00372","Abscisic acid biosynthesis, beta-carotene => abscisic acid",0,0,0,0,0,0.061496832913105,0,0,0,0,0,0.0770119368502118,0,0,0,0.0908182726364545,0,0,0,0,0,0.0986582478295186,0,0,0,0,0,0,0,0.0956205775482884,0,0,0,0,0,0.0861103935244984,0,0,0.112752283233735,0,0,0,0.0842815002107038,0,0,0,0,0,0,0,0,0,0,0.0876424189307625,0.100250626566416,0.0959416674661806,0,0,0,0,0,0.107411385606874,0,0,0
"186",186,"M00373","Ethylmalonyl pathway",1.33927484354835,1.45908719505078,1.42802741812643,2.05519671168526,1.95822454308094,1.39077452895791,2.04879865896815,6.77160677160677,1.42285460204535,2.17514444318568,1.30840102491414,1.99046236782086,1.79662234998203,0.496011242921506,1.0709791426812,1.56486869773583,1.76591085681995,0.115413468751803,0.930052315442744,2.02683138693176,2.8632612304805,1.06247343816405,3.18959446584648,2.63435194942044,1.44050705848459,0.370490436715602,0.359173900029931,0.729128691213999,1.0911074740862,0.308928019771393,8.38769804287046,0.416927246195539,0.630517023959647,0.265023520837474,1.55657440425652,1.8546853989892,0.326637269312429,0.164717509471257,1.82138303685265,0.472282897455576,7.10164225477142,3.35312088621743,0.544588155207624,0.616926932716407,0,2.02251735994067,3.05510092744135,0.955962016442547,3.68248772504092,0.0668605622973289,0,0.13331555792561,8.0328298262464,1.65172251061822,3.88663967611336,0.774913467996074,1.56857824068265,8.48536274925753,1.45366444579043,0.0409165302782324,6.18288317604946,0.694042799305957,1.43038779402416,0.143835222369254,0.256838320277385
"187",187,"M00374","Dicarboxylate-hydroxybutyrate cycle",2.63796560092856,1.99165402124431,1.74040841584158,1.90839694656489,1.14229765013055,1.14794088104463,1.68626772742996,1.67310167310167,2.36030828516378,1.28865979381443,2.48051027639972,1.41509433962264,2.02120014372979,1.6120365394949,1.56630699617125,1.66878575969485,2.41046831955923,1.37534383595899,2.83375314861461,2.43970444723268,2.60661036388281,1.61141804788214,1.97451085980973,2.09284627092846,1.96629213483146,2.2075055187638,2.33463035019455,2.56714060031596,1.10815602836879,2.00803212851406,1.6309412861137,2.03252032520325,0.341530054644809,1.7764857881137,2.75938189845475,1.58227848101266,2.16737438075018,1.71306209850107,1.61141804788214,2.30237912509593,1.29457020269271,4.11688731030029,1.17994100294985,1.67084377610693,0,2.62927256792287,3.15208825847124,2.48550124275062,1.44060283687943,1.62972620599739,2.27198961376177,1.25168496052378,2.27014755959137,1.84049079754601,2.86549707602339,2.77031564808596,1.98817292006525,1.60868335454674,1.88976377952756,0.775709219858156,1.62707452001302,2.00501253132832,1.67871900826446,1.49588631264024,1.72161936560935
"188",188,"M00375","Hydroxypropionate-hydroxybutylate cycle",0.110794555239,0.113808801213961,0.216584158415842,0.0954198473282443,0.097911227154047,0.086095566078347,0.207540643375995,0.27027027027027,0.0578034682080925,0.235640648011782,0.070871722182849,0.161725067385445,0.125763564498742,0.147770016120365,0.0696136442742778,0.0635727908455181,0.137741046831956,0.0750187546886722,0.125944584382872,0.334588038477624,0.875821082264623,0.69060773480663,0.215401184706516,0.91324200913242,0.112359550561798,0.0903070439494281,0.0778210116731518,0.105318588730911,0.0443262411347518,0.669344042838019,0.32618825722274,0.0677506775067751,0.102459016393443,0.0645994832041344,0.11037527593819,0.120554550934298,0.0530785562632696,0.107066381156317,0.15785319652723,0.0767459708365311,0.221926320461607,0.742654181465935,0.176991150442478,0.401002506265664,0,0.394390885188431,0.33096926713948,0.0828500414250207,0.34906914893617,0.0434593654932638,0,0.0866551126516465,0.378357926598562,0.184049079754601,0.245614035087719,0.201477501678979,0.101957585644372,0.339414509970301,0.251968503937008,0.0265957446808511,0.162707452001302,0.150375939849624,0.172176308539945,0.093492894540015,0.0626043405676127
"189",189,"M00376","3-Hydroxypropionate bi-cycle",1.35666802333469,1.15615290122119,2.2984441301273,1.9992729916394,2.39338555265448,2.4598733165242,2.37189306715422,3.58521787093216,1.1010184420589,1.96367206676485,0.944956295771321,3.33718393017584,1.88217579521927,0.921163736854226,2.00553594218753,3.54191263282172,1.39927412654685,1.14314292858929,0.383831114309704,1.75260401107327,3.12793243665937,4.34096290449882,3.07715978152166,1.95694716242661,1.1414303549135,1.83480978182965,2.37168797480081,1.22871686852729,0.253292806484296,3.85669662778096,3.19531354014113,3.613369467028,1.56128024980484,1.31249743652844,1.57678965625985,4.87958896638824,2.47699929228592,0.999286224125624,3.72082534671327,2.33892482549428,3.29719104685816,3.21355536079462,2.24750667228543,3.67585630743526,0,2.98401569216644,1.26083530338849,2.5249536434292,3.29280648429585,1.32447590074709,2.96749663838271,1.10038238287805,4.21598832495541,2.89219982471516,3.34168755221387,3.51786114042662,1.74784432533209,2.90926722831687,2.15973003374578,2.43161094224924,3.22315714440674,3.22234156820623,1.63977436704709,1.13972290486875,1.27196120518324
"190",190,"M00377","Reductive acetyl-CoA pathway (Wood-Ljungdahl pathway)",0.178062678062678,0.213391502276176,0.0773514851485149,0.0795165394402036,0.183583550913838,0.107619457597934,0.086475268073331,0.217181467181467,0.0722543352601156,0.220913107511046,0.177179305457123,0.134770889487871,0.202120014372979,0.0671681891456206,0.0870170553428472,0.158931977113795,0.172176308539945,0.0937734433608402,0.0314861460957179,0.156838143036386,0.175946199562089,0.388466850828729,0.134625740441572,0.142694063926941,0.210674157303371,0.150511739915713,0.0486381322957198,0.131648235913639,0.221631205673759,0.167336010709505,0.43685927306617,0.0846883468834688,0.128073770491803,0.107665805340224,0.459896983075791,0.150693188667872,0.066348195329087,0.107066381156317,0.197316495659037,0.0479662317728319,0.416111850865513,0.121084920891185,0.147492625368732,0.12531328320802,0.145348837209302,0.246494303242769,0.265957446808511,0.0517812758906379,0.187001329787234,0.0271621034332899,0.060856864654333,0.072212593876372,0.212826333711691,0.153374233128834,0.175438596491228,0.167897918065816,0.229404567699837,0.397751378871447,0.078740157480315,0.0332446808510638,0.183045883501464,0.18796992481203,0.193698347107438,0.093492894540015,0.104340567612688
"191",191,"M00378","F420 biosynthesis, archaea",0,0,0,0,0,0,0,0,0,0,0,0,0,0,0,0,0,0,1.20906801007557,0,0,0,0,0.114155251141553,0,0,0,0,0,0,0,0.5420054200542,0,0,0,0,0.212314225053079,0,0,0,0,0.581207620277688,0,0,0,0,0.378250591016548,0,0,0,0.194741966893866,0,0,0,0,0,0,0,0,0.106382978723404,0,0,0,0,0
"192",192,"M00415","Fatty acid elongation in endoplasmic reticulum",0,0,0,0,0,0,0,0,0,0,0,0,0,0,0,0,0,0,0,0,0,0,0,0,0,0,0,0,0,0,0,0,0,0,0,0,0,0,0,0,0,0,0,0,0,0,0,0,0,0,0,0,0,0,0,0,0,0,0,0,0,0,0,0,0
"193",193,"M00416","Cytochrome aa3-600 menaquinol oxidase",0,0,0,0,0,0,0,0,0,0,0,0,0,0,0,0,0,0,0,0,0,0,0,0,0,0,0,0,0,0,0,0,0,0,0,0,0,0,0,0,0,0,0,0,0,0,0,0,0,0,0,0,0,0,0,0,0,0,0,0,0,0,0,0,0
"194",194,"M00417","Cytochrome o ubiquinol oxidase",1.26622348844571,1.51745068285281,1.23762376237624,0,1.30548302872063,0,0,0.868725868725869,0,1.17820324005891,0,0,1.43729787998563,0,0,0,1.83654729109275,0,0.125944584382872,1.04558762024258,0,0,0,0.570776255707763,1.49812734082397,2.40818783865141,0,2.10637177461822,0,0,0,0,0,1.72265288544358,0,0,0.265392781316348,0,0,0,0,0.0807232805941233,0,0,0,0,0,3.31400165700083,0,0,3.89483933787731,1.44425187752744,0.851305334846765,0,0,0,0,0,1.5748031496063,0.132978723404255,1.30165961601041,0,0,0,1.669449081803
"195",195,"M00418","Toluene degradation, anaerobic, toluene => benzoyl-CoA",0,0,0.0343784378437844,0,0,0,0.038433452477036,0,0,0,0,0,0,0,0,0,0,0,0,0.348529206747525,0.0347548048517708,0,0,0,0,0,0,0,0,0,0,0,0,0,0,0,0,0,0,0,0,0,0,0,0,0,0,0,0,0,0,0,0,0,0,0,0,0,0.139982502187227,0,0,0,0,0,0
"196",196,"M00419","Cymene degradation, p-cymene => p-cumate",0,0,0,0,0,0,0,0,0,0,0,0,0,0,0,0,0,0,0,0.0522793810121288,0,0,0,0,0,0,0,0,0,0,0,0,0,0,0,0,0,0,0,0,0,0,0,0,0,0,0,0,0,0,0,0,0,0,0,0,0,0,0,0,0.0813537260006508,0,0,0,0
"197",197,"M00422","Acetyl-CoA pathway, CO2 => acetyl-CoA",0,0,0,0,0,0,0,0,0,0,0,0,0,0,0,0,0,0,0,0,0,0,0,0,0,0,0,0,0,0,0,0,0,0,0,0,0,0,0,0,0,0,0,0,0,0,0,0,0,0,0,0,0,0,0,0,0,0,0,0,0,0,0,0,0
"198",198,"M00432","Leucine biosynthesis, 2-oxoisovalerate => 2-oxoisocaproate",1.26622348844571,1.51745068285281,1.98019801980198,1.78117048346056,1.56657963446475,1.37752905725355,1.93704600484262,1.85328185328185,0,1.41384388807069,3.54358610914245,1.72506738544474,1.43729787998563,1.28962923159592,1.39227288548556,0.254291163382072,1.83654729109275,1.50037509377344,2.01511335012594,2.84399832705981,1.25117297466375,0.138121546961326,0,0,1.49812734082397,1.44491270319085,0.155642023346304,2.10637177461822,4.25531914893617,0.267737617135207,1.86393289841566,0,0,1.37812230835487,1.17733627667402,2.41109101868596,0,1.71306209850107,0,0,1.77541056369285,1.54988698740717,1.06194690265487,1.60401002506266,0,1.4022787028922,0.851063829787234,0,2.3936170212766,1.39069969578444,0,1.38648180242634,1.2107453651154,0,2.24561403508772,0,1.30505709624796,2.03648705982181,1.76377952755906,0.957446808510638,1.30165961601041,0,1.10192837465565,1.49588631264024,1.3355592654424
"199",199,"M00433","Lysine biosynthesis, 2-oxoglutarate => 2-oxoadipate",0,0,0,0,0,0,0,0,0,0,0,0,0,0,0,0,0,0,0,0.0348529206747525,0,0,0,0,0,0,0,0,0,0,0,0,0,0,0,0,0,0,0,0,0,0,0,0,0,0,0,0,0,0,0,0,0,0,0,0,0,0,0,0,0,0,0,0,0
"200",200,"M00525","Lysine biosynthesis, acetyl-DAP pathway, aspartate => lysine",2.11037248074285,2.27617602427921,2.06270627062706,1.48430873621713,1.74064403829417,2.86985220261157,1.61420500403551,2.57400257400257,2.05523442517662,2.74914089347079,2.83486888731396,2.51572327044025,2.15594681997844,1.79115171054988,1.85636384731407,0.635727908455181,2.44872972145699,2.00050012503126,1.67926112510495,1.3941168269901,2.29381712021687,3.22283609576427,2.87201579608688,3.0441400304414,2.24719101123596,2.00682319887618,2.16169476869866,2.80849569949096,3.54609929078014,3.5698348951361,1.86393289841566,5.42005420054201,5.69216757741348,2.29687051392478,1.71694873681629,2.81293952180028,2.94880868129276,1.14204139900071,3.15706393054459,1.36437281487166,2.07131232430833,2.15262081584329,5.11307767944936,4.01002506265664,1.03359173126615,1.75284837861525,1.89125295508274,1.4728896253337,6.20567375886525,2.3178328263074,2.70474954019258,2.11823608704025,2.52238617732375,2.45398773006135,1.24756335282651,2.68636668905306,1.90320826536161,1.97991797482676,2.0997375328084,2.60047281323877,3.25414904002603,3.50877192982456,1.60697887970615,1.99451508352032,2.22593210907067
"201",201,"M00526","Lysine biosynthesis, DAP dehydrogenase pathway, aspartate => lysine",2.43748021525799,1.51745068285281,1.85643564356436,0.954198473282443,1.14229765013055,2.58286698235041,1.03770321687997,1.73745173745174,1.84971098265896,1.91458026509573,1.77179305457123,2.26415094339623,1.43729787998563,1.45083288554541,1.21823877479986,0.572155117609663,1.60697887970615,1.80045011252813,1.51133501259446,0.941028858218319,1.56396621832968,2.07182320441989,1.88476036618201,2.73972602739726,1.49812734082397,1.80614087898856,1.24513618677043,1.84307530279094,2.21631205673759,3.21285140562249,1.16495806150979,3.38753387533875,3.27868852459016,2.0671834625323,1.1037527593819,2.89330922242315,1.69851380042463,1.02783725910064,2.84135753749013,2.68610897927859,1.33155792276964,1.93735873425896,4.60176991150442,3.90977443609023,0.930232558139535,1.09553023663453,1.18203309692671,2.07125103562552,3.65691489361702,2.73794002607562,1.55793573515093,1.90641247833622,1.70261066969353,1.53374233128834,1.12280701754386,2.82068502350571,1.22349102773246,1.27280441238863,1.88976377952756,2.34042553191489,2.27790432801822,4.51127819548872,1.03305785123967,1.79506357516829,2.00333889816361
"202",202,"M00527","Lysine biosynthesis, DAP aminotransferase pathway, aspartate => lysine",2.21589110477999,1.86232583804663,2.16584158415842,1.21443442054129,1.42416330405887,3.75689742887332,1.32071318511996,2.10600210600211,1.68155543878087,2.24929709465792,2.3194381805296,3.52854692477334,1.76395648907327,1.88070929607738,1.51884314780242,0.520141016008785,2.00350613573754,2.14826433881198,1.92351728875658,1.14064104026463,1.87675946199562,2.6368658965344,2.34983110588926,3.26899128268991,1.83861082737487,2.29872475507635,1.76865935620799,2.29786011776533,2.90135396518375,3.83351588170865,1.52503600779463,4.43458980044346,4.65722801788375,2.46652572233968,1.40477623921333,4.82218203737191,2.41266164833044,1.36266303289858,4.59209298988304,3.34891509104863,1.694710083525,2.26025185663545,5.63153660498793,4.46570972886762,0.845665961945032,1.43414867341248,1.54738878143133,2.7114559011825,4.17069632495164,3.16068112678282,3.18668673099053,2.38958037918177,2.06377050871943,2.00780814277747,1.0207336523126,3.41901214970389,1.55717039893223,1.61993288849462,2.20472440944882,2.12765957446809,2.66248557820312,6.56185919343814,1.31480090157776,2.14183722037125,2.39034754894521
"203",203,"M00528","Nitrification, ammonia => nitrite",0,0,0,0,0,0,0,0,0,0,0,0,0,0,0,0,0,0,0,0,0,0,0,0,0,0,0,0,0,0,0,0,0,0,0,0,0,0,0,0,0,0,0,0,0,0,0,0,0,0,0,0,0,0,0,0,0,0,0,0,0,0,0,0,0
"204",204,"M00529","Denitrification, nitrate => nitrogen",0.791389680278569,0,0,0.286259541984733,2.64360313315927,0.0430477830391735,0.553441715669319,0,0,2.65095729013255,0,0.215633423180593,0.323392022996766,0.241805480924234,1.253045596937,0,0.413223140495868,0,0,0,0,0,0.053850296176629,0,0,0,0,0,0,0,0.0465983224603914,0,0,0,1.54525386313466,0,0,0,0,0,0,0.0322893122376493,0.353982300884956,0,0,0,0.425531914893617,0,0,0.391134289439374,0,0.115540150202195,0.454029511918275,0.368098159509203,0,0,1.46818923327896,0,0,0.212765957446809,0.0325414904002603,0,3.37465564738292,1.34629768137622,0.375626043405676
"205",205,"M00530","Dissimilatory nitrate reduction, nitrate => ammonia",1.23105061376666,0.16860563142809,0.206270627062706,1.06022052586938,2.03075137800986,0.191323480174104,1.15300357431108,0.171600171600172,0,1.60366552119129,0,0.239592692422881,1.19774823332136,0.179115171054988,1.1602274045713,0,1.27538006325885,0.166708343752605,0,0.13941168269901,0.208528829110625,0,0,0.0634195839675292,0.166458593424886,0,0,0.35106196243637,0,0,0.465983224603914,0,0,0,0.163518927315837,0,0,0,0,0,0.197267840410317,0.322893122376493,0,0.334168755221387,0,0.486902327393125,0,0,0.0369385342789598,1.44864551644213,0,0.641889723345529,1.26119308866187,0,0,0,0.181257930034439,0,0.20997375328084,0.236406619385343,0.144628846223379,0,0.153045607591062,1.0388099393335,0.417362270450751
"206",206,"M00531","Assimilatory nitrate reduction, nitrate => ammonia",0.0351728746790475,0.0421514078570224,0.0343784378437844,0.035340684195646,0.0362634174644619,0.0478308700435261,0.038433452477036,0.171600171600172,0,0.0654557355588283,0,0.0598981731057203,0.0399249411107119,0.0298525285091647,0.0386742468190432,0,0.051015202530354,0.0416770859381512,0,0.023235280449835,0.0347548048517708,0,0,0,0.0416146483562214,0,0,0.0585103270727283,0,0,0.0517759138448794,0,0,0,0,0,0,0,0.0876962202929054,0,0.0493169601025793,0.0358770135973882,0,0.0556947925368978,0,0.097380465478625,0.0525348043078539,0,0.221631205673759,0.0482881838814042,0,0.128377944669106,0.16815907848825,0,0,0,0,0,0.0349956255468066,0.118203309692671,0.216943269335069,0,0,0.04155239757334,0
"207",207,"M00532","Photorespiration",1.16070486440857,0.885179564997471,1.44389438943894,1.14503816793893,2.088772845953,1.20533792509686,1.77562550443906,1.98198198198198,0.46242774566474,1.06038291605302,0.283486888731396,1.50943396226415,1.43729787998563,2.38223177503135,0.928181923657037,0.847637211273575,1.07131925313743,1.12528132033008,1.17548278757347,1.78446953854733,2.50234594932749,1.38121546961326,2.15401184706516,1.82648401826484,0.998751560549313,1.00341159943809,1.2970168612192,0.982973494821836,0.472813238770686,1.11557340473003,1.49114631873253,0.5420054200542,0.546448087431694,1.37812230835487,1.1037527593819,2.41109101868596,0.636942675159236,1.14204139900071,1.5785319652723,2.0465592223075,1.59786950732357,1.67904423635777,1.88790560471976,1.6374269005848,0.155038759689922,1.75284837861525,1.76516942474389,1.38083402375035,1.1968085106383,1.21686223381139,0.778967867575463,2.15674947044098,1.51343170639425,1.43149284253579,0.748538011695907,1.88045668233714,1.08754758020663,3.16786875972281,1.61679790026247,1.59574468085106,1.30165961601041,1.75438596491228,0.918273645546373,1.2465719272002,1.3355592654424
"208",208,"M00533","Homoprotocatechuate degradation, homoprotocatechuate => 2-oxohept-3-enedioate",2.53244697689142,0.853566009104704,0,2.2264631043257,0,0,0,0.579150579150579,0,0.883652430044183,0.177179305457123,0,0.808480057491915,1.34336378291241,0,0,0.114784205693297,0,0.125944584382872,0.627352572145546,1.87675946199562,0,0,0,0.842696629213483,0,0,0.131648235913639,0.221631205673759,0,0,0,0,0,0,0,0,0,0,0,0.443852640923213,0,0,0,0,0,0,0,0.166223404255319,0,0,0.072212593876372,0.378357926598562,0,0,0,0,0,0,0,0.0813537260006508,0,0,0,0
"209",209,"M00534","Naphthalene degradation, naphthalene => salicylate",0.14069149871619,0.0421514078570224,0.0343784378437844,0.318066157760814,0.0362634174644619,0,0.115300357431108,0.171600171600172,0,0.0654557355588283,0,0,0,0.119410114036659,0,0,0,0.0416770859381512,0,0.0929411217993401,0.0347548048517708,0,0,0,0.0416146483562214,0,0,0,0,0,0,0,0,0,0.0817594636579184,0,0,0.0475850582916964,0,0,0.0986339202051585,0,0,0,0,0,0,0,0,0,0,0.128377944669106,0.0420397696220625,0,0,0,0.0453144825086097,0.0471409041625418,0.0349956255468066,0,0,0,0.0382614018977655,0.04155239757334,0
"210",210,"M00535","Isoleucine biosynthesis, pyruvate => 2-oxobutanoate",0.712250712250712,0.853566009104704,1.39232673267327,1.19274809160305,1.22389033942559,1.72191132156694,1.29712902109997,1.15830115830116,0,0.883652430044183,1.5946137491141,2.15633423180593,0.808480057491915,0.604513702310586,0.783153498085625,0.317863954227591,1.03305785123967,0.843960990247562,1.51133501259446,2.3525721455458,0.703784798248358,0.172651933701657,0,0,0.842696629213483,1.80614087898856,0,1.18483412322275,2.65957446808511,0.334672021419009,1.04846225535881,0,0,0.968992248062015,0.827814569536424,1.80831826401447,0,0.963597430406852,0,0,0.99866844207723,0.96867936712948,0.589970501474926,1.12781954887218,0,0.985977212971078,1.89125295508274,0,1.49601063829787,0.977835723598436,0,0.649913344887348,0.851305334846765,0,1.57894736842105,0,0.917618270799347,1.27280441238863,1.18110236220472,0.531914893617021,0.732183534005857,0,0.774793388429752,0.841436050860135,0.93906510851419
"211",211,"M00537","Xylene degradation, xylene => methylbenzoate",0.158277936055714,0.189681335356601,0.0773514851485149,0,0.0815926892950392,0,0.086475268073331,0,0,0,0,0,0.179662234998203,0,0,0,0.114784205693297,0,0.125944584382872,0.209117524048515,0.0781983109164842,0,0,0,0.187265917602996,0,0,0,0,0,0,0,0,0,0,0,0,0,0,0,0,0.322893122376493,0,0,0,0,0,0,0,0,0,0,0,0,0,0,0,0,0,0,0,0,0,0,0
"212",212,"M00538","Toluene degradation, toluene => benzoate",0.0791389680278569,0.0948406676783005,0.0386757425742574,0.0397582697201018,0.0407963446475196,0,0.0432376340366655,0,0,0.0368188512518409,0,0,0.0898311174991017,0,0,0,0.0573921028466483,0,0.0629722921914358,0.23525721455458,0.0390991554582421,0,0,0,0.0936329588014981,0,0,0,0,0,0,0,0,0.484496124031008,0,0,0,0,0,0,0,0.161446561188247,0,0,0,0,0.118203309692671,0,0,0,0,0,0,0,0,0,0,0,0,0,0,0,0,0,0
"213",213,"M00539","Cumate degradation, p-cumate => 2-oxopent-4-enoate + 2-methylpropanoate",0,0,0,0,0,0,0,0,0,0,0,0,0.0449155587495508,0,0,0,0,0,0,0,0,0,0,0,0,0,0,0,0,0,0,0,0,0,0,0,0,0,0,0,0,0,0,0,0,0,0,0,0,0,0,0,0,0,0,0,0,0,0,0,0,0,0,0,0
"214",214,"M00540","Benzoate degradation, cyclohexanecarboxylic acid =>pimeloyl-CoA",0,0,0.0618811881188119,0.0636132315521628,0.261096605744125,0,0.0691802144586648,0.0772200772200772,0,0,0,0,0,0,0.278454577097111,0,0.0918273645546373,0,0,1.3383521539105,0.563027838598686,0,0,0,0,0,0,0,0,0,0.0931966449207828,0,0,0,0.294334069168506,0,0,0,0,0,0,0,0,0,0,0.0876424189307625,0,0,0,0,0,0,0.30268634127885,0,0,0,0.32626427406199,0,0.062992125984252,0,0,0,0.275482093663912,0,0
"215",215,"M00541","Benzoyl-CoA degradation, benzoyl-CoA => 3-hydroxypimeloyl-CoA",0,0,0,0,0,0,0,0,0,0,0,0,0,0.0298525285091647,0,0,0,0,0,0,0,0,0,0,0,0,0,0,0,0,0,0,0,0,0,0,0,0,0,0,0,0,0,0,0,0,0,0,0,0,0,0,0,0,0,0,0,0,0,0,0,0,0,0,0
"216",216,"M00542","EHEC/EPEC pathogenicity signature, T3SS and effectors",0.0186209336536134,0.0892618048736945,0.0182003494467094,0.0187097739859302,1.55506066656428,0,0.0813884875984292,0,0,0,0,0,0.0211367335292004,0,0.0204746012571405,0,0.108032193593691,0,0,0,0.0735984102743381,0,0,0.13430029546065,0.0881251376955276,0,0,1.11513799832729,0,0,0,0,0,0.025333130668288,0.0216422109682725,0,0,0,0,0.0451446887273712,0,0,0,0,0,0.0257771820384596,0,0.0487353184853063,0,0,3.66573114153159,0,0,0,0,0,1.94319163228097,0,0.0185270958777212,0,0,0,1.64073894020418,0,0.0245507217912207
"217",217,"M00543","Biphenyl degradation, biphenyl => 2-oxopent-4-enoate + benzoate",0,0,0,0,0,0,0,0,0,0,0,0,0,0,0,0,0,0,0.0719683339330695,0.0298739320069308,0,0,0,0,0,0,0,0,0,0,0,0,0,0,0,0,0,0,0,0,0,0,0,0,0,0,0,0,0,0,0,0,0,0,0,0,0,0,0,0,0,0,0,0,0
"218",218,"M00544","Carbazole degradation, carbazole => 2-oxopent-4-enoate + anthranilate",0,0,0,0,0,0,0,0,0,0,0,0,0,0,0,0,0,0,0,0,0,0,0,0,0,0,0,0,0,0,0,0,0,0,0,0,0,0,0,0,0,0,0,0,0,0,0,0,0,0,0,0,0,0,0,0,0,0,0,0,0,0,0,0,0
"219",219,"M00545","Trans-cinnamate degradation, trans-cinnamate => acetyl-CoA",0.460444904889349,0.034487515519382,0.253150315031503,1.01202868378441,0.0296700688345597,0,0.125782208106663,0.351000351000351,0,0.56232427366448,0,0,0.130663443635057,0.610619901323824,0.0316425655792172,0,0.0417397111611988,0,0.549576368216167,2.28128208052926,0.767765234452754,0,0,0,0.0340483486550902,0.0547315417875322,0,0.191488343147111,0,0.0608494584398199,0.254172667965771,0,0,0.156604807767598,0,0,0,0,0,0,0.322801920671428,3.28763906419702,0.053633681952266,0.0455684666210982,0,0,0.042983021706426,0,0.0302224371373308,0.0395085140847853,0,0.315109500551442,0.275169401162591,0,0.0637958532695375,0,0.0370754856888625,0.23141898407066,0.257695060844667,0,0,0,0.0313047833708991,0,0.0379420245864319
"220",220,"M00546","Purine degradation, xanthine => urea",0.135666802333469,0.162584001734229,0.221004243281471,0.136314067611778,0.139873181648639,0.0819957772174733,0.148243316697139,0.165471594043023,0,1.12209832386563,0,0.0256706456167373,0.153996201427031,1.40733348686062,0.149172094873452,0,0.196772924045651,0.643017897331476,0.575746671464556,0.836470096194061,0.804325483712409,0,0,0,0.160513643659711,0,0,0,0,0.637470516988589,0.19970709625882,0,0,0.512694311143923,0.157678965625985,0,0,0.244723156928724,0,0,0.190222560395663,0.246013807524947,0,0.286430361618332,0,0.187805183423062,0.810536980749747,0,0.142477203647416,0,0,0.495172072295123,0.648613588454678,0,0,0,0.174784432533209,0.181829201769804,0.224971878515186,0.0506585612968592,0.247935164954364,0,0.147579693034238,0.641094133988674,0.496859845774704
"221",221,"M00547","Benzene/toluene degradation, benzene => catechol / toluene => 3-methylcatechol",0,0,0,0,0,0,0,0,0,0,0,0,0,0,0,0,0,0,0,0.0418235048097031,0,0,0,0,0,0,0,0,0,0,0,0,0,0,0,0,0,0,0,0,0,0,0,0,0,0,0,0,0,0,0,0,0,0,0,0,0,0,0,0,0,0,0,0,0
"222",222,"M00548","Benzene degradation, benzene => catechol",0,0,0,1.90839694656489,0,0,0,0,0,0,0,0,0,0,0,0,0,0,0,1.25470514429109,0,0,0,0,0,0,0,0,0,0,0,0,0,0,0,0,0,0,0,0,0,0,0,0,0,0,0,0,0,0,0,0,0,0,0,0,0,0.0707113562438128,0,0,0,0,0,0,0
"223",223,"M00549","Nucleotide sugar biosynthesis, glucose => UDP-glucose",0.759734093067427,0.455235204855842,0.866336633663366,0.89058524173028,0.652741514360313,0.904003443822643,0.830162573503978,0.154440154440154,0,0.441826215022091,0.283486888731396,0.431266846361186,0.574919151994251,0.241805480924234,1.39227288548556,0,0.550964187327824,0.600150037509377,1.05793450881612,0.418235048097031,0.500469189865499,0.069060773480663,0.053850296176629,0.228310502283105,0.449438202247191,1.20409391932571,0.311284046692607,1.05318588730911,0,0.267737617135207,0.838769804287046,0.13550135501355,0,0.861326442721792,1.03016924208977,0.120554550934298,0.424628450106157,0.685224839400428,0.0789265982636148,0.0767459708365311,0.399467376830892,1.16241524055538,1.06194690265487,1.35338345864662,0,0.394390885188431,0.567375886524823,0.0828500414250207,0.132978723404255,0.391134289439374,0.584225900681597,0.924321201617562,0.227014755959137,0.245398773006135,0.56140350877193,0.0671591672263264,1.14192495921697,0.381841323716589,1.00787401574803,0.638297872340426,0.292873413602343,0.075187969924812,0.826446280991736,0.598354525056096,0.834724540901502
"224",224,"M00550","Ascorbate degradation, ascorbate => D-xylulose-5P",0.180889069777959,0.0541946672447431,0.0442008486562942,0.0454380225372592,0.0466243938828795,0.24598733165242,0.0494144388990463,0,0,0,0,0,0.0513320671423438,0,0.0497240316244841,0,0.0655909746818838,0,0.431810003598417,0.119495728027723,0.0446847490951338,0,0,0,0.0535045478865704,0.0860067085232648,0.111172873818788,0,0,0,0,0,0,0.0615233173372708,0.0525596552086618,0.0861103935244984,0,0,0,0,0,0,0.0842815002107038,0,0,0.0626017278076875,0,0,0,0,0,0,0,0.0876424189307625,0,0,0.0582614775110697,0,0.0449943757030371,0,0,0,0.196772924045651,0,0.0596231814929645
"225",225,"M00551","Benzoate degradation, benzoate => catechol / methylbenzoate => methylcatechol",0,0,0,0,0,0.107619457597934,0,0,0,0,0,0.134770889487871,0,1.07469102632993,0,0,0,0,0,0.0522793810121288,0,0.172651933701657,0,0,0,0,0,0,0,0.167336010709505,0,0,0,0,0,0,0,0,0,0,0,0,0,0,0,0,0,0,0,0,0,1.15540150202195,0,0,0,0,0,0,0,0,0,0,0,0,0
"226",226,"M00552","D-galactonate degradation, De Ley-Doudoroff pathway, D-galactonate => glycerate-3P",1.58277936055714,1.21396054628225,0.99009900990099,0.254452926208651,2.2845953002611,0.774860094705123,0.276720857834659,2.31660231660232,0,1.47275405007364,0.566973777462792,0.646900269541779,0.287459575997125,0.806018269747448,1.74034110685694,2.03432930705658,0.367309458218549,0.750187546886722,0.100755667506297,0.669176076955249,2.001876759462,0.552486187845304,0.646203554119548,0.684931506849315,1.19850187265918,0.481637567730283,0.622568093385214,0.421274354923644,0.709219858156028,0.535475234270415,0.931966449207829,1.6260162601626,0,0.344530577088717,0.294334069168506,1.20554550934298,0.849256900212314,0.856531049250535,1.26282557221784,0.613967766692249,2.13049267643143,0.258314497901195,0.943952802359882,0.802005012531328,1.86046511627907,0.35056967572305,0.378250591016548,0.662800331400166,2.3936170212766,1.30378096479791,0.778967867575463,0.577700751010976,1.8161180476731,0.736196319018405,1.68421052631579,1.07454667562122,1.30505709624796,3.05473058973271,1.00787401574803,0.425531914893617,1.30165961601041,1.20300751879699,1.10192837465565,0.74794315632012,0.333889816360601
"227",227,"M00554","Nucleotide sugar biosynthesis, galactose => UDP-galactose",0,0,0,0.636132315521629,0,0.645716745587602,0,0,0,0,0,1.61725067385445,0,0,0,0,0,0,1.51133501259446,0,0,0,0,0,0,0,0,0,0,0,0,0,0,0,0,1.20554550934298,0,0,0,0,0,0.96867936712948,0.884955752212389,0.50125313283208,0,0,0.236406619385343,0,0,1.73837461973055,0,0,0,0,1.40350877192982,1.34318334452653,0,0,0,0.531914893617021,0,1.50375939849624,0,0,0
"228",228,"M00555","Betaine biosynthesis, choline => betaine",0.42207449614857,0.948406676783004,0.464108910891089,0.477099236641221,0.652741514360313,0.143492610130578,0.691802144586648,0.257400257400257,0,1.47275405007364,0,0.0898472596585804,0.359324469996407,1.47770016120365,0.522102332057083,0,1.14784205693297,0.375093773443361,0.167926112510495,0.941028858218319,0.781983109164842,0,0.089750493627715,0.0951293759512938,0.936329588014981,0.301023479831427,0,0.0877654906090925,0,0,0.465983224603914,0,0,0.287108814240597,0.735835172921266,0,0,0,0,0,0.591803521230951,0.96867936712948,0,0,0,0.657318141980719,0,0.138083402375035,0.554078014184397,0,0,1.01097631426921,0.189178963299281,0,0.467836257309941,0,0.611745513866232,0.565690849950502,0.47244094488189,0,0.162707452001302,0,0.516528925619835,0.24931438544004,0.278241513633834
"229",229,"M00563","Methanogenesis, methylamine/dimethylamine/trimethylamine => methane",0,0,0,0,0,0,0,0,0,0.0679732638495525,0,0,0,0,0,0,0,0,0,0,0,0,0,0,0,0,0,0,0,0,0.0358448634310703,0,0,0,0,0,0,0,0,0,0.085356277100618,0,0,0,0,0,0,0,0,0,0,0,0,0,0,0,0,1.48493848112007,0,0,0,0,0,0,0
"230",230,"M00564","Helicobacter pylori pathogenicity signature, cagA pathogenicity island",0,0,0,0,0,0,0.0128111508256787,0,0.0428173838578463,0.0109092892598047,0.0262487859936478,0,0,0,0.0128914156063477,0,0,0,0,0,0,0,0,0.0211398613225097,0,0,0.0288225969159821,0,0.0328342526924087,0,0,0,0,0,0,0,0,0,0,0.0284244336431597,0,0,0,0,0,0,0,0,0,0,0,0,0,0,0.0259909031838856,0,0,0,0,0,0,0,0,0,0
"231",231,"M00565","Trehalose biosynthesis, D-glucose 1P => trehalose",0,0.86711467591589,0,0.727008360596147,0.0932487877657591,0.73796199495726,0.0494144388990463,0,0,0.841573742899221,0,0.693107431651906,0,1.34336378291241,0.0497240316244841,0.363273090545818,1.04945559491014,0,2.87873335732278,1.61319232837426,0,0.394632991318074,0.0769289945380414,0,0.856072766185126,0,0,0,0,1.43430866322433,1.06510451338038,0,0,0,0.0525596552086618,0.0861103935244984,0,0,0.112752283233735,0,1.0145203221102,1.93735873425896,1.26422250316056,1.07411385606874,0,0,0.405268490374873,0,0,0.993356925560315,2.78202809848379,1.65057357431708,1.08102264742446,0.0876424189307625,0,0.863475007195625,0.0582614775110697,0.969755742772289,0,0.0759878419452888,0,0.429645542427497,0.0491932310114128,0,0
"232",232,"M00567","Methanogenesis, CO2 => methane",0,0,0,0.198791348600509,0.203981723237598,0,0,0,0,0,0,0,0,0,0,0,0,0,0,0,0,0,0,0,0,0,0,0,0,0,0,0,0,0,0,0,0,0,0,0,0,0,0,0,0,0,0,0,0,0,0,0,0,0,0,0,0,0.636402206194315,0,0,0,0,0.00860881542699725,0,0
"233",233,"M00568","Catechol ortho-cleavage, catechol => 3-oxoadipate",0,0,0.99009900990099,0,0,0.516573396470082,1.66032514700796,0.0772200772200772,0,0.353460972017673,0,0.107816711590297,0,1.07469102632993,0.0696136442742778,0,0,0.0750187546886722,0.604534005037784,0.836470096194061,0.93837973099781,0.138121546961326,0.107700592353258,0,0,0,0,0,0,0,0.372786579683131,0,0,0,0,0,0,0.0856531049250535,0,0,0.0887705281846427,1.61446561188247,0,0,0,0,0,0,0.531914893617021,0,0,1.73310225303293,0.0756715853197125,0.122699386503067,2.24561403508772,0,0,0.339414509970301,1.00787401574803,0,1.04132769280833,0,0.068870523415978,0.074794315632012,0
"234",234,"M00569","Catechol meta-cleavage, catechol => acetyl-CoA / 4-methylcatechol => propanoyl-CoA",0.395694840139285,0.0632271117855336,0.412541254125413,4.3734096692112,0,0.0358731525326446,0.028825089357777,0.0965250965250965,0.0963391136801541,0.39273441335297,0,0.0449236298292902,0.239549646664271,0.940354648038689,0.0290056851142824,0.0529773257045984,0.0382614018977655,0,0.0419815281276238,2.26543984385892,0,0.230202578268877,0.0448752468138575,0,0.0624219725343321,0.200682319887618,0,0.0438827453045463,0,0.0557786702365016,0.155327741534638,0,0,0.0358886017800746,0.0306597988717194,0,0,0.0356887937187723,0.065772165219679,0,0.147950880307738,1.34538800990206,0,0.0417710944026733,0.193798449612403,0.0730353491089687,0.0394011032308905,0,0.110815602836879,0.0362161379110532,0,1.73310225303293,0.0630596544330937,0.0511247443762781,0,0,0,0.0353556781219064,0.41994750656168,0,0.325414904002603,0,0,0.031164298180005,0.0347801892042293
"235",235,"M00570","Isoleucine biosynthesis, threonine => 2-oxobutanoate => isoleucine",3.32383665716999,3.31942336874052,2.32054455445545,2.2264631043257,4.28361618798956,2.90572535514421,2.85368384641992,5.79150579150579,0.578034682080925,3.75552282768778,4.78384124734231,3.23450134770889,3.77290693496227,2.35088662009672,3.04559693699965,0.238397965670693,3.61570247933884,1.96924231057764,3.02267002518892,3.13676286072773,2.81513919299343,0.172651933701657,0.134625740441572,0.428082191780822,3.60486891385768,3.61228175797712,0.389105058365759,2.3696682464455,2.77039007092199,0.167336010709505,3.14538676607642,0.169376693766938,0,2.2609819121447,1.60963944076527,4.52079566003617,0,2.24839400428266,0.197316495659037,0,3.3288948069241,2.90603810138844,5.30973451327434,3.00751879699248,0,2.30061349693252,3.19148936170213,1.55343827671914,3.98936170212766,1.95567144719687,0.121713729308666,2.38301559792028,4.72947408248203,3.68098159509202,4.21052631578947,0.167897918065816,2.44698205546493,3.81841323716589,2.59842519685039,2.65957446808511,4.88122356003905,0.18796992481203,2.06611570247934,1.68287210172027,2.19115191986644
"236",236,"M00572","Pimeloyl-ACP biosynthesis, BioC-BioH pathway, malonyl-ACP => pimeloyl-ACP",2.08926875593542,1.70713201820941,1.70173267326733,2.67175572519084,2.74151436031332,1.03314679294016,1.72950536146662,3.28185328185328,1.84971098265896,3.35787923416789,3.40184266477675,0.970350404312669,2.15594681997844,3.57334766254702,2.506091193874,0.381436745073109,1.83654729109275,3.41335333833458,0.705289672544081,4.89335006273526,3.75351892399124,1.03591160220994,2.69251480883145,0.570776255707763,1.87265917602996,2.40818783865141,6.53696498054475,2.10637177461822,1.32978723404255,1.60642570281125,2.09692451071761,2.710027100271,4.0983606557377,1.80878552971576,2.64900662251656,0.482218203737191,0.849256900212314,3.59743040685225,0.315706393054459,5.90943975441289,2.21926320461607,1.93735873425896,0.530973451327434,1.05263157894737,0,1.97195442594216,2.64775413711584,5.46810273405137,2.3936170212766,1.08648413733159,1.94741966893866,4.04390525707683,2.83768444948922,1.10429447852761,1.05263157894737,1.41034251175285,2.03915171288744,2.12134068731438,1.73228346456693,1.11702127659574,3.41685649202733,0.601503759398496,1.72176308539945,3.66492146596859,1.75292153589316
"237",237,"M00573","Biotin biosynthesis, BioI pathway, long-chain-acyl-ACP => pimeloyl-ACP => biotin",0.759734093067426,0,0.742574257425743,0.0636132315521628,0.587467362924282,0.086095566078347,0.622621930127983,0.0772200772200772,0,0.530191458026509,1.27569099929128,0.970350404312668,0.646784045993532,0.483610961848469,0.6265227984685,1.14431023521933,0,0.675168792198049,0,0.0418235048097031,0.563027838598686,0,0.969305331179321,0,0,1.44491270319085,0,0.947867298578199,2.12765957446809,0.133868808567604,0,0,0,0.775193798449612,0.662251655629139,1.08499095840868,0,0.770877944325482,1.42067876874507,1.84190330007675,0,0.581207620277688,1.41592920353982,1.20300751879699,0,0.788781770376862,1.13475177304965,1.49130074565037,0,0.782268578878748,0.778967867575463,0.693240901213172,0.0756715853197125,1.10429447852761,0.56140350877193,1.20886501007387,0.734094616639478,0.0848536274925753,0.566929133858268,0.106382978723404,0,1.35338345864662,0.619834710743802,0.673148840688108,0.751252086811352
"238",238,"M00574","Pertussis pathogenicity signature, pertussis toxin",0,0,0,0,0,0,0,0,0,0,0,0,0,0,0,0,0,0,0,0,0,0,0,0,0,0,0,0,0,0,0,0,0,0,0,0,0,0,0,0,0,0,0,0,0,0,0,0,0,0,0,0,0,0,0,0,0,0,0,0,0,0,0,0,0
"239",239,"M00575","Pertussis pathogenicity signature, T1SS",0.253244697689142,0.910470409711684,0.247524752475248,0.763358778625954,0.391644908616188,0.172191132156694,0.13836042891733,0.0772200772200772,0.23121387283237,0.0589101620029455,0.566973777462792,0.215633423180593,0.287459575997125,0.806018269747448,0.835363731291333,0.381436745073109,0.0918273645546373,0.300075018754689,0,0.376411543287327,0.93837973099781,0.138121546961326,0.107700592353258,0.114155251141553,0.898876404494382,0.481637567730283,0.155642023346304,0.842548709847288,0.177304964539007,0.133868808567604,0.0931966449207828,0.2710027100271,0.409836065573771,0.344530577088717,0.147167034584253,0.241109101868596,0.212314225053079,0,0.15785319652723,0.306983883346124,0.0887705281846427,0,0.117994100294985,0.300751879699248,0,0.525854513584575,0.0945626477541371,0.165700082850041,0.0664893617021277,0.34767492394611,0,0.115540150202195,0.0756715853197125,0,0.140350877192982,0.268636668905306,0.163132137030995,0.0848536274925753,0.251968503937008,0.212765957446809,0.0650829808005207,0.300751879699248,0.550964187327824,0.074794315632012,0.500834724540902
"240",240,"M00576","ETEC pathogenicity signature, heat-labile and heat-stable enterotoxins",0,0,0,0,0,0,0,0,0,0,0,0,0,0,0,0,0,0,0,0,0,0,0,0,0,0,0,0,0,0,0,0,0,0,0,0,0,0,0,0,0,0,0,0,0,0,0,0,0,0,0,0,0,0,0,0,0,0,0,0,0,0,0,0,0
"241",241,"M00577","Biotin biosynthesis, BioW pathway, pimelate => pimeloyl-CoA => biotin",1.05518624037143,0,1.03135313531353,0.053011026293469,0.870322019147084,0.0717463050652891,0.922402859448864,0.0643500643500644,0,0.78546882670594,1.88991259154264,1.43755615453729,0.958198586657085,0.716460684219953,0.928181923657037,0.953591862682772,0,1.00025006251563,0,0.0348529206747525,0.834115316442498,0,1.43600789804344,0,0,2.00682319887618,0,1.40424784974548,2.95508274231678,0.111557340473003,0,0,0,1.14843525696239,0.981113563895021,1.6073940124573,0,1.14204139900071,2.10470928702973,2.55819902788437,0,1.34538800990206,2.3598820058997,1.67084377610693,0,1.1685655857435,2.36406619385343,2.20933443800055,0,1.1589164131537,1.46056475170399,0.962834585018294,0.0630596544330937,1.6359918200409,0.467836257309941,1.79091112603537,1.08754758020663,0.0707113562438128,0.83989501312336,0.0886524822695035,0,2.00501253132832,0.918273645546373,0.997257541760159,1.11296605453534
"242",242,"M00579","Phosphate acetyltransferase-acetate kinase pathway, acetyl-CoA => acetate",0,0,0.464108910891089,0.318066157760814,0,0,0,0.386100386100386,0,0.883652430044183,0,0,0,0.268672756582483,0,0,0,0.375093773443361,0.755667506297229,0.209117524048515,0.312793243665937,0,0,0,0,0,0.194552529182879,0,0,0,0.465983224603914,0,0,0.430663221360896,0.551876379690949,0,0,0,0,0,0.110963160230803,0.322893122376493,0,0,0,0,0.472813238770686,0.828500414250207,0,0,0.243427458617332,0.072212593876372,0,0,0,0,0.101957585644372,0.424268137462877,0.31496062992126,0,0.325414904002603,0,0.34435261707989,0.37397157816006,0.417362270450751
"243",243,"M00580","Pentose phosphate pathway, archaea, fructose 6P => ribose 5P",0.0633111744222855,0.0758725341426404,0.0618811881188119,0.0636132315521628,0.0652741514360313,0,0.0691802144586648,0,0,0.0589101620029455,0,0,0.0718648939992814,0.0537345513164965,0.0696136442742778,0,0.0918273645546373,0.0750187546886722,0.403022670025189,0.0418235048097031,0,0,0,0,0.0749063670411985,0.120409391932571,0.155642023346304,0.105318588730911,0,0,0.0931966449207828,0,0,0.0861326442721792,0.147167034584253,0,0.212314225053079,0.0856531049250535,0,0.153491941673062,0.0887705281846427,0,0,0.100250626566416,0,0.0876424189307625,0,0.165700082850041,0,0.0869187309865276,0.194741966893866,0.0577700751010976,0,0,0,0,0.0815660685154976,0.0848536274925753,0.062992125984252,0,0.0650829808005207,0,0.068870523415978,0.074794315632012,0.0834724540901502
"244",244,"M00595","Sulfur oxidation, SOX system, thiosulfate => sulfate",0.0452222674444897,0,1.10502121640735,2.72628135223555,2.51771726967549,0.061496832913105,3.55783960073133,0.882515168229454,0,0,0,0,0.205328268569375,0.0383818223689261,1.79006513848143,0,0,0,0,1.07546155224951,1.87675946199562,0,0,0,0,0,0,1.88068908448055,0,0,0,0,0,0,0.105119310417324,0,0,0.0611807892321811,0,0,0,0,0,0,0,0.375610366846125,0,0,0.189969604863222,0,0,0.0412643393579269,0.486460191341009,0,0,0,0,2.18195042123765,1.34983127109111,0,0,0,0,0.0534245111657228,0
"245",245,"M00596","Dissimilatory sulfate reduction, sulfate => H2S",0,0,0,0,0,0,0,0,0,0,0,0,0,0.024424796052953,0,0,0.0417397111611988,0,0,0,0,0,0.0489548147060263,0,0,0.109463083575064,0.0707463742483198,0,0,0,0,0,0,0,0,0,0,0,0,0,0.0403502400839285,0,0,0,0,0.0398374631503466,0,0.0753182194772916,0,0,0,0,0,0,0,0,0,0.0385698306784433,0,0,0,0,0,0,0
"246",246,"M00597","Anoxygenic photosystem II",0,0,0,0,0,0,0,0,0,0,0,0,0,0,0,0,0,0,0,0,0,0,0,0,0,0,0,0,0,0,0,0,0,0,0,0,0,0,0,0,0,0,0,0,0,0,0,0,0,0,0,0,0,0,0,0,0,0,0,0,0,0,0,0,0
"247",247,"M00598","Anoxygenic photosystem I",0,0,0,0,0,0,0,0,0,0,0,0,0,0,0,0,0,0,0,0,0,0,0,0,0,0,0,0,0,0,0,0,0,0,0,0,0,0,0,0,0,0,0,0,0,0,0,0,0,0,0,0,0,0,0,0,0,0,0,0,0,0,0,0,0
"248",248,"M00608","2-Oxocarboxylic acid chain extension, 2-oxoglutarate => 2-oxoadipate => 2-oxopimelate => 2-oxosuberate",0,0,0,0,0,0,0,0,0,0,0,0,0,0,0,0,0,0,0,0,0,0,0,0,0,0,0,0,0,0,0,0,0,0,0,0,0,0,0,0,0,0,0,0,0,0,0,0,0,0,0,0,0,0,0,0,0,0,0,0,0,0,0,0,0
"249",249,"M00609","Cysteine biosynthesis, methionine => cysteine",0.42207449614857,0.252908447142135,0.206270627062706,0.212044105173876,0.217580504786771,0.286985220261157,0.057650178715554,0.0643500643500644,0,0.196367206676485,0.47247814788566,0.539083557951482,0.359324469996407,0.0447787927637471,0.0580113702285648,0.211909302818394,0.306091215182124,0.0625156289072268,0.755667506297229,0.209117524048515,0.208528829110625,0.115101289134438,0.089750493627715,0.0951293759512938,0.249687890137328,0.100341159943809,0.12970168612192,0.0877654906090925,0.147754137115839,0.111557340473003,0.077663870767319,0,0,0.287108814240597,0.0613195977434388,0.100462125778581,0.176928520877565,0.0713775874375446,0.131544330439358,0.127909951394218,0.0739754401538689,0.215262081584329,0.0983284169124877,0.334168755221387,0,0.292141396435875,0.472813238770686,0.138083402375035,0.0554078014184397,0.651890482398957,0.162284972411555,0.192566917003659,0.0630596544330937,0.102249488752556,0.233918128654971,0.447727781508843,0.0679717237629146,0.0707113562438128,0.31496062992126,0.354609929078014,0.0542358173337672,0.12531328320802,0.0573921028466483,0.06232859636001,0.278241513633834
"250",250,"M00615","Nitrate assimilation",1.51946818613485,0.682852807283763,1.48514851485149,1.27226463104326,1.82767624020888,1.37752905725355,2.21376686267727,1.15830115830116,0,0.706921944035346,0,1.72506738544474,1.43729787998563,0.483610961848469,1.94918203967978,0,1.4692378328742,0.900225056264066,0,0.836470096194061,1.12605567719737,0,0,0,0.674157303370786,0,0,0.947867298578199,0,0,1.11835973904939,0,0,0,0,0,0,1.37044967880086,0,0,1.06524633821571,0.0645786244752987,0,0.200501253132832,0,2.45398773006135,0.0945626477541371,0,0.997340425531915,2.08604954367666,0,0.231080300404391,3.0268634127885,0,0,0,0,0,1.25984251968504,0.106382978723404,0.780995769606248,0,0,2.09424083769634,0.1669449081803
"251",251,"M00616","Sulfate-sulfur assimilation",1.26622348844571,1.51745068285281,1.23762376237624,1.01781170483461,1.30548302872063,0,1.3836042891733,0,0,2.12076583210604,0,0,1.43729787998563,1.07469102632993,1.94918203967978,0,1.83654729109275,2.10052513128282,0.100755667506297,1.00376411543287,1.5014075695965,0,0,0,1.49812734082397,1.92655027092113,0,1.68509741969458,0,0,1.49114631873253,0,0,1.72265288544358,0.147167034584253,0,0,1.02783725910064,0,0,1.42032845095428,1.03325799160478,0,0,0,1.75284837861525,2.26950354609929,0,0.0664893617021277,1.73837461973055,0,1.38648180242634,0,0.122699386503067,0,0,0.734094616639478,1.69707254985151,0.755905511811024,0,0.585746827204686,0,1.37741046831956,1.19670905011219,1.669449081803
"252",252,"M00620","Incomplete reductive citrate cycle, acetyl-CoA => oxoglutarate",0.521386142301175,0.200839060965813,0.163803145020384,0.280646609788954,0.172784518507142,0.911600111417791,0.508678047490183,0.567794685441744,0.612036722203332,0.207918218833925,0.500270980114229,0.507372760424925,0.190230601762804,0.252868476783513,0.511865031428513,0.448749111850716,0.243072435585805,0.353029433829046,0.35560823825752,0.221418554874899,0.165596423117261,1.46246343841404,0.506826316956508,0.5372011818426,0.198281559814937,0.318730743350923,0.411993591210803,0.278784499581823,0.208594075928244,0.984329474761792,0.246697001260896,0.717360114777618,0.120540019286403,0.227998176014592,0.389559797428905,0.212743325178172,0.562008242787561,0.403073434941428,0.742838571892846,1.35434066182114,0.234980809900525,0.569811392429106,0.208224882873503,0.265369305616984,0,0.231994638346136,0.695313586427479,1.75447146547103,0.234668335419274,0.230078993787867,0.51549344177788,0.271859176946342,0.667690458703345,0.577408877661494,0.495356037151703,0.355548532374669,0.215910181364552,0.224612543362699,0.166743862899491,0.125156445556946,0.478551329415593,0.398053958425475,0.182304326689353,0.351973250032997,0.220956496120986
"253",253,"M00621","Glycine cleavage system",3.16555872111428,1.13808801213961,0.928217821782178,1.14503816793893,1.37075718015666,1.72191132156694,1.24524386025597,3.08880308880309,0.46242774566474,1.64948453608247,0.283486888731396,2.15633423180593,2.87459575997125,1.71950564212789,2.43647754959972,1.52574698029243,1.37741046831956,1.80045011252813,1.51133501259446,1.67294019238812,1.31373162339693,2.76243093922652,1.93861066235864,1.36986301369863,1.12359550561798,3.01023479831427,2.49027237354086,0.421274354923644,0.531914893617021,2.14190093708166,1.86393289841566,0.5420054200542,0.409836065573771,1.29198966408269,3.3112582781457,2.41109101868596,0.212314225053079,2.05567451820129,3.15706393054459,4.29777436684574,2.48557478917,2.32483048111075,2.83185840707965,1.60401002506266,0,1.31463628396144,1.89125295508274,2.65120132560066,2.32712765957447,0.782268578878748,0.389483933787731,2.07972270363951,2.64850548618994,2.94478527607362,2.24561403508772,2.68636668905306,1.46818923327896,2.37590156979211,1.13385826771654,0.851063829787234,2.27790432801822,3.60902255639098,1.2396694214876,1.79506357516829,1.25208681135225
"254",254,"M00622","Nicotinate degradation, nicotinate => fumarate",0.542667209333876,0,0,0,0,0,0,0,0,0.168314748579844,0,0,0.205328268569375,0,0,0,0,0,0,0.716974368166338,0.714955985522141,0,0,0,0,0,0,0,0,0,0.0665690320862735,0,0,0,0,0,0,0,0.112752283233735,0,0,0,0,0,0,0,0,0,0.142477203647416,0,0,0,0,0,0,0.0959416674661806,0.0582614775110697,0,0,0,0.0464878434289433,0.107411385606874,0.0491932310114128,0,0
"255",255,"M00623","Phthalate degradation, phthalate => protocatechuate",0.0791389680278569,0.0948406676783005,0.0773514851485149,0.0795165394402036,0.0815926892950392,0,0,0,0,0,0,0,0.0898311174991017,0,0,0,0.114784205693297,0,0,0.627352572145546,1.40756959649672,0,0,0,0.0936329588014981,0,0,0,0,0,0,0,0,0,0,0,0,0,0,0,0,0,0,0,0,0,0,0,0,0,0,0,0,0,0,0,0,0,0.078740157480315,0,0,0,0,0,0
"256",256,"M00624","Terephthalate degradation, terephthalate => 3,4-dihydroxybenzoate",0,0,0,0,0,0,0,0,0,0,0,0,0,0,0,0,0,0,0,0.836470096194061,0.156396621832968,0,0,0,0,0,0,0,0,0,0,0,0,0,0,0,0,0,0,0,0,0,0,0,0,0.109553023663453,0,0,0,0,0,0,0,0,0,0,0,0,0,0,0,0,0,0,0
"257",257,"M00625","Methicillin resistance",0,0,0,0,0,0,0,0,0,0,0,0,0,0,0,0,0,0,0,0,0,0,0,0,0,0,0,0,0,0,0,0,0,0,0,0,0,0,0,0,0,0,0,0,0,0,0,0,0,0,0,0,0,0,0,0,0,0,0,0,0,0,0,0,0
"258",258,"M00627","beta-Lactam resistance, Bla system",0.0791389680278569,0,0.0773514851485149,0,0.163185378590078,0.430477830391735,0.172950536146662,0,0,0.0736377025036819,0,0.134770889487871,0.0898311174991017,0,0.0870170553428472,0,0,0,0.125944584382872,0.0522793810121288,0.0781983109164842,0,0,0,0,0,0.389105058365759,0,0,0.167336010709505,0,0,0,0.107665805340224,0.0919793966151582,0,0,0.107066381156317,0,0,0,0.161446561188247,0,0,0,0,0,0,0,0,0,0.072212593876372,0.0945894816496406,0.153374233128834,0.526315789473684,0,0.611745513866232,0,0.078740157480315,0.132978723404255,0.0813537260006508,0,0.516528925619835,0.093492894540015,0.104340567612688
"259",259,"M00630","D-Galacturonate degradation (fungi), D-galacturonate => glycerol",0,0,0,0,0,0,0,0,0,0,0,0,0,0,0,0,0,0,0,0,0,0,0,0,0,0,0,0,0,0,0,0,0,0,0,0,0,0,0,0,0,0,0,0,0,0,0,0,0,0,0,0,0,0,0,0,0,0,0,0,0,0,0,0,0
"260",260,"M00631","D-Galacturonate degradation (bacteria), D-galacturonate => pyruvate + D-glyceraldehyde 3P",0.158277936055714,0.853566009104704,0.0386757425742574,0.357824427480916,0.163185378590078,2.42143779595351,0.38913870632999,0.434362934362934,0,0.589101620029455,0,2.69541778975741,0.898311174991017,0.0671681891456206,0.391576749042812,0,0.68870523415978,0.0468867216804201,0.377833753148615,0.313676286072773,0.156396621832968,0,0,0,0.842696629213483,0,0,0.0658241179568194,0,2.51004016064257,0.698974836905871,0,0,0.215331610680448,0.275938189845475,0,0,0.0535331905781585,0,0,0.33288948069241,0,2.21238938053097,1.2531328320802,0,0,0,0,0.997340425531915,1.08648413733159,0,0.144425187752744,0.189178963299281,0,0.350877192982456,2.0987239758227,0.203915171288744,0.212134068731438,0.0393700787401575,0.265957446808511,1.13895216400911,0,0.172176308539945,0.0467464472700075,0.0521702838063439
"261",261,"M00632","Galactose degradation, Leloir pathway, galactose => alpha-D-glucose-1P",0.791389680278569,0.758725341426404,0.618811881188119,2.2264631043257,0.489556135770235,2.26000860955661,0.172950536146662,1.54440154440154,0,0.589101620029455,0.177179305457123,3.23450134770889,0.53898670499461,0.134336378291241,0.522102332057083,0.635727908455181,1.14784205693297,0.468867216804201,5.03778337531486,0.418235048097031,0.625586487331874,0.517955801104972,0.403877221324717,0.285388127853881,0.749063670411985,0,0.194552529182879,0.263296471827278,0.221631205673759,1.00401606425703,0.931966449207829,0.338753387533875,0,0.107665805340224,0.0919793966151582,3.61663652802893,0.265392781316348,0.321199143468951,0.394632991318074,0,0.66577896138482,2.90603810138844,3.09734513274336,2.25563909774436,0,0.109553023663453,0.945626477541371,0.414250207125104,1.66223404255319,4.34593654932638,0.486854917234664,0.36106296938186,0.945894816496406,0.613496932515337,4.21052631578947,3.35795836131632,0.101957585644372,1.06067034365719,0.236220472440945,0.265957446808511,0.650829808005207,5.26315789473684,0.0860881542699724,0.18698578908003,0.104340567612688
"262",262,"M00633","Semi-phosphorylative Entner-Doudoroff pathway, gluconate/galactonate => glycerate-3P",0,0,0,0,0,0,0,0,0,0,0,0,0,0,0,0,0,0,0,0,0,0,0,0,0,0,0,0,0,0,0,0,0,0,0,0,0,0,0,0,0,0,0,0,0,0,0,0,0,0,0,0,0,0,0,0,0,0,0,0,0,0,0,0,0
"263",263,"M00636","Phthalate degradation, phthalate => protocatechuate",0,0,0,0,0,0,0,0,0,0,0,0,0,0,0,0,0,0,0,0,0,0,0,0,0,0,0,0,0,0,0,0,0,0,0,0,0,0,0,0,0,0,0,0,0,0,0,0,0,0,0,0,0,0,0,0,0,0,0,0,0,0,0,0,0
"264",264,"M00637","Anthranilate degradation, anthranilate => catechol",0.180889069777959,0,0,0.181752090149037,0,0,0,0,0,0.0420786871449611,0,0,0.0513320671423438,0.345436401320335,0,0,0,0,0,0.358487184083169,0.446847490951338,0,0,0,0,0,0,0.0752275633792222,0,0,0,0,0,0,0,0,0,0,0,0,0.126815040263775,0,0,0,0,0.25040691123075,0,0,0,0,0,0.371379054221342,0,0,0,0,0,0,0,0,0,0,0,0,0
"265",265,"M00638","Salicylate degradation, salicylate => gentisate",1.26622348844571,0,0,1.27226463104326,0,0,0,0.0965250965250965,0,0.147275405007364,0,0,0.0898311174991017,0.268672756582483,0,0,0,0,0,1.04558762024258,0.469189865498905,0,0,0,0,0,0,0,0,0,0,0,0,0,0,0,0,0,0,0,0.221926320461607,0,0,0,0,0.438212094653812,0,0,0,0,0,0.072212593876372,0,0,0,0,0,0.106067034365719,0,0,0,0,0,0,0
"266",266,"M00639","Multidrug resistance, efflux pump MexCD-OprJ",0,0,0.0773514851485149,0.0795165394402036,0,0,0,0,0,0,0,0,0,1.07469102632993,0,0,0,0,0,0,0,0,0,0,0,0,0,0,0,0,0,0,0,0,0,0,0,0,0,0,0,0,0,0,0,0,0,0,0,0.108648413733159,0,0,0,0,0,0,0,0,0,0,0,0,0,0.841436050860135,0
"267",267,"M00641","Multidrug resistance, efflux pump MexEF-OprN",0,0,0,0,0,0,0,0,0,0.147275405007364,0.177179305457123,0,0,1.34336378291241,0,0,0,1.8754688672168,0,0,0,0,0,0,0,1.35460565924142,0,0,0,0,0,0,0,0,0,0,0,0.428265524625268,0,0,0,0,0.147492625368732,0.12531328320802,0,0,0,0,0,0.434593654932638,0,1.44425187752744,0,0,0,0,0,0,0,0,0.162707452001302,0,0,1.49588631264024,0
"268",268,"M00642","Multidrug resistance, efflux pump MexJK-OprM",0.0791389680278569,0.379362670713202,0.464108910891089,0.159033078880407,0.0815926892950392,0,0.259425804219993,0,0,0.0736377025036819,0.70871722182849,0,0.0898311174991017,2.41805480924234,0.0870170553428472,0,0.114784205693297,1.4066016504126,0,0.104558762024258,0.156396621832968,0,0,0,0.374531835205993,0.602046959662854,0.389105058365759,0.131648235913639,0,0,0,0,0,0.107665805340224,0.275938189845475,0,0,0.963597430406852,0,0,0,0,0.147492625368732,0.12531328320802,0,0.109553023663453,0,0,0,0.217296827466319,0.243427458617332,2.02195262853842,0,0,0,0,0.203915171288744,0.106067034365719,0.47244094488189,0,0,0,0.172176308539945,1.49588631264024,0.104340567612688
"269",269,"M00643","Multidrug resistance, efflux pump MexXY-OprM",0.0791389680278569,0.0948406676783005,0.464108910891089,0.159033078880407,0.0815926892950392,0,0.259425804219993,0,0,0,0.177179305457123,0,0.0898311174991017,0.134336378291241,0.0870170553428472,0,0.114784205693297,0,0,0.104558762024258,0.156396621832968,0,0,0,0.0936329588014981,0,0.389105058365759,0.131648235913639,0,0,0,0,0,0.107665805340224,0.275938189845475,0,0,0,0,0,0,0,0.147492625368732,0.12531328320802,0,0.109553023663453,0,0,0,0,0.243427458617332,0.216637781629116,0,0,0,0,0.203915171288744,0,0.47244094488189,0,0,0,0.172176308539945,0.093492894540015,0.104340567612688
"270",270,"M00649","Multidrug resistance, efflux pump AdeABC",0,0.0758725341426404,0,1.27226463104326,0,0,0.0691802144586648,0,0,0,0,0,0.0718648939992814,0.0537345513164965,0,0,0,0,0,0,0.0625586487331874,0,0,0,0.0749063670411985,0,0,0.105318588730911,0,0,0,0,0,0.0861326442721792,0,0,0,0,0,0,0,0,0,0,0,0.0876424189307625,0,0,0,2.08604954367666,0,0.0577700751010976,0,0,0,0,0,0,0,0,0,0,0,1.19670905011219,0.0834724540901502
"271",271,"M00651","Vancomycin resistance, D-Ala-D-Lac type",0.0287778065555843,0.034487515519382,0,0.0289151052509831,0.0296700688345597,0.0391343482174304,0.0314455520266658,0.14040014040014,0.210194429847609,0,0.0644288383480446,0.0490075961774075,0,0.024424796052953,0.126570262316869,0.231173784892793,0,0,0.412182276162125,0.0190106840044105,0,0.0627825213460573,0.0489548147060263,0,0.0340483486550902,0.0547315417875322,0.14149274849664,0,0,0,0,0,0,0.0391512019418996,0,0.0547975231519535,0,0,0,0,0,0,0.053633681952266,0.0911369332421964,0.211416490486258,0,0.042983021706426,0,0.0302224371373308,0,0.265557227582544,0.0262591250459535,0.137584700581295,0.446179587283882,0.0637958532695375,0.244215153550278,0,0,0,0,0.0295831730911458,0.136705399863295,0,0,0.0379420245864319
"272",272,"M00652","Vancomycin resistance, D-Ala-D-Ser type",0,0,0,0,0,0,0,0,0,0,0,0,0,0,0,0,0,0,0,0,0,0,0,0,0,0,0,0,0,0,0,0,0,0,0,0,0,0,0,0,0,0,0,0,0,0,0.0945626477541371,0,0,0,0,0,0,0,0,0,0,0,0,0,0,0,0,0,0
"273",273,"M00660","Xanthomonas spp. pathogenicity signature, T3SS and effectors",0.0175864373395238,0.0210757039285112,0.0171892189218922,0.017670342097823,1.16042935886278,0,0.019216726238518,0,0,0,0,0,0.0199624705553559,0,0.0193371234095216,0,0.025507601265177,0,0,0,0.156396621832968,0,0,0.0317097919837646,0.0208073241781107,0,0.0432338953739732,1.05318588730911,0,0,0,0,0,0.0239257345200498,0.0204398659144796,0,0,0,0,0.0426366504647395,0,0,0,0,0,0.0243451163696562,0,0,0,0,3.4620794114465,0,0,0,0,0,1.45006344027551,0,0.0174978127734033,0,0,0,1.2243648607285,0,0.0231867928028195
"274",274,"M00661","Paspaline biosynthesis, geranylgeranyl-PP + indoleglycerol phosphate => paspaline",0,0,0,0,0,0,0,0,0,0,0,0,0,0,0,0,0,0,0,0,0,0,0,0,0,0,0,0,0,0,0,0,0,0,0,0,0,0,0,0,0,0,0,0,0,0,0,0,0,0,0,0,0,0,0,0,0,0,0,0,0,0,0,0,0
"275",275,"M00664","Nodulation",0,0,0.15470297029703,0,0,0,0,0,0,0,0,0,0,0,0.0870170553428472,0,0,0,0,0.0522793810121288,0,0,0,0,0,0,0,0,0,0,0,0,0,0.107665805340224,0,0,0,0,0,0,0,0,0,0,0,0,0,0,0,0,0,0,0,0,0,0,0,0,0.15748031496063,0,0,0,0,0,0.104340567612688
"276",276,"M00672","Penicillin biosynthesis, aminoadipate + cycteine + valine => penicillin",0,0,0,0,0,0,0,0,0,0,0,0,0,0,0,0,0,0,0,0,0,0,0,0,0,0,0,0,0,0,0,0,0,0,0,0,0,0,0,0,0,0,0,0,0,0,0,0,0,0,0,0,0,0,0,0,0,0,0,0,0,0,0,0,0
"277",277,"M00673","Cephamycin C biosynthesis, aminoadipate + cycteine + valine => cephamycin C",0,0,0,0,0.0407963446475196,0,0,0,0,0,0,0,0,0.0335840945728103,0,0,0,0,0,0,0,0,0.0673128702207862,0,0,0.0752558699578567,0,0,0,0.0836680053547523,0,0,0,0,0,0,0,0,0,0,0,0,0,0,0,0,0,0,0.0415558510638298,0,0,0,0,0.0766871165644172,0,0,0,0,0,0,0,0.093984962406015,0,0,0
"278",278,"M00674","Clavaminate biosynthesis, arginine + glyceraldehyde-3P => clavaminate",0,0,0,0,0,0,0,0,0,0,0,0,0,0,0,0,0,0,0,0,0,0,0,0,0,0,0,0,0,0,0,0,0,0,0,0,0,0,0,0,0,0,0,0,0,0,0,0,0,0,0,0,0,0,0,0,0,0,0,0,0,0,0,0,0
"279",279,"M00675","Carbapenem-3-carboxylate biosynthesis, pyrroline-5-carboxylate + malonyl-CoA => carbapenem-3-carboxylate",0,0,0,0,0,0,0,0,0,0,0,0,0,0,0,0,0,0,0,0,0,0,0,0,0,0,0,0,0,0,0,0,0,0,0,0,0,0,0,0.255819902788437,0,0,0,0,0,0,0,0,0,0,0,0,0,0,0,0,0,0,0,0,0,0,0,0,0
"280",280,"M00696","Multidrug resistance, efflux pump AcrEF-TolC",0.0791389680278569,0.0948406676783005,0.0773514851485149,0.159033078880407,0.163185378590078,0.215238915195867,0.172950536146662,0.0965250965250965,0.289017341040462,0.0736377025036819,0.177179305457123,0.269541778975741,0.0898311174991017,0.0671681891456206,0.174034110685694,0.476795931341386,0.114784205693297,0.0937734433608402,0,0.0522793810121288,0.156396621832968,0.172651933701657,0.134625740441572,0.142694063926941,0.0936329588014981,0.602046959662854,0.194552529182879,0.394944707740916,0.221631205673759,0.167336010709505,0.116495806150979,0.338753387533875,0.512295081967213,0.107665805340224,0.183958793230316,0.301386377335744,0.265392781316348,0,0.197316495659037,0.383729854182655,0.110963160230803,0,0.147492625368732,0.37593984962406,0,0.219106047326906,0.118203309692671,0.207125103562552,0,0.108648413733159,0,0.144425187752744,0.0945894816496406,0,0.175438596491228,0.335795836131632,0.203915171288744,0.106067034365719,0.078740157480315,0.265957446808511,0.0813537260006508,0.37593984962406,0.172176308539945,0.093492894540015,0.104340567612688
"281",281,"M00697","Multidrug resistance, efflux pump MdtEF-TolC",0.0791389680278569,0.0948406676783005,0.0773514851485149,0.159033078880407,0.163185378590078,0.645716745587602,0.172950536146662,0.0965250965250965,0.289017341040462,0.0736377025036819,0.177179305457123,0.269541778975741,0.0898311174991017,0.537345513164965,0.174034110685694,0.476795931341386,0.114784205693297,0.0937734433608402,0,0.0522793810121288,0.156396621832968,0.172651933701657,0.134625740441572,0.142694063926941,0.0936329588014981,0.602046959662854,0.194552529182879,0.394944707740916,0.221631205673759,0.167336010709505,0.116495806150979,0.338753387533875,0.512295081967213,0.107665805340224,0.183958793230316,0.301386377335744,0.265392781316348,0,0.197316495659037,0.383729854182655,0.110963160230803,0,0.147492625368732,0.37593984962406,0,0.219106047326906,0.118203309692671,0.207125103562552,0,0.108648413733159,0,0.72212593876372,0.0945894816496406,0,0.175438596491228,0.335795836131632,0.203915171288744,0.106067034365719,0.078740157480315,0.265957446808511,0.0813537260006508,0.37593984962406,0.172176308539945,0.093492894540015,0.104340567612688
"282",282,"M00698","Multidrug resistance, efflux pump BpeEF-OprC",0.712250712250712,0,1.85643564356436,0.0795165394402036,0.734334203655353,0,0.345901072293324,0,0,0.441826215022091,0.70871722182849,0,0.808480057491915,0.0671681891456206,0.522102332057083,0,0,0,0,0.470514429109159,0.703784798248358,0,0,0,0,0.602046959662854,0,0,3.32446808510638,0,0,0,0,0,0.0919793966151582,0,0,0,0,0,0,0,0,0,0,0.876424189307625,0,0,0,0,0,0,0,0,0,0,0.101957585644372,0,1.88976377952756,0,0.488122356003905,0,0.0860881542699724,0,0
"283",283,"M00700","Multidrug resistance, efflux pump AbcA",0,0,0,0,0,0,0,0,0,0,0,0,0,0,0,0,0,0,0,0,0,0,0,0,0,0,0,0,0,0,0,0,0,0,0,0,0,0,0,0,0,0,0,0,0,0,0,0,0,0,0,0,0,0,0,0,0,0,0,0,0,0,0,0,0
"284",284,"M00702","Multidrug resistance, efflux pump NorB",0,0,0,0,0,0,0,0,0,0,0,0,0,0.0895575855274942,0,0,0,0.125031257814454,0,0,0,0,0,0,0,0,0,0,0,0,0,0,0,0,0,0,0,0.142755174875089,0,0,0,0,0,0,0,0,0,0,0,0,0,0,0,0,0,0,0,0,0,0,0,0,0,0.12465719272002,0
"285",285,"M00704","Tetracycline resistance, efflux pump Tet38",0,0,0,0,0,0,0,0,0,0,0,0,0,0,0,0,0,0,0,0,0,0,0,0,0,0,0,0,0,0,0,0,0,0,0,0,0,0,0,0,0,0,0,0,0,0,0.236406619385343,0,0,0,0,0,0,0,0,0,0,0,0,0,0,0,0,0,0
"286",286,"M00705","Multidrug resistance, efflux pump MepA",0,0,0,0,0,0.215238915195867,0,0,0,0,0,0,0,0,0,0,0,0,0,0,0,0,0,0,0,0,0,0,0,0,0,0,0,0,0,0,0,0,0,0,0,0,0,0,0,0,0,0,0,0,0,0,0,0,0,0,0,0,0,0,0,0,0,0,0
"287",287,"M00714","Multidrug resistance, efflux pump QacA",0,0,0,0,0,0,0,0.193050193050193,0,0,0,0,0,0.134336378291241,0,0,0,0,0.251889168765743,0.418235048097031,0.156396621832968,0,0,0,0,0,0,0,0,0,0,0,0,0,0,0,0.530785562632696,0,0,0,0,0.161446561188247,0,0,0,0,0,0,0,0,0,0,0,0,0,0,0,0,0,0,0.162707452001302,0,0,0,0
"288",288,"M00718","Multidrug resistance, efflux pump MexAB-OprM",1.18708452041785,0.853566009104704,3.24876237623762,0.954198473282443,0.734334203655353,1.50667240637107,2.07540643375994,0.772200772200772,1.15606936416185,1.03092783505155,2.12615166548547,1.34770889487871,1.34746676248653,2.82106394411607,1.82735816219979,1.58931977113795,1.37741046831956,1.68792198049512,0,1.56838143036386,1.87675946199562,1.03591160220994,1.34625740441572,0.142694063926941,0.842696629213483,0.150511739915713,2.33463035019455,2.3696682464455,0,1.00401606425703,0.465983224603914,1.3550135501355,2.04918032786885,1.61498708010336,3.03532008830022,1.50693188667872,2.12314225053079,1.49892933618844,1.97316495659037,0.767459708365311,0.887705281846427,0,2.65486725663717,3.00751879699248,0,2.30061349693252,0.472813238770686,0.828500414250207,0.332446808510638,1.52107779226423,2.19084712755599,3.24956672443674,1.13507377979569,0.613496932515337,1.05263157894737,1.67897918065816,1.83523654159869,0.848536274925753,3.07086614173228,1.86170212765957,0.650829808005207,1.12781954887218,1.5495867768595,2.5243081525804,1.56510851419032
"289",289,"M00725","Cationic antimicrobial peptide (CAMP) resistance, dltABCD operon",0,0,0,0,0,0,0,0,0,0,0,0,0,0,0,0,0,0,0,0,0,0,0.807754442649435,0.0951293759512938,0,0,0,0,0,0,0,0,0,0,0,0,0,0,0,0,0,0,0,0,0,0,0,0,0,0,0,0.192566917003659,0,0.920245398773006,0,0,0,0,0,0,0,0,0,0,0
"290",290,"M00726","Cationic antimicrobial peptide (CAMP) resistance, lysyl-phosphatidylglycerol (L-PG) synthase MprF",0,0,0,0,0,0,0,0,0,0.0981836033382425,0,0.179694519317161,0,0.0895575855274942,0,0,0,0,0,0.0697058413495051,0,0,0,0,0,0.401364639775236,0,0,0,0,0,0,0,0,0,0,0,0,0,0,0,0,0,0,0,0,0,0,0,0,0,0.0962834585018294,0,0,0,0,0,0,0,0.177304964539007,0.108471634667534,0,0,0,0
"291",291,"M00730","Cationic antimicrobial peptide (CAMP) resistance, VraFG transporter",0,0,0,0,0,0,0,0,0,0,0,0,0,0,0,0,0,0,0,0,0,0,0,0,0,0,0,0,0,0,0,0,0,0,0,0,0,0,0,0,0,0,0,0,0,0,0,0,0,0,0,0,0,0,0,0,0,0,0,0,0,0,0,0,0
"292",292,"M00736","Nocardicin A biosynthesis, L-pHPG + arginine + serine => nocardicin A",0,0,0.0515676567656766,0.053011026293469,0,0,0,0,0,0,0,0.0898472596585804,0,0.0447787927637471,0,0,0,0,0,0.0697058413495051,0,0,0,0,0,0,0,0,0,0,0,0,0,0.0717772035601493,0,0,0,0,0,0,0,0.0538155203960822,0,0,0,0,0,0,0,0,0,0,0,0,0,0,0,0,0.05249343832021,0,0,0,0.0573921028466483,0,0.0695603784084585
"293",293,"M00740","Methylaspartate cycle",0.730513551026372,0.583634878020311,1.07102056359482,0.489332550401253,0.702952400080338,0.529818868174443,0.532155495835883,0.712800712800713,0.800355713650511,0.45315509233035,0.654200512457068,0.829359319925358,0.829210315376323,0.186004216095565,0.535489571340598,1.95608587216979,0.706364342727979,0.259680304691558,1.70509591164503,0.804298169417366,0.481220374870672,1.48746281342966,0.828466095025061,0.702493853178785,0.576202823393835,0.926226091789006,1.43669560011972,1.01267873779722,1.22749590834697,1.4416640922665,0.896121585776758,0.416927246195539,0.157629255989912,0.828198502617107,1.13205411218656,1.11281123939352,0.979911807937286,0.395322022731016,0.971404286321414,0.944565794911152,0.546280173443955,0.794813839695984,1.27070569548446,0.92539039907461,0.178890876565295,0.303377603991101,1.27295871976723,1.01969281753872,0.306873977086743,0.668605622973289,0.674106808478766,0.26663111585122,0.814924764981519,0.943841434638981,0.809716599190283,1.0332179573281,0.627431296273058,0.979080317222023,1.21138703815869,0.859247135842881,0.700893639390223,0.92539039907461,0.529773257045984,0.258903400264657,0.802619750866829
"294",294,"M00741","Propanoyl-CoA metabolism, propanoyl-CoA => succinyl-CoA",0.189933523266857,0.227617602427921,0.0825082508250825,0.190839694656489,0.326370757180157,0.573970440522313,0.368961143779546,0.617760617760618,0.308285163776493,0.981836033382425,0.283486888731396,0.718778077268643,0.359324469996407,0,0.371272769462815,0.762873490146218,0.275482093663912,0,0.705289672544081,0.223058692318416,0.521322072776561,1.15101289134438,0.71800394902172,1.14155251141553,0.224719101123596,0,0.0518806744487678,0.035106196243637,0.236406619385343,0.401606425702811,0.497048772910842,0,0,0,0.294334069168506,1.12517580872011,0,0,1.05235464351486,0,0.473442816984761,1.03325799160478,0.353982300884956,0.835421888053467,0,0.262927256792288,0.0315208825847124,0,0.775709219858156,0,0,0,0.6053726825577,0.81799591002045,0.421052631578947,0.268636668905306,0.32626427406199,0.565690849950502,0.083989501312336,0,0.607441154138193,0.300751879699248,0.367309458218549,0,0
"295",295,"M00744","Cationic antimicrobial peptide (CAMP) resistance, protease PgtE",0,0,0,0.106022052586938,0,0,0,0,0,0,0,0,0.479099293328542,0.358230342109977,0.11602274045713,0.211909302818394,0,0.500125031257814,0,0,0.208528829110625,0,0,0,0,0.802729279550472,0,0,0,0,0,0,0,0,0,0,0,0.571020699500357,0,0,0,0,0,0,0,0,0.157604412923562,0,0,0.144864551644213,0,0.385133834007318,0,0,0,0,0,0,0,0,0,0,0,0.49862877088008,0
"296",296,"M00745","Imipenem resistance, repression of porin OprD",0.84414899229714,0.379362670713202,0.618811881188119,0.53011026293469,0.217580504786771,0.430477830391735,0.691802144586648,0,0,0,0,0.269541778975741,0.0598874116660678,4.03009134873724,0.0580113702285648,0,0,0.500125031257814,0,0.557646730796041,0.208528829110625,0,0.17950098725543,0.0951293759512938,0.499375780274657,0,0,0.70212392487274,0.147754137115839,0,0,0,0,0,0.0613195977434388,0.100462125778581,0,1.99857244825125,0,0,0,0.0538155203960822,0,0,0,0.292141396435875,0.0788022064617809,0.138083402375035,0,0.289729103288425,0,5.19930675909879,0,0.102249488752556,0,0,0.271886895051658,0.0707113562438128,0.62992125984252,0.0886524822695035,0,0,0.229568411386593,2.4931438544004,0
"297",297,"M00746","Multidrug resistance, repression of porin OmpF",0,0,0,0,0,0,0,0,0,0,0,0,0,0,0,0,0.153045607591062,0,0,0,0,0,0,0,0,0,0,0,0,0,0,0,0,0,0,0,0,0,0,0,0,0,0,0,0,0,0,0,0,0,0,0,0,0,0,0,0,0,0,0,0,0,0,0,0
"298",298,"M00761","Undecaprenylphosphate alpha-L-Ara4N biosynthesis, UDP-GlcA => undecaprenyl phosphate alpha-L-Ara4N",0,0,0,0.0795165394402036,0.0815926892950392,0.107619457597934,0,0.0965250965250965,0,0,0,0.134770889487871,0,0,0,0,0,0.0937734433608402,0,0,0,0,0.134625740441572,0.570776255707763,0,0,0,0,0,0,0,0.338753387533875,0,0.107665805340224,0,0,0,0,0,0,0,0.0807232805941233,0,0,0,0,0.118203309692671,0,0.332446808510638,0,0,0.866551126516464,0.0945894816496406,0.153374233128834,0,0,0.101957585644372,0,0,0,0,0,0.0860881542699724,0.093492894540015,0.104340567612688
"299",299,"M00763","Ornithine biosynthesis, mediated by LysW, glutamate => ornithine",0,0,0,0,0,0,0,0,0,0,0,0,0,0,0,0,0,0,0,0,0,0,0,0,0,0,0,0,0,0,0,0,0,0,0,0,0,0,0,0,0,0,0,0,0,0,0,0,0,0,0,0,0,0,0,0,0,0,0,0,0,0,0,0,0
"300",300,"M00769","Multidrug resistance, efflux pump MexPQ-OpmE",0.126622348844571,0.0758725341426404,0.0618811881188119,0,0.0652741514360313,0,0.0691802144586648,0,0,0.0589101620029455,0,0,0.0718648939992814,0.0537345513164965,0.0696136442742778,0,0.0918273645546373,0.150037509377344,0.201511335012594,0.0418235048097031,0.125117297466375,0,0,0.342465753424658,0.0749063670411985,0.120409391932571,0,0.105318588730911,0,0,0.0931966449207828,0,0,0.0861326442721792,0.0735835172921266,0,0,0.342612419700214,0,0,0.177541056369285,0,0,0,0,0.175284837861525,0,0,0.199468085106383,0,0,0.231080300404391,0,0,0,0,0.0815660685154976,0.0848536274925753,0.062992125984252,0,0.780995769606248,0,0.068870523415978,0.149588631264024,0.0834724540901502
"301",301,"M00773","Tylosin biosynthesis, methylmalonyl-CoA + malonyl-CoA => tylactone => tylosin",0,0,0,0,0,0,0,0,0,0,0,0,0,0,0,0,0,0,0,0,0,0,0,0,0,0,0,0,0,0,0,0,0,0,0,0,0,0,0,0,0,0,0,0,0,0,0,0,0,0,0,0,0,0,0,0,0,0,0,0,0,0,0,0,0
"302",302,"M00774","Erythromycin biosynthesis, propanoyl-CoA + methylmalonyl-CoA => deoxyerythronolide B => erythromycin A/B",0,0,0,0,0,0,0,0,0,0,0,0,0,0,0,0,0,0,0,0,0,0,0,0,0,0.066894106629206,0,0,0,0,0,0,0,0,0,0,0,0,0,0,0,0,0,0,0,0,0,0,0,0,0.108189981607703,0,0,0,0,0,0,0,0,0,0,0,0,0,0
"303",303,"M00775","Oleandomycin biosynthesis, malonyl-CoA + methylmalonyl-CoA => 8,8a-deoxyoleandolide => oleandomycin",0,0,0,0,0,0,0,0,0,0,0,0,0,0,0,0,0,0,0,0,0,0,0,0,0,0,0,0,0,0,0,0,0,0,0,0,0,0,0,0,0,0,0,0,0,0,0,0,0,0,0,0,0,0,0,0,0,0,0,0,0,0,0,0,0
"304",304,"M00776","Pikromycin/methymycin biosynthesis, methylmalonyl-CoA + malonyl-CoA => narbonolide/10-deoxymethynolide => pikromycin/methymycin",0,0,0,0,0,0,0,0,0,0,0,0,0,0,0,0,0,0,0,0,0,0,0,0,0,0,0,0,0,0,0,0,0,0,0,0,0,0,0,0,0,0,0,0,0,0,0,0,0,0,0,0,0,0,0,0,0,0,0,0,0,0,0,0,0
"305",305,"M00777","Avermectin biosynthesis, 2-methylbutanoyl-CoA/isobutyryl-CoA => 6,8a-Seco-6,8a-deoxy-5-oxoavermectin 1a/1b aglycone => avermectin A1a/B1a/A1b/B1b",0,0,0,0,0,0,0,0,0,0,0,0,0,0,0,0,0,0,0,0,0,0,0,0,0,0,0,0,0,0,0,0,0,0,0,0,0,0,0,0,0,0,0,0,0,0,0,0,0,0,0,0,0,0,0,0,0,0,0,0,0,0,0,0,0
"306",306,"M00778","Type II polyketide backbone biosynthesis, acyl-CoA + malonyl-CoA => polyketide",0,0,0,0,0,0,0,0,0,0,0,0,0,0,0,0,0,0,0,0,0,0,0,0,0,0.0547315417875322,0,0,0,0,0,0,0,0,0,0,0,0,0,0,0,0.0293539202160449,0,0,0,0,0,0,0,0,0,0,0,0,0,0,0,0,0,0,0,0,0,0,0
"307",307,"M00779","Dihydrokalafungin biosynthesis, octaketide => dihydrokalafungin",0,0,0,0,0,0,0,0,0,0,0,0,0,0,0,0,0,0,0,0,0,0,0,0,0,0,0,0,0,0,0,0,0,0,0,0,0,0,0,0,0,0.0403616402970617,0,0,0,0,0,0,0,0,0,0,0,0,0.087719298245614,0,0,0,0,0,0,0,0,0,0
"308",308,"M00780","Tetracycline/oxytetracycline biosynthesis, pretetramide => tetracycline/oxytetracycline",0,0,0,0,0,0,0,0,0,0,0,0,0,0,0,0,0,0,0,0,0,0,0,0,0,0,0,0,0,0,0,0,0,0,0,0,0,0,0,0,0,0,0,0,0,0,0,0,0,0,0,0,0,0,0,0,0,0,0,0,0,0,0,0,0
"309",309,"M00781","Nogalavinone/aklavinone biosynthesis, deoxynogalonate/deoxyaklanonate => nogalavinone/aklavinone",0,0,0,0,0,0,0,0,0,0,0,0,0,0,0,0,0,0,0,0,0.0781983109164842,0,0,0,0,0,0,0,0,0,0,0,0,0,0,0,0,0,0,0,0,0,0,0,0,0,0,0,0,0,0,0,0,0,0,0,0,0,0,0,0,0,0,0,0
"310",310,"M00782","Mithramycin biosynthesis, 4-demethylpremithramycinone => mithramycin",0,0,0,0,0,0,0,0,0,0,0,0,0,0,0,0,0,0,0,0,0,0,0,0,0,0,0,0,0,0,0,0,0,0,0,0,0,0,0,0,0,0,0,0,0,0,0,0,0,0,0,0,0,0,0,0,0,0,0,0,0,0,0,0,0
"311",311,"M00783","Tetracenomycin C/8-demethyltetracenomycin C biosynthesis, tetracenomycin F2 => tetracenomycin C/8-demethyltetracenomycin C",0,0,0,0,0,0,0,0,0,0,0,0,0,0,0,0,0,0,0,0,0,0,0,0,0,0,0,0,0,0,0,0,0,0,0,0,0,0,0,0,0,0,0,0,0,0,0,0,0,0,0,0,0,0,0,0,0,0,0,0,0,0,0,0,0
"312",312,"M00784","Elloramycin biosynthesis, 8-demethyltetracenomycin C => elloramycin A",0,0,0,0,0,0,0,0,0,0,0,0,0,0,0,0,0,0,0,0,0,0,0,0,0,0,0,0,0,0,0,0,0,0,0,0,0,0,0,0,0,0,0,0,0,0,0,0,0,0,0,0,0,0,0,0,0,0,0,0,0,0,0,0,0
"313",313,"M00785","Cycloserine biosynthesis, arginine/serine => cycloserine",0,0,0,0,0,0,0,0,0,0,0,0,0,0,0,0,0,0,0,0,0,0,0,0,0,0,0,0,0,0,0,0,0,0,0,0,0,0,0,0,0,0,0,0,0,0,0,0,0,0,0,0,0,0,0,0,0,0,0,0,0,0,0,0,0
"314",314,"M00786","Fumitremorgin alkaloid biosynthesis, tryptophan + proline => fumitremorgin C/A",0,0,0,0,0,0,0,0,0,0,0,0,0,0,0,0,0,0,0,0,0,0,0,0,0,0,0,0,0,0,0,0,0,0,0,0,0,0,0,0,0,0,0,0,0,0,0,0,0,0,0,0,0,0,0,0,0,0,0,0,0,0,0,0,0
"315",315,"M00787","Bacilysin biosynthesis, prephenate => bacilysin",0,0,0,0,0,0,0,0,0,0,0,0,0,0,0,0,0,0,0,0,0,0,0,0,0,0,0,0,0,0,0,0,0,0,0,0,0,0,0,0,0,0,0,0,0,0,0.0788022064617809,0,0,0,0,0,0,0,0,0,0,0,0,0,0,0,0,0,0
"316",316,"M00788","Terpentecin biosynthesis, GGAP => terpentecin",0,0,0,0,0,0,0,0,0,0,0,0,0,0,0,0,0,0,0,0,0,0,0,0,0,0,0,0,0,0,0,0,0,0,0,0,0,0,0,0,0,0,0,0,0,0,0,0,0,0,0,0,0,0,0,0,0,0,0,0,0,0,0,0,0
"317",317,"M00789","Rebeccamycin biosynthesis, tryptophan => rebeccamycin",0,0,0,0,0.0466243938828795,0,0.0988288777980926,0,0,0,0,0,0,0,0.198896126497936,0,0,0,0,0,0,0,0,0,0,0,0,0,0,0,0,0,0,0,0.0525596552086618,0,0,0,0,0,0,0,0,0,0,0,0,0,0,0.620848078475197,0,0,0,0,0,0,0.116522955022139,0,0,0,0,0,0.147579693034238,0,0
"318",318,"M00790","Pyrrolnitrin biosynthesis, tryptophan => pyrrolnitrin",0.0791389680278569,0.0948406676783005,0,0,0.0815926892950392,0,0.172950536146662,0,0,0,0,0,0.0898311174991017,0,0.348068221371389,0,0.114784205693297,0,0.125944584382872,0,0.0781983109164842,0,0,0,0.0936329588014981,0,0,0,0,0,0,0,0,0,0.0919793966151582,0,0,0,0,0,0,0,0,0,0,0,0,0,0,1.08648413733159,0,0,0,0,0,0,0.203915171288744,0,0,0,0,0,0.258264462809917,0,0
"319",319,"M00793","dTDP-L-rhamnose biosynthesis, glucose-1P => dTDP-L-Rha",1.51946818613485,1.51745068285281,1.48514851485149,1.78117048346056,1.0443864229765,2.06629358588033,1.66032514700796,1.85328185328185,0.23121387283237,0.0589101620029455,3.40184266477675,3.0188679245283,1.43729787998563,1.28962923159592,1.39227288548556,3.56007628734902,0.826446280991735,2.7006751687922,3.22418136020151,0.669176076955249,1.000938379731,4.41988950276243,3.01561658589122,1.14155251141553,1.49812734082397,1.08368452739314,0,2.10637177461822,3.54609929078014,4.81927710843374,1.49114631873253,0.2710027100271,0,1.72265288544358,2.64900662251656,2.89330922242315,0.212314225053079,1.71306209850107,3.78847671665351,0.613967766692249,1.42032845095428,1.03325799160478,3.77581120943953,3.60902255639098,0,1.4022787028922,2.64775413711584,3.97680198840099,1.32978723404255,1.39069969578444,0,1.61756210283073,1.8161180476731,2.94478527607362,2.24561403508772,3.22364002686367,0.734094616639478,1.3576580398812,1.51181102362205,0,1.82232346241458,3.60902255639098,1.37741046831956,1.79506357516829,1.669449081803
"320",320,"M00794","dTDP-6-deoxy-D-allose biosynthesis",0,0,0,0,0,0,0,0,0,0,0,0,0,0,0,0,0,0,0,0,0,0,0,0,0,0,0,0,0,0,0,0,0,0,0,0,0,0,0,0,0,0,0,0,0,0,0,0,0,0,0,0,0,0,0,0,0,0,0,0,0,0,0,0,0
"321",321,"M00795","dTDP-beta-L-noviose biosynthesis",0,0,0,0,0,0,0,0,0,0,0,0,0,0,0,0,0,0,0,0,0,0,0,0,0,0,0,0,0,0,0,0,0,0,0,0,0,0,0,0,0,0,0,0,0,0,0,0,0,0,0,0,0,0,0,0,0,0,0,0,0,0,0,0,0
"322",322,"M00796","dTDP-D-mycaminose biosynthesis",0,0,0,0,0,0,0,0,0,0,0,0,0,0,0,0,0,0,0,0,0,0,0,0,0,0,0,0,0,0,0,0,0,0,0,0,0,0,0,0,0,0,0,0,0,0,0,0,0,0,0,0,0,0,0,0,0,0,0,0,0,0,0,0,0
"323",323,"M00797","dTDP-D-desosamine biosynthesis",0,0,0,0,0,0,0,0,0,0,0,0,0,0,0,0,0,0,0,0,0,0,0,0,0,0,0,0,0,0,0,0,0,0,0,0,0,0,0,0,0,0,0,0,0,0,0,0,0,0,0,0,0,0,0,0,0,0,0,0,0,0,0,0,0
"324",324,"M00798","dTDP-L-mycarose biosynthesis",0,0,0,0,0,0,0,0,0,0,0,0,0,0,0,0,0,0,0,0,0,0,0,0,0,0,0,0,0,0,0,0,0,0,0,0,0,0,0,0,0,0,0,0,0,0,0,0,0,0,0,0,0,0,0,0,0,0,0,0,0,0,0,0,0
"325",325,"M00799","dTDP-L-oleandrose biosynthesis",0,0,0,0,0,0,0,0,0,0,0,0,0,0,0,0,0,0,0,0,0,0,0,0,0,0,0,0,0,0,0,0,0,0,0,0,0,0,0,0,0,0.0645786244752987,0,0,0,0,0,0,0,0,0,0,0,0,0,0,0,0,0,0,0,0,0,0,0
"326",326,"M00800","dTDP-L-megosamine biosynthesis",0,0,0,0,0,0,0,0,0,0,0,0,0,0,0,0,0,0,0,0,0,0,0,0,0,0,0,0,0,0,0,0,0,0,0,0,0,0,0,0,0,0,0,0,0,0,0,0,0,0,0,0,0,0,0,0,0,0,0,0,0,0,0,0,0
"327",327,"M00801","dTDP-L-olivose biosynthesis",0,0,0,0,0,0,0,0,0,0,0,0,0,0,0,0,0,0,0,0,0,0,0.134625740441572,0,0,0,0,0,0,0,0,0,0,0,0,0,0,0,0,0,0,0.0807232805941233,0,0,0,0,0,0,0,0,0,0,0,0,0,0,0,0,0,0,0,0,0,0,0
"328",328,"M00802","dTDP-D-forosamine biosynthesis",0,0,0,0,0,0,0,0,0,0,0,0,0,0,0,0,0,0,0,0,0,0,0.107700592353258,0,0,0,0,0,0,0,0,0,0,0,0,0,0,0,0,0,0,0.258314497901195,0,0,0,0,0,0,0,0,0,0,0,0,0,0,0,0,0,0,0,0,0,0,0
"329",329,"M00803","dTDP-D-angolosamine biosynthesis",0,0,0,0,0,0,0,0,0,0,0,0,0,0,0,0,0,0,0,0,0,0,0,0,0,0,0,0,0,0,0,0,0,0,0,0,0,0,0,0,0,0,0,0,0,0,0,0,0,0,0,0,0,0,0,0,0,0,0,0,0,0,0,0,0
"330",330,"M00804","Complete nitrification, comammox, ammonia => nitrite => nitrate",0.211037248074285,0,0,0.212044105173876,0.217580504786771,0,0.230600714862216,0,0,0.196367206676485,0,0,0.239549646664271,0,0.232045480914259,0,0.306091215182124,0,0,0,0,0,0,0,0,0,0,0,0,0,0,0,0,0,0,0,0,0,0,0,0,0,0,0,0,0,0,0,0,0.289729103288425,0,0,0.378357926598562,0,0,0,0,0,0,0,0,0,0,0.24931438544004,0.278241513633834
"331",331,"M00805","Staurosporine biosynthesis, tryptophan => staurosporine",0,0,0,0,0,0,0,0,0,0,0,0,0,0,0,0,0,0,0,0,0,0,0,0,0,0,0,0,0,0,0,0,0,0,0,0,0,0,0,0,0,0,0,0,0,0,0,0,0,0,0,0,0,0,0,0,0,0,0,0,0,0,0,0,0
"332",332,"M00808","Violacein biosynthesis, tryptophan => violacein",0,0,0,0,0,0,0,0,0,0,0,0,0,0,0,0,0,0,0,0,0,0,0,0,0,0,0,0,0,0,0,0,0,0,0,0,0,0,0,0,0,0,0,0,0,0,0,0,0,0,0,0,0,0,0,0,0,0,0,0,0,0,0,0,0
"333",333,"M00810","Nicotine degradation, pyridine pathway, nicotine => 2,6-dihydroxypyridine/succinate semialdehyde",0,0,0,0,0,0,0,0,0,0,0,0,0.0359324469996407,0,0,0,0,0,0,0,0,0,0,0,0,0,0,0,0,0,0,0,0,0,0,0,0,0,0,0,0,0,0,0,0,0,0,0,0,0,0,0,0,0,0,0,0,0,0,0,0,0,0,0,0
"334",334,"M00811","Nicotine degradation, pyrrolidine pathway, nicotine => succinate semialdehyde",0,0,0,0,0,0,0,0,0,0,0,0,0,0,0,0,0,0,0,0,0,0,0,0,0,0,0,0,0,0,0,0,0,0,0,0,0,0,0,0,0,0,0,0,0,0,0,0,0,0,0,0,0,0,0,0,0,0,0,0,0,0,0,0,0
"335",335,"M00814","Acarbose biosynthesis, sedoheptulopyranose-7P => acarbose",0,0,0,0.0397582697201018,0,0,0,0.0482625482625483,0,0,0,0,0,0,0,0,0,0,0,0,0,0,0,0,0,0,0,0,0,0,0,0,0,0,0,0,0,0,0,0,0,0.363254762673555,0,0,0,0,0.0591016548463357,0,0,0,0,0.036106296938186,0.0472947408248203,0,0,0,0,0,0,0,0,0,0,0,0
"336",336,"M00815","Validamycin A biosynthesis, sedoheptulopyranose-7P => validamycin A",0,0,0,0,0,0,0,0,0,0,0,0,0,0,0,0,0,0,0.0559753708368318,0,0,0,0,0,0,0,0,0,0,0,0,0,0,0,0,0,0,0,0,0,0,0.0358770135973882,0,0,0,0,0.0525348043078539,0,0.0369385342789598,0,0,0.0320944861672765,0,0,0,0,0,0,0,0,0,0,0,0,0
"337",337,"M00819","Pentalenolactone biosynthesis, farnesyl-PP => pentalenolactone",0,0,0,0,0,0,0,0,0,0,0,0,0,0,0,0,0,0,0,0,0,0,0,0,0,0,0,0,0,0,0,0,0,0,0,0,0,0,0,0,0,0,0,0,0,0,0,0,0,0,0,0,0,0,0,0,0,0,0,0,0,0,0,0,0
"338",338,"M00823","Chlortetracycline biosynthesis, pretetramide => chlortetracycline",0,0,0,0,0,0,0,0,0,0,0,0,0,0,0,0,0,0,0,0,0,0,0,0,0,0,0,0,0,0,0,0,0,0,0,0,0,0,0,0,0,0,0,0,0,0,0,0,0,0,0,0,0,0,0,0,0,0,0,0,0,0,0,0,0
"339",339,"M00824","9-membered enediyne core biosynthesis, malonyl-CoA => 3-hydroxyhexadeca-4,6,8,10,12,14-hexaenoyl-ACP => 9-membered enediyne core",0,0,0,0,0,0,0,0,0,0,0,0,0,0,0,0,0,0,0,0,0,0,0,0,0,0,0,0,0,0,0,0,0,0,0,0,0,0,0,0,0,0.0358770135973882,0,0,0,0,0,0,0,0,0,0,0,0,0,0,0,0,0,0,0,0,0,0,0
"340",340,"M00825","10-membered enediyne core biosynthesis, malonyl-CoA => 3-hydroxyhexadeca-4,6,8,10,12,14-hexaenoyl-ACP => 10-membered enediyne core",0,0,0,0,0.0407963446475196,0,0,0,0,0,0,0,0,0,0,0,0,0,0,0,0,0,0,0,0,0,0,0,0,0,0,0,0,0,0,0,0,0,0,0,0,0.0403616402970617,0,0,0,0,0,0,0.0415558510638298,0,0,0,0,0,0,0,0,0,0,0,0,0,0,0,0
"341",341,"M00826","C-1027 benzoxazolinate moiety biosynthesis, chorismate => benzoxazolinyl-CoA",0,0,0,0,0,0,0,0,0,0,0,0,0,0,0,0,0,0,0,0,0,0,0,0,0,0,0,0,0,0,0,0,0,0,0,0,0,0,0,0,0,0,0,0,0,0,0,0,0,0,0,0,0,0,0,0,0,0,0,0,0,0,0,0,0
"342",342,"M00827","C-1027 beta-amino acid moiety biosynthesis, tyrosine => 3-chloro-4,5-dihydroxy-beta-phenylalanyl-PCP",0,0,0,0,0,0,0,0,0,0,0,0,0,0,0,0,0,0,0,0,0,0,0,0,0,0,0,0,0,0,0,0,0,0,0,0,0,0,0,0,0,0,0,0,0,0,0,0,0,0,0,0,0,0,0,0,0,0,0,0,0,0,0,0,0
"343",343,"M00828","Maduropeptin beta-hydroxy acid moiety biosynthesis, tyrosine => 3-(4-hydroxyphenyl)-3-oxopropanoyl-PCP",0,0,0,0,0,0,0,0,0,0,0,0,0,0,0,0,0,0,0,0,0,0,0,0,0,0,0,0,0,0,0,0,0,0,0,0,0,0,0,0,0,0,0,0,0,0,0,0,0,0,0,0,0,0,0,0,0,0,0,0,0,0,0,0,0
"344",344,"M00829","3,6-Dimethylsalicylyl-CoA biosynthesis, malonyl-CoA => 6-methylsalicylate => 3,6-dimethylsalicylyl-CoA",0,0,0,0,0,0,0,0,0,0,0,0,0,0,0,0,0,0,0,0,0,0,0,0,0,0,0,0,0,0,0,0,0,0,0,0,0,0,0,0,0,0,0,0,0,0,0,0,0,0,0,0,0,0,0,0,0,0,0,0,0,0,0,0,0
"345",345,"M00830","Neocarzinostatin naphthoate moiety biosynthesis, malonyl-CoA => 2-hydroxy-5-methyl-1-naphthoate => 2-hydroxy-7-methoxy-5-methyl-1-naphthoyl-CoA",0,0,0,0,0,0,0,0,0,0,0,0,0,0,0,0,0,0,0,0,0,0,0,0,0,0,0,0,0,0,0,0,0,0,0,0,0,0,0,0,0,0,0,0,0,0,0.118203309692671,0,0,0,0,0,0,0,0,0,0,0,0,0,0,0,0,0,0
"346",346,"M00831","Kedarcidin 2-hydroxynaphthoate moiety biosynthesis, malonyl-CoA => 3,6,8-trihydroxy-2-naphthoate => 3-hydroxy-7,8-dimethoxy-6-isopropoxy-2-naphthoyl-CoA",0,0,0,0,0,0,0,0,0,0,0,0,0,0,0,0,0,0,0,0,0,0,0,0,0,0,0,0,0,0,0,0,0,0,0,0,0,0,0,0,0,0,0,0,0,0,0,0,0,0,0,0,0,0,0,0,0,0,0,0,0,0,0,0,0
"347",347,"M00832","Kedarcidin 2-aza-3-chloro-beta-tyrosine moiety biosynthesis, azatyrosine => 2-aza-3-chloro-beta-tyrosyl-PCP",0,0,0,0,0,0,0,0,0,0,0,0,0,0,0,0,0,0,0,0,0,0,0,0,0,0,0,0,0,0,0,0,0,0,0,0,0,0,0,0,0,0,0,0,0,0,0,0,0,0,0,0,0,0,0,0,0,0,0,0,0,0,0,0,0
"348",348,"M00833","Calicheamicin biosynthesis, calicheamicinone => calicheamicin",0,0,0,0,0,0,0,0,0,0,0,0,0,0,0,0,0,0,0,0,0,0,0,0,0,0,0,0,0,0,0,0,0,0,0,0,0,0,0,0,0,0,0,0,0,0,0,0,0,0,0,0,0,0,0,0,0,0,0,0,0,0,0,0,0
"349",349,"M00834","Calicheamicin orsellinate moiety biosynthesis, malonyl-CoA => orsellinate-ACP => 5-iodo-2,3-dimethoxyorsellinate-ACP",0,0,0,0,0,0,0,0,0,0,0,0,0,0,0,0,0,0,0,0,0,0,0,0,0,0,0,0,0,0,0,0,0,0,0,0,0,0,0,0,0,0,0,0,0,0,0,0,0,0,0,0,0,0,0,0,0,0,0,0,0,0,0,0,0
"350",350,"M00835","Pyocyanine biosynthesis, chorismate => pyocyanine",0.271333604666938,0.108389334489486,0.0442008486562942,0.0454380225372592,0,0.061496832913105,0.197657755596185,0.330943188086045,0,0.0841573742899222,0,0,0.307992402854063,0,0.198896126497936,0,0.131181949363768,0,0.0719683339330695,0.179243592041584,0.268108494570803,0,0,0,0.107009095773141,0,0,0,0,0,0.0665690320862735,0,0,0.0615233173372708,0.0525596552086618,0,0,0,0,0,0.0634075201318876,0,0,0.0716075904045829,0,0.0626017278076875,0.0675447483958122,0,0,0,0,0,0.324306794227339,0,0,0,0.0582614775110697,0,0.0449943757030371,0,0.27892706057366,0,0.0491932310114128,0,0.0596231814929645
"351",351,"M00836","Coenzyme F430 biosynthesis, sirohydrochlorin => coenzyme F430",0,0,0,0,0,0,0,0,0,0,0,0,0,0,0,0,0,0,0,0,0,0,0,0,0,0,0,0,0,0,0,0,0,0,0,0,0,0,0,0,0,0,0,0,0,0,0,0,0,0,0,0,0,0,0,0,0,0,0,0,0,0,0,0,0
"352",352,"M00837","Prodigiosin biosynthesis, L-proline => prodigiosin",0,0,0,0,0,0,0,0,0,0,0,0,0,0,0,0,0,0,0.0457980306846806,0,0,0,0,0,0,0,0,0,0,0,0,0,0,0,0,0,0,0,0,0,0,0,0,0,0,0,0.042983021706426,0,0,0,0,0,0,0,0,0,0,0,0,0,0,0,0.782619584272477,0,0
"353",353,"M00838","Undecylprodigiosin biosynthesis, L-proline => undecylprodigiosin",0,0,0,0,0,0,0,0,0,0,0,0,0,0,0,0,0,0,0.0457980306846806,0,0,0,0,0,0,0,0,0,0,0,0,0,0,0,0,0,0,0,0,0,0,0,0,0,0,0,0.042983021706426,0,0,0,0,0,0,0,0,0,0,0,0,0,0,0,0.782619584272477,0,0
"354",354,"M00840","Tetrahydrofolate biosynthesis, mediated by ribA and trpF, GTP => THF",0.633111744222855,0.758725341426404,0.464108910891089,0.795165394402036,0.326370757180157,1.07619457597934,0.518851608439986,0.386100386100386,0,0.78546882670594,0.47247814788566,1.07816711590296,0.53898670499461,0.403009134873724,0.522102332057083,1.27145581691036,0.459136822773186,0.562640660165041,1.00755667506297,0.418235048097031,0.469189865498905,1.72651933701657,1.07700592353258,0.856164383561644,0.749063670411985,0.903070439494281,0.778210116731518,0.789889415481833,0.591016548463357,0.446229361892012,1.55327741534638,0.903342366757001,0.341530054644809,0.645994832041344,0.551876379690949,0.904159132007233,1.59235668789809,0.642398286937901,1.5785319652723,0.511639805576874,0.66577896138482,0.48433968356474,0.589970501474926,1.50375939849624,0.387596899224806,0.657318141980719,0.709219858156028,1.24275062137531,0.221631205673759,0.651890482398957,0.162284972411555,0.433275563258232,0.50447723546475,1.53374233128834,1.05263157894737,2.01477501678979,0.271886895051658,0.848536274925753,0.62992125984252,1.06382978723404,0.867773077340275,1.12781954887218,0.516528925619835,0.56095736724009,0.626043405676127
"355",355,"M00841","Tetrahydrofolate biosynthesis, mediated by PTPS, GTP => THF",0.253244697689142,0.303490136570561,0.371287128712871,0.254452926208651,0.261096605744125,0.344382264313388,0.276720857834659,0.308880308880309,0.92485549132948,0.530191458026509,0.566973777462792,0.431266846361186,0.287459575997125,0.322407307898979,0.278454577097111,0.127145581691036,0.367309458218549,0.450112528132033,0.403022670025189,0.167294019238812,0.375351892399124,0.552486187845304,0.430802369413032,0.114155251141553,0.299625468164794,0.722456351595425,0.622568093385214,0.421274354923644,0.709219858156028,0.535475234270415,0.372786579683131,0,0,0.344530577088717,0.441501103752759,0.723327305605787,0.212314225053079,0.513918629550321,0.631412786108919,0.920951650038373,0.355082112738571,0.258314497901195,0.707964601769912,0.401002506265664,0,0.35056967572305,0.0945626477541371,0.662800331400166,0.398936170212766,0.0869187309865276,0,0.346620450606586,0.30268634127885,0.49079754601227,0.56140350877193,0.537273337810611,0.32626427406199,0.339414509970301,0.377952755905512,0.957446808510638,0.585746827204686,0.902255639097745,0.275482093663912,0.448765893792072,0.333889816360601
"356",356,"M00842","Tetrahydrobiopterin biosynthesis, GTP => BH4",0.42207449614857,0.505816894284269,0.618811881188119,0.106022052586938,0.435161009573542,0.86095566078347,0.461201429724432,0.128700128700129,1.54142581888247,0.0981836033382425,0.23623907394283,1.07816711590296,0.479099293328542,0.716460684219953,0.464090961828518,0.211909302818394,0.612182430364248,0.750187546886722,0.167926112510495,0.27882336539802,0.208528829110625,1.38121546961326,1.07700592353258,1.14155251141553,0.499375780274657,0.401364639775236,1.55642023346304,0.70212392487274,0.295508274231678,1.33868808567604,0,0,0,0.574217628481194,0.735835172921266,1.6073940124573,0,0.856531049250535,1.5785319652723,1.02327961115375,0,0.107631040792164,1.17994100294985,0.167084377610693,0.775193798449612,0.58428279287175,0,1.10466721900028,0.221631205673759,0,0,0.577700751010976,0.126119308866187,1.22699386503067,0.233918128654971,1.34318334452653,0.543773790103317,0,0.62992125984252,0.709219858156028,0.108471634667534,2.00501253132832,0.459136822773186,0.74794315632012,0.556483027267668
"357",357,"M00843","L-threo-Tetrahydrobiopterin biosynthesis, GTP => L-threo-BH4",0.42207449614857,0.505816894284269,0.618811881188119,0.106022052586938,0.435161009573542,0.86095566078347,0.461201429724432,0.128700128700129,1.54142581888247,0.0981836033382425,0.23623907394283,1.07816711590296,0.479099293328542,0.716460684219953,0.464090961828518,0.211909302818394,0.612182430364248,0.750187546886722,0.167926112510495,0.27882336539802,0.208528829110625,1.38121546961326,1.07700592353258,1.14155251141553,0.499375780274657,0.401364639775236,1.55642023346304,0.70212392487274,0.295508274231678,1.33868808567604,0,0,0,0.574217628481194,0.735835172921266,1.6073940124573,0,0.856531049250535,1.5785319652723,1.02327961115375,0,0.107631040792164,1.17994100294985,0.167084377610693,0.775193798449612,0.58428279287175,0,1.10466721900028,0.221631205673759,0,0,0.577700751010976,0.126119308866187,1.22699386503067,0.233918128654971,1.34318334452653,0.543773790103317,0,0.62992125984252,0.709219858156028,0.108471634667534,2.00501253132832,0.459136822773186,0.74794315632012,0.556483027267668
"358",358,"M00844","Arginine biosynthesis, ornithine => arginine",1.18708452041785,0.853566009104704,0.696163366336634,0.715648854961832,0.97911227154047,0.430477830391735,1.03770321687997,0.868725868725869,0,0.883652430044183,1.5946137491141,0.539083557951482,0.808480057491915,0.806018269747448,1.04420466411417,0,1.03305785123967,1.12528132033008,0.503778337531486,0.941028858218319,0.703784798248358,0,0,2.28310502283105,0.842696629213483,0.602046959662854,0,1.18483412322275,0.221631205673759,0,1.04846225535881,0,0,0.968992248062015,1.1037527593819,0.602772754671489,0,0.963597430406852,0,0,0.99866844207723,0.72650952534711,0.589970501474926,0.75187969924812,0,0.985977212971078,1.06382978723404,0,0.997340425531915,0.977835723598436,0,0.866551126516464,0.851305334846765,0.153374233128834,2.10526315789474,0,0.917618270799347,0.954603309291472,0.708661417322835,0.265957446808511,1.46436706801171,0,0.774793388429752,0.841436050860135,0.93906510851419
"359",359,"M00845","Arginine biosynthesis, glutamate => acetylcitrulline => arginine",1.80889069777959,0.86711467591589,0.707213578500707,0.727008360596147,0.745990302126072,2.58286698235041,0.790631022384741,2.20628792057364,0,1.68314748579844,3.54358610914245,3.23450134770889,1.53996201427031,2.68672756582483,0.795584505991746,0.0908182726364545,1.04945559491014,2.62565641410353,0.287873335732278,1.34432694031188,0.714955985522141,0.0986582478295186,0.0769289945380414,1.30463144161774,0.856072766185126,2.15016771308162,0,1.20364101406755,2.53292806484296,0.0956205775482884,1.9970709625882,0,0,0.984373077396333,1.05119310417324,4.13329888917592,0.151653017895056,2.56959314775161,0.112752283233735,0.109637101195044,1.90222560395663,1.15318972277319,4.04551201011378,3.22234156820623,0,1.001627644923,1.68861870989531,0,1.89969604863222,0.993356925560315,0,3.46620450606586,2.16204529484893,0.0876424189307625,2.00501253132832,0.0959416674661806,0.932183640177115,1.81829201769804,0.719910011248594,1.82370820668693,1.67356236344196,0.214822771213749,0.787091696182605,2.61780104712042,0.953970903887431
"360",360,"M00846","Siroheme biosynthesis, glutamyl-tRNA => siroheme",2.13675213675214,2.34730652503794,1.91444925742574,1.90839694656489,2.85574412532637,2.90572535514421,2.14026288481494,1.44787644787645,1.15606936416185,0.644329896907217,0.398653437278526,4.24528301886792,1.81908012935681,2.01504567436862,1.74034110685694,1.39065479974571,1.14784205693297,2.81320330082521,1.98362720403023,1.88205771643664,2.28730059430716,0.0431629834254144,3.02907915993538,0.570776255707763,2.31741573033708,3.0478627332932,1.75097276264591,2.3696682464455,0.221631205673759,0.0418340026773762,1.39794967381174,0.76219512195122,0,2.66472868217054,3.93211920529801,1.13019891500904,2.78662420382166,3.37259100642398,5.42620363062352,1.1991557943208,1.49800266311585,2.17952857604133,3.98230088495575,2.53759398496241,0,2.71143733567046,2.60047281323877,1.86412593206297,0.727227393617021,1.52107779226423,1.21713729308666,2.16637781629116,1.70261066969353,4.21779141104294,1.84210526315789,1.25923438549362,3.05872756933116,0.795502757742893,1.9488188976378,3.4906914893617,0.732183534005857,1.64473684210526,2.7978650137741,2.80478683620045,2.58242904841402
"361",361,"M00847","Heme biosynthesis, archaea, siroheme => heme",0,0,0,0,0,0,0,0,0,0,0,0,0,0,0,0,0,0,0,0,0,0,0,0,0,0,0,0,0,0,0,0,0,0,0,0,0,0,0,0,0,0,0,0,0,0,0,0,0,0,0,0,0,0,0,0,0,0,0,0,0,0,0,0,0
"362",362,"M00848","Aurachin biosynthesis, anthranilate => aurachin A",0.0287778065555843,0.034487515519382,0.0281278127812781,0.0867453157529493,0.0593401376691194,0.0782686964348609,0.0314455520266658,0.0351000351000351,0.105097214923805,0.0267773463649752,0.0644288383480446,0.098015192354815,0.0326658609087642,0.0732743881588589,0.0949276967376515,0.115586892446397,0.0834794223223975,0.102298301848189,0,0.0760427360176419,0.14217874712088,0.251130085384229,0.146864444118079,0.20755500207555,0.0340483486550902,0.218926167150129,0.0707463742483198,0.0957441715735555,0.0805931656995487,0.0608494584398199,0.0847242226552571,0,0.18628912071535,0.0783024038837992,0.066894106629206,0.0547975231519535,0.0965064659332175,0.116799688534164,0.0717514529669226,0.0697690643968464,0.080700480167857,0.0293539202160449,0.107267363904532,0.0911369332421964,0,0.0398374631503466,0.343864173651408,0.150636438954583,0.0604448742746615,0.0395085140847853,0.088519075860848,0.0787773751378604,0,0.11154489682097,0.0637958532695375,0.122107576775139,0.0370754856888625,0.0771396613568866,0.0286327845382963,0.0483558994197292,0.0295831730911458,0.136705399863295,0.0313047833708991,0.135989664785476,0.0758840491728639
"363",363,"M00849","C5 isoprenoid biosynthesis, mevalonate pathway, archaea",0.337659596918856,0.151745068285281,0.288778877887789,0.296861747243427,0.30461270670148,0.229588176208925,0.322841000807103,0.36036036036036,0.308285163776493,0.353460972017673,0.0944956295771321,0.0718778077268643,0.16768475266499,1.43292136843991,0.232045480914259,1.48336511972876,0.183654729109275,0.450112528132033,0.403022670025189,0.710999581764952,0.229381712021687,0.552486187845304,0.861604738826064,1.21765601217656,0.149812734082397,0.120409391932571,1.03761348897536,0.631911532385466,0.0591016548463357,0.267737617135207,0.186393289841566,3.1616982836495,0.546448087431694,0.229687051392478,0.343389747363257,1.40646976090014,1.41542816702052,0.599571734475375,0.841883714811892,1.02327961115375,0.11836070424619,0.990205575287913,0.471976401179941,0.534670008354219,0,0.2337131171487,0.504334121355398,1.65700082850041,0.265957446808511,0.173837461973055,0,0.519930675909879,0.50447723546475,0.49079754601227,0.327485380116959,1.34318334452653,0.32626427406199,0.197991797482676,0.335958005249344,0.425531914893617,0.173554615468055,1.2531328320802,0.229568411386593,0.523560209424084,0.222593210907067
"364",364,"M00850","Vibrio cholerae pathogenicity signature, cholera toxins",0,0,0.0442008486562942,0.0454380225372592,0,0,0.148243316697139,0,0,0,0,0,0.0513320671423438,0.0383818223689261,0,0,0,0,0,0,0,0,0,0,0,0,0,0.0752275633792222,0,0,0,0,0,0,0,0,0,0,0,0.109637101195044,0,0,0,0,0,0.0626017278076875,0,0,0,0,0,0,0,0,0,0,0,0,0.0449943757030371,0,0,0,0,0,0
"365",365,"M00851","Carbapenem resistance",0,0,0,0,0,0,0.0164714796330154,0,0,0,0,0,0,0,0,0,0,0,0,0,0,0,0,0,0,0,0,0,0,0,0,0,0,0,0.0175198850695539,0,0,0,0,0,0,0,0,0,0,0,0,0,0,0,0,0,0,0,0,0,0.0194204925036899,0,0,0,0,0,0.0163977436704709,0,0
"366",366,"M00852","Vibrio cholerae pathogenicity signature, toxin coregulated pilus",0,0,0,0,0,0,0,0,0,0,0,0,0,0,0,0,0,0,0,0,0,0,0,0,0,0,0,0,0,0,0,0,0,0,0,0,0,0,0,0,0,0,0,0,0,0,0,0,0,0,0,0,0,0,0,0,0,0,0,0,0,0,0,0,0
"367",367,"M00853","ETEC pathogenicity signature, colonization factors",0,0,0,0,0,0,0,0,0,0,0,0,0,0,0,0,0,0,0,0,0,0,0,0,0,0,0,0,0,0,0,0,0,0,0,0,0,0,0,0,0,0,0,0,0,0,0,0,0,0,0,0,0,0,0,0,0,0,0,0,0,0,0,0,0
"368",368,"M00854","Glycogen biosynthesis, glucose-1P => glycogen/starch",0.0243504517008791,0.26263569510914,0.0238004569687738,0.391466040321002,0.0502108857200241,0.993410377827081,0.0266077747917942,0.0297000297000297,0,0.36252407386428,0.0545167093714223,0.663487455940286,0.0276403438458774,0.248005621460753,0.0267744785670299,0.195608587216979,0.317863954227591,0.0288533671879508,0.116256539430343,0.321719267766947,0.0240610187435336,0.0531236719082023,0.0414233047512531,0.043905865823674,0.259291270527226,0.185245218357801,0.0598623166716552,0.0405071495118889,0,0.772320049428483,1.00365617606997,0.104231811548885,0,0.0331279401046843,0.0283013528046641,0.0463671349747299,0.0816593173281071,0.0329435018942514,0.0607127678950883,0,0.546280173443955,0.869327637167482,0.68073519400953,0.578368999421631,0,0.0337086226656779,0.0727404982724132,0,0.0255728314238953,0.534884498378631,0.674106808478766,0.466604452739635,0.116417823568788,0.047192071731949,0.161943319838057,0.464948080797644,0.0313715648136529,0.522176169185079,0.0242277407631738,0.490998363338789,0.025031915692508,0.231347599768652,0.0264886628522992,0.0287670444738508,0.0321047900346732
"369",369,"M00855","Glycogen degradation, glycogen => glucose-6P",0.253244697689142,0.758725341426404,0.185643564356436,0.636132315521629,0.652741514360313,0.172191132156694,1.03770321687997,0,0,0.353460972017673,0.070871722182849,0.0539083557951483,0.143729787998563,0.429876410531972,0.870170553428472,0,0.918273645546373,0.150037509377344,0.755667506297229,0.731911334169803,0.125117297466375,0.276243093922652,0.053850296176629,0.0570776255707763,0.749063670411985,0.240818783865141,0.0778210116731518,0.210637177461822,0,0.602409638554217,0.419384902143523,0,0,0.172265288544358,0.588668138337012,0.120554550934298,0.106157112526539,0.171306209850107,0.0789265982636148,0.0767459708365311,0.399467376830892,0.290603810138844,0.0589970501474926,0.050125313283208,0,0.175284837861525,0.425531914893617,0.0828500414250207,0,0.695349847892221,1.16845180136319,0.866551126516464,0.151343170639425,0.0613496932515337,0,0.0671591672263264,1.01957585644372,0.381841323716589,0.251968503937008,0.0531914893617021,0.0325414904002603,0.075187969924812,1.03305785123967,0.149588631264024,0.1669449081803
"370",370,"M00856","Salmonella enterica pathogenicity signature, typhoid toxin",0,0,0,0,0,0,0,0,0,0,0,0,0,0,0,0,0,0,0,0,0,0,0,0,0,0,0,0,0,0,0,0,0,0,0,0,0,0,0,0,0,0,0,0,0,0,0,0,0,0,0,0,0,0,0,0,0,0,0,0,0,0,0,0,0
"371",371,"M00857","Salmonella enterica pathogenicity signature, Vi antigen",0,0,0,0,0,0,0,0,0,0,0,0,0,0,0,0,0,0,0,0,0,0,0,0,0,0,0,0,0,0,0,0,0,0,0,0,0,0,0,0,0,0,0,0,0,0,0,0,0,0,0,0,0,0,0,0,0,0,0,0,0,0,0,0,0
"372",372,"M00859","Bacillus anthracis pathogenicity signature, anthrax toxin",0,0,0.206270627062706,0,0,0,0,0.128700128700129,0,0,0,0,0,0,0,0,0,0,0,0,0,0,0,0,0,0,0,0,0,0,0,0,0,0,0,0,0,0,0,0,0,0,0,0,0,0,0,0,0,0,0,0,0,0,0,0,0,0,0.20997375328084,0,0,0,0,0,0
"373",373,"M00860","Bacillus anthracis pathogenicity signature, polyglutamic acid capsule biosynthesis",0,0.0541946672447431,0,0.0454380225372592,0,0,0,0,0,0,0,0,0,0,0.198896126497936,0,0,0,0,0.0298739320069308,0,0,0.0769289945380414,0.0815394651011089,0.0535045478865704,0,0,0,0,0,0,0,0,0.0615233173372708,0,0,0,0,0,0,0,0,0.168563000421408,0.0716075904045829,0.332225913621262,0,0.0675447483958122,0,0.0474924012158055,0,0,0,0,0.262927256792287,0.100250626566416,0,0,0,0,0,0,0,0,0,0.0596231814929645
"374",374,"M00861","beta-Oxidation, peroxisome, VLCFA",0,0,0,0,0,0,0,0,0,0,0,0,0,0,0,0.158931977113795,0,0,0.125944584382872,0,0,0,0,0,0,0,0,0,0,0,0,0,0,0,0,0.150693188667872,0,0,0,0,0,0.0807232805941233,0,0,0,0,0,0,0,0,0,0,0,0,0,0.167897918065816,0,0,0,0,0,0,0,0,0
"375",375,"M00862","beta-Oxidation, peroxisome, tri/dihydroxycholestanoyl-CoA => choloyl/chenodeoxycholoyl-CoA",0,0,0,0,0,0,0,0,0,0,0,0,0,0,0,0,0,0,0,0,0,0,0,0,0,0,0,0,0,0,0,0,0,0,0,0,0,0,0,0,0,0,0,0,0,0,0,0,0,0,0,0,0,0,0,0,0,0,0,0,0,0,0,0,0
"376",376,"M00866","KDO2-lipid A biosynthesis, Raetz pathway, non-LpxL-LpxM type",2.53244697689142,2.4831011173955,2.02520252025203,2.08188757807078,2.61096605744125,2.81767307165499,2.26407974591994,0,8.51287440882817,1.71375016735841,4.63887636105921,3.13648615535408,2.61326887270114,1.75858531581261,2.27826472170364,3.64098711206149,3.00525920360631,2.45515924435654,0,1.36876924831755,2.04737395854068,4.01808136614766,3.5247466588339,5.13698630136986,2.4514811031665,4.37852334300257,4.52776795189247,3.446790176648,5.15796260477112,5.84154801022271,3.05007201558926,6.0359694506036,0,2.81888653981677,2.40818783865141,6.1373225930188,4.72881683072766,0.973330737784699,5.74011623735381,6.13967766692249,2.90521728604285,0.0293539202160449,3.0034861893269,3.28092959671907,0,3.18699705202773,3.86847195357834,4.82036604654666,2.44801740812379,2.52854490142626,4.33743471718155,1.89065700330865,0,3.56943669827105,0,5.37273337810611,2.6694349695981,2.77702780884792,2.51968503937008,2.70793036750484,2.66248557820312,6.01503759398496,2.25394440270473,2.44781396613857,2.7318257702231
"377",377,"M00867","KDO2-lipid A modification pathway",0.0527593120185713,0,0.0515676567656766,0.212044105173876,0,0,0.057650178715554,0,0.385356454720617,0.0981836033382425,0,0,0.0598874116660678,0.0447787927637471,0.11602274045713,0,0.0765228037955311,0,0,0.0348529206747525,0.0521322072776561,0,0,0,0,0,0,0.0877654906090925,0.147754137115839,0,0.077663870767319,0,0,0,0,0,0,0,0,0,0,0,0,0,0,0.0730353491089687,0,0,0,0.0724322758221063,0,0.0481417292509147,0,0,0,0.111931945377211,0.0679717237629146,0,0,0,0,0,0.0573921028466483,0,0
"378",378,"M00868","Heme biosynthesis, animals and fungi, glycine => heme",1.42450142450142,1.70713201820941,1.39232673267327,0.993956743002545,1.46866840731071,1.93715023676281,1.55655482531996,2.36486486486486,7.08092485549133,1.54639175257732,6.37845499645641,2.42587601078167,1.61696011498383,1.20902740462117,1.08771319178559,4.76795931341386,1.72176308539945,1.68792198049512,3.02267002518892,0.941028858218319,1.40756959649672,0.0863259668508287,2.82714054927302,1.78367579908676,1.68539325842697,2.70921131848284,3.50194552529183,1.64560294892048,2.77039007092199,0.0836680053547523,2.85414725069897,8.29945799457995,0,1.93798449612403,1.14974245768948,3.61663652802893,4.77707006369427,0.481798715203426,4.14364640883978,2.3983115886416,2.71859742565468,1.93735873425896,2.65486725663717,2.25563909774436,0,1.97195442594216,1.47754137115839,3.72825186412593,2.90890957446809,1.95567144719687,5.11197663096397,1.51646447140381,2.97956867196368,3.22085889570552,4.29824561403509,3.52585627938214,1.83523654159869,1.90920661858294,1.65354330708661,4.78723404255319,2.27790432801822,3.94736842105263,1.5495867768595,1.68287210172027,1.87813021702838
"379",379,"M00872","O-glycan biosynthesis, mannose type (core M3)",0,0,0,0,0,0.086095566078347,0,0,0,0,0,0,0,0,0,0,0,0,0,0,0,0,0.053850296176629,0,0,0,0,0,0,0,0,0,0,0,0,0,0,0,0,0,0,0.0322893122376493,0,0,0,0,0,0,0,0,0,0,0,0,0,0,0,0,0,0,0,0,0,0,0
"380",380,"M00873","Fatty acid biosynthesis in mitochondria, animals",0.237416904083571,0.379362670713202,0.15470297029703,0.318066157760814,0.407963446475196,0.645716745587602,0.172950536146662,0.193050193050193,0.578034682080925,0.294550810014728,0.531537916371368,0.404312668463612,0.269493352497305,0.268672756582483,0.348068221371389,0.476795931341386,0.229568411386593,0.281320330082521,0.0629722921914358,0.261396905060644,0.156396621832968,0.345303867403315,0.269251480883145,0.285388127853881,0.468164794007491,0.45153521974714,0.778210116731518,0.263296471827278,0.110815602836879,0.334672021419009,0.232991612301957,0.677506775067751,1.02459016393443,0.215331610680448,0.275938189845475,0.452079566003617,0.132696390658174,0.428265524625268,0.394632991318074,0.959324635456638,0.33288948069241,0.161446561188247,0.294985250737463,0.12531328320802,0,0.219106047326906,0.591016548463357,0.828500414250207,0.249335106382979,0.217296827466319,0.486854917234664,0.288850375505488,0.283768444948922,0.460122699386503,0.350877192982456,0.503693754197448,0.203915171288744,0.318201103097157,0.15748031496063,0.265957446808511,0.406768630003254,0.37593984962406,0.172176308539945,0.280478683620045,0.208681135225376
"381",381,"M00874","Fatty acid biosynthesis in mitochondria, fungi",1.08533441866775,1.13808801213961,1.06082036775106,1.49945474372955,1.39873181648639,1.47592398991452,1.18594653357711,2.15113072255929,1.48637489677952,1.76730486008837,1.51867976106105,2.31035810550635,1.07797340998922,1.49689107238812,1.34254885386107,1.08981927163745,1.18063754427391,1.28603579466295,1.00755667506297,3.13676286072773,2.27892220385183,1.47987371744278,1.38472190168474,1.46771037181996,1.28410914927769,1.54812075341877,2.33463035019455,0.902730760550666,0.759878419452887,1.43430866322433,1.19824257755292,2.32288037166086,3.51288056206089,0.553709856035437,1.26143172500788,1.29165590286748,1.21322414316045,1.2847965738758,1.01477054910362,1.9734678215108,1.5217804831653,2.76765533465566,0.758533501896334,0.859291084854995,0,1.31463628396144,2.63424518743668,2.13042963664339,2.27963525835866,0.558763270627677,1.66921685909028,1.85689527110671,2.1079941624777,1.57756354075372,1.50375939849624,2.01477501678979,1.22349102773246,1.45463361415843,1.07986501687289,1.3677811550152,2.37088001487611,1.61117078410311,1.03305785123967,1.28218826797735,0.53660863343668
"382",382,"M00875","Staphyloferrin B biosynthesis, L-serine => staphyloferrin B",0,0,0,0,0,0,0,0,0,0,0,0,0,0.0383818223689261,0,0,0,0,0,0,0,0,0,0,0,0,0,0,0,0,0,0,0,0.0615233173372708,0,0,0,0,0,0,0,0,0,0,0,0,0,0,0,0.0620848078475197,0,0,0,0,0,0,0,0,0,0,0,0,0.0491932310114128,0,0.0596231814929645
"383",383,"M00876","Staphyloferrin A biosynthesis, L-ornithine => staphyloferrin A",0,0,0,0,0,0,0,0,0,0,0,0,0,0,0,0,0,0,0,0,0,0,0,0,0,0,0,0,0,0,0,0,0,0,0,0,0,0,0,0,0,0,0,0,0,0,0,0,0,0,0,0,0,0,0,0,0,0,0,0,0,0,0,0,0
"384",384,"M00877","Kanosamine biosynthesis, glucose 6-phosphate => kanosamine",0,0,0,0,0,0,0,0,0,0,0,0,0,0,0,0,0,0.125031257814454,0,0,0,0,0,0,0,0,0,0,0,0,0,0,0,0,0,0,0,0.142755174875089,0,0,0,0,0,0,0,0,0,0,0,0,0,0,0,0,0,0,0,0,0,0,0,0,0,0.12465719272002,0
"385",385,"M00878","Phenylacetate degradation, phenylaxetate => acetyl-CoA/succinyl-CoA",0.920889809778699,0.620775279348876,3.29095409540954,4.04811473513764,3.85710894849276,1.25229914295777,4.71683280399987,3.15900315900316,0,3.21328156379703,0.128857676696089,1.37221269296741,1.04530754908046,5.10478237506717,4.4299591810904,0.0577934462231983,1.16871191251357,0.102298301848189,0.366384245477444,5.89331204136725,7.16580885489237,3.51582119537921,4.84652665589661,0.0518887505188875,0.612870275791624,0,0,0.0957441715735555,0.161186331399097,4.86795667518559,0.847242226552571,0,0,0.313209615535197,4.34811693089839,0.328785138911721,0,0.0778664590227759,0.645763076702303,0,0.363152160755356,9.0997152669739,0.643604183427192,0.729095465937571,0,1.59349852601386,0.343864173651408,0,0.846228239845261,0.0395085140847853,0,0.472664250827162,2.57971313589929,6.24651422197435,1.33971291866029,0.244215153550278,4.81981313955213,1.07995525899641,3.35003579098067,0.58027079303675,0.591663461822915,0.820232399179768,4.06962183821688,0.101992248589107,0.303536196691455
"386",386,"M00879","Arginine succinyltransferase pathway, arginine => glutamate",0,0,1.85643564356436,0,0.130548302872063,0,0.276720857834659,0,0,0,1.27569099929128,0,0,1.6120365394949,0.278454577097111,0,0,2.25056264066016,0,0,0,0,0,0.45662100456621,0,0.240818783865141,0,0,1.59574468085106,0,0,0,0,0.0861326442721792,0.147167034584253,0,1.91082802547771,2.99785867237687,0,1.38142747505756,0,0,0,0,0,0,0.378250591016548,0,0,1.39069969578444,0,2.02195262853842,0,0,0.56140350877193,0,0.163132137030995,0,1.88976377952756,1.59574468085106,0,0,0.137741046831956,2.24382946896036,0.0834724540901502
"387",387,"M00880","Molybdenum cofactor biosynthesis, GTP => molybdenum cofactor",1.05518624037143,1.26454223571067,1.44389438943894,1.23692394684761,1.08790252393386,1.19577175108815,1.15300357431108,1.28700128700129,0,0.818196694485354,0,1.49745432764301,1.19774823332136,1.25380619738492,1.1602274045713,0,0.459136822773186,1.75043760940235,1.67926112510495,0.929411217993401,1.04264414555312,0,1.7950098725543,0.0634195839675292,1.24843945068664,0,0,1.75530981218185,0,0,1.29439784612198,0,0,1.43554407120299,1.63518927315837,0,0,0.571020699500357,0,0,1.23292400256448,0.861048326337316,0,0.50125313283208,0,1.46070698217937,0.840556868925663,0,1.10815602836879,2.36612101018881,0,0.802362154181912,0.840795392441249,0,1.94931773879142,0,1.13286206271524,1.17852260406355,1.46981627296588,0.531914893617021,1.08471634667534,0,1.14784205693297,2.99177262528048,1.85494342422556
"388",388,"M00881","Lipoic acid biosynthesis, plants and bacteria, octanoyl-ACP => dihydrolipoyl-E2/H",0.633111744222855,0.758725341426404,0.618811881188119,0.636132315521629,0.652741514360313,0.86095566078347,0.691802144586648,1.15830115830116,2.3121387283237,0.589101620029455,1.41743444365698,1.07816711590296,0.718648939992814,0.537345513164965,0.696136442742778,1.27145581691036,0.918273645546373,0.750187546886722,0,0.418235048097031,0.625586487331874,1.38121546961326,1.07700592353258,1.71232876712329,0.749063670411985,1.20409391932571,0.778210116731518,1.05318588730911,0.443262411347518,1.33868808567604,0.931966449207829,2.710027100271,4.0983606557377,0.861326442721792,1.1037527593819,1.20554550934298,2.12314225053079,0.856531049250535,1.5785319652723,2.30237912509593,0.887705281846427,0.645786244752987,1.17994100294985,0.50125313283208,0,0.876424189307625,0.945626477541371,1.65700082850041,0.664893617021277,0.869187309865276,0.486854917234664,0.577700751010976,0.756715853197125,1.22699386503067,1.40350877192982,1.34318334452653,0.815660685154976,0.848536274925753,0.94488188976378,0.265957446808511,0.650829808005207,1.50375939849624,0.68870523415978,0.74794315632012,0.834724540901502
"389",389,"M00882","Lipoic acid biosynthesis, eukaryotes, octanoyl-ACP => dihydrolipoyl-H",0.158277936055714,0.189681335356601,0.15470297029703,0.159033078880407,0.163185378590078,0.215238915195867,0.172950536146662,0.193050193050193,0.578034682080925,0.147275405007364,0.354358610914245,0.269541778975741,0.179662234998203,0.134336378291241,0.174034110685694,0.317863954227591,0.229568411386593,0.18754688672168,0,0.104558762024258,0.156396621832968,0.345303867403315,0.269251480883145,0.285388127853881,0.187265917602996,0.301023479831427,0.778210116731518,0.263296471827278,0,0.334672021419009,0.232991612301957,0.677506775067751,1.02459016393443,0.215331610680448,0.367917586460633,0.301386377335744,0.530785562632696,0.214132762312634,0.394632991318074,0.767459708365311,0.221926320461607,0.161446561188247,0.294985250737463,0,0,0.219106047326906,0.236406619385343,0.414250207125104,0.166223404255319,0.217296827466319,0.486854917234664,0.144425187752744,0.189178963299281,0.306748466257669,0.350877192982456,0.335795836131632,0.203915171288744,0.212134068731438,0.31496062992126,0,0.162707452001302,0.37593984962406,0.172176308539945,0.18698578908003,0.208681135225376
"390",390,"M00883","Lipoic acid biosynthesis, animals and bacteria, octanoyl-ACP => dihydrolipoyl-H => dihydrolipoyl-E2",0.0633111744222855,0.0758725341426404,0.0618811881188119,0.0636132315521628,0.0652741514360313,0.086095566078347,0.0691802144586648,0.0772200772200772,0.23121387283237,0.0589101620029455,0.141743444365698,0.107816711590297,0.0718648939992814,0.0537345513164965,0.0696136442742778,0.127145581691036,0.0918273645546373,0.0750187546886722,0,0.0418235048097031,0.0625586487331874,0.138121546961326,0.107700592353258,0.114155251141553,0.0749063670411985,0.120409391932571,0.311284046692607,0.105318588730911,0,0.133868808567604,0.0931966449207828,0.2710027100271,0.409836065573771,0.0861326442721792,0.147167034584253,0.120554550934298,0.212314225053079,0.0856531049250535,0.15785319652723,0.306983883346124,0.0887705281846427,0.0645786244752987,0.117994100294985,0,0,0.0876424189307625,0.0945626477541371,0.165700082850041,0.0664893617021277,0.0869187309865276,0.194741966893866,0.0577700751010976,0.0756715853197125,0.122699386503067,0.140350877192982,0.134318334452653,0.0815660685154976,0.0848536274925753,0.125984251968504,0,0.0650829808005207,0.150375939849624,0.068870523415978,0.074794315632012,0.0834724540901502
"391",391,"M00884","Lipoic acid biosynthesis, octanoyl-CoA => dihydrolipoyl-E2",0.158277936055714,0.189681335356601,0.15470297029703,0.159033078880407,0.163185378590078,0.215238915195867,0.172950536146662,0.193050193050193,0.578034682080925,0.147275405007364,0.354358610914245,0.269541778975741,0.179662234998203,0.134336378291241,0.174034110685694,0.317863954227591,0.229568411386593,0.18754688672168,0,0.104558762024258,0.156396621832968,0.345303867403315,0.269251480883145,0.285388127853881,0.187265917602996,0.301023479831427,0.778210116731518,0.263296471827278,0,0.334672021419009,0.232991612301957,0.677506775067751,1.02459016393443,0.215331610680448,0.367917586460633,0.301386377335744,0.530785562632696,0.214132762312634,0.394632991318074,0.767459708365311,0.221926320461607,0.161446561188247,0.294985250737463,0,0,0.219106047326906,0.236406619385343,0.414250207125104,0.166223404255319,0.217296827466319,0.486854917234664,0.144425187752744,0.189178963299281,0.306748466257669,0.350877192982456,0.335795836131632,0.203915171288744,0.212134068731438,0.31496062992126,0,0.162707452001302,0.37593984962406,0.172176308539945,0.18698578908003,0.208681135225376
"392",392,"M00885","Meromycolic acid biosynthesis, initiation and elongation FAS II (KasA)",0.115111226222337,0.137950062077528,0.112511251125113,0.289151052509831,0.237360550676478,0.234806089304583,0.125782208106663,0.14040014040014,0.420388859695218,0.321328156379703,0.386573030088267,0.294045577064445,0.130663443635057,0.195398368423624,0.474638483688257,0.34676067733919,0.250438266967193,0.272795471595172,0.183192122738722,0.342192312079389,0.341228993090113,0.627825213460573,0.391638517648211,0.518887505188875,0.136193394620361,0.547315417875322,0.282985496993279,0.287232514720666,0.322372662798195,0.24339783375928,0.254172667965771,0.123183050012318,0.745156482861401,0.234907211651398,0.200682319887618,0.219190092607814,0.38602586373287,0.311465836091104,0.28700581186769,0.279076257587386,0.322801920671428,2.11348225555523,0.321802091713596,0.0911369332421964,0,0.159349852601386,0.343864173651408,0.451909316863749,0.181334622823984,0.158034056339141,0.354076303443392,0.210073000367628,0.0687923502906477,0.334634690462911,0.25518341307815,0.366322730325417,0.14830194275545,0.308558645427547,0.114531138153185,0.193423597678917,0.118332692364583,0.410116199589884,0.125219133483596,0.339974161963691,0.227652147518592
"393",393,"M00886","Meromycolic acid biosynthesis, initiation and elongation FAS II (KasA and KasB)",0.0791389680278569,0.0948406676783005,0.0773514851485149,0.198791348600509,0.163185378590078,0.161429186396901,0.086475268073331,0.0965250965250965,0.289017341040462,0.220913107511046,0.265768958185684,0.202156334231806,0.0898311174991017,0.134336378291241,0.326313957535677,0.238397965670693,0.172176308539945,0.18754688672168,0.125944584382872,0.23525721455458,0.234594932749453,0.431629834254144,0.269251480883145,0.356735159817352,0.0936329588014981,0.376279349789284,0.194552529182879,0.197472353870458,0.221631205673759,0.167336010709505,0.174743709226468,0.0846883468834688,0.512295081967213,0.161498708010336,0.137969094922737,0.150693188667872,0.265392781316348,0.214132762312634,0.197316495659037,0.191864927091328,0.221926320461607,2.21989021633839,0.221238938053097,0.06265664160401,0,0.109553023663453,0.236406619385343,0.310687655343828,0.124667553191489,0.108648413733159,0.243427458617332,0.144425187752744,0.0472947408248203,0.230061349693252,0.175438596491228,0.251846877098724,0.101957585644372,0.212134068731438,0.078740157480315,0.132978723404255,0.0813537260006508,0.281954887218045,0.0860881542699724,0.233732236350037,0.156510851419032
"394",394,"M00887","Mycolic acid biosynthesis, meromycolic acid + alpha-carboxyacyl-CoA + trehalose => TMM => TDM/mAGP/GMM",0,0,0,0,0,0,0,0,0,0.0736377025036819,0,0,0,0,0.0435085276714236,0,0,0,0.251889168765743,0.0261396905060644,0,0,0,0,0,0,0,0,0,0,0,0,0,0,0,0,0,0,0,0,0,2.09880529544721,0,0,0,0,0,0,0,0,0,0,0,0,0,0,0,0,0,0,0,0,0,0,0
"395",395,"M00888","Galactofuranan biosynthesis, decaprenyl phosphate + UDP-GlcNAc (+ dTDP-Rha/UDP-Galf) => GL-5",0.158277936055714,0,0.0773514851485149,0.0795165394402036,0.326370757180157,0,0.086475268073331,0,0,0,0,0,0.0898311174991017,0,0.0870170553428472,0,0,0,0.755667506297229,0.0522793810121288,0,0,0.134625740441572,0,0,0,0.194552529182879,0,0,0,0,0.338753387533875,0,0,0.0919793966151582,0,0,0,0,0,0.110963160230803,1.61446561188247,0,0,0,0.109553023663453,0,0,0.0831117021276596,0.108648413733159,0,0.072212593876372,0,0.153374233128834,0,0,0.101957585644372,0,0.078740157480315,0,0.0813537260006508,0,0.0860881542699724,0,0
"396",396,"M00889","Puromycin biosynthesis, ATP => puromycin",0,0,0,0,0,0,0,0,0,0,0,0,0,0,0,0,0,0,0,0,0,0,0,0,0,0,0,0,0,0,0,0,0,0,0,0,0,0,0,0,0,0,0,0,0,0,0,0,0,0,0,0,0,0,0,0,0,0,0,0,0,0,0,0,0
"397",397,"M00890","Roseoflavin biosynthesis, FMN => roseoflavin",0,0,0,0,0,0,0,0,0,0,0,0,0,0,0,0,0,0,0,0,0,0,0,0,0,0,0,0,0,0,0,0,0,0,0,0,0,0,0,0,0,0,0,0,0,0,0,0,0,0,0,0,0,0,0,0,0,0,0,0,0,0,0,0,0
"398",398,"M00891","Ditryptophenaline biosynthesis, tryptophan + phenylalanine => ditryptophenaline",0,0,0,0,0,0,0,0,0,0,0,0,0,0,0,0,0,0,0,0,0,0,0,0,0,0,0,0,0,0,0,0,0,0,0,0,0,0,0,0,0,0,0,0,0,0,0,0,0,0,0,0,0,0,0,0,0,0,0,0,0,0,0,0,0
"399",399,"M00892","UDP-N-acetyl-D-glucosamine biosynthesis, eukaryotes, glucose => UDP-GlcNAc",0.356125356125356,0.569044006069803,0.696163366336634,0.715648854961832,0.489556135770235,1.1300043047783,0.778277412659979,0.434362934362934,0.144508670520231,0.662739322533137,0.354358610914245,1.01078167115903,0.404240028745958,0.302256851155293,1.30525583014271,0.317863954227591,0.68870523415978,0.421980495123781,1.32241813602015,0.23525721455458,0.351892399124179,0.0863259668508287,0.0673128702207862,0.285388127853881,0.561797752808989,0.45153521974714,0.0972762645914397,0.987361769352291,0.443262411347518,1.00401606425703,0.524231127679403,0.677506775067751,1.02459016393443,0.968992248062015,1.1037527593819,0.301386377335744,0.530785562632696,0.642398286937901,0.394632991318074,0.383729854182655,0.66577896138482,0.72650952534711,1.54867256637168,1.50375939849624,0,0.328659070990359,0.886524822695035,0.621375310687655,0.623337765957447,0.488917861799218,1.94741966893866,0.324956672443674,0.709421112372304,0.306748466257669,0.789473684210526,0.335795836131632,1.07055464926591,0.636402206194315,0.708661417322835,0.997340425531915,0.488122356003905,0.56390977443609,0.774793388429752,0.420718025430067,0.93906510851419
"400",400,"M00893","Lovastatin biosynthesis, malonyl-CoA => lovastatin acid",0,0,0,0,0,0,0,0,0,0,0,0,0,0,0,0,0,0,0,0,0,0,0,0,0,0,0,0,0,0,0,0,0,0,0,0,0,0,0,0,0,0,0,0,0,0,0,0,0,0,0,0,0,0,0,0,0,0,0,0,0,0,0,0,0
"401",401,"M00894","Cannabidiol biosynthesis, malonyl-CoA => cannabidiol/dronabinol",0,0,0,0,0,0,0,0,0,0,0,0,0,0,0,0,0,0,0,0,0,0,0,0,0,0,0,0,0,0,0,0,0,0,0,0,0,0,0,0,0,0,0,0,0,0,0,0,0,0,0,0,0,0,0,0,0,0,0,0,0,0,0,0,0
"402",402,"M00895","Thiamine biosynthesis, prokaryotes, AIR (+ DXP/glycine) => TMP/TPP",2.21589110477999,1.82094081942337,1.48514851485149,1.33587786259542,1.37075718015666,0.172191132156694,1.45278450363196,1.85328185328185,0.115606936416185,1.76730486008837,2.97661233167966,2.26415094339623,2.26374416097736,1.71950564212789,1.46188652975983,0.0635727908455181,2.20385674931129,2.40060015003751,0.100755667506297,1.31744040150565,1.9705974350954,0.069060773480663,2.90791599353796,0.228310502283105,1.79775280898876,2.52859723058399,0.0778210116731518,2.21169036334913,1.77304964539007,0.0669344042838019,0.559179869524697,0,1.84426229508197,1.80878552971576,1.54525386313466,0.0602772754671489,0,2.09850107066381,3.31491712707182,0.0767459708365311,0.266311584553928,1.80820148530836,0.530973451327434,0,0,2.1034180543383,1.18203309692671,0,0.498670212765957,2.43372446762277,0,1.84864240323512,2.04313280363224,2.57668711656442,2.10526315789474,0.0671591672263264,1.71288743882545,0.254560882477726,1.51181102362205,0.478723404255319,2.0501138952164,0.075187969924812,1.44628099173554,2.39341810022438,1.75292153589316
"403",403,"M00896","Thiamine biosynthesis, archaea, AIR (+ NAD+) => TMP/TPP",1.08533441866775,0.650336006936917,0.884016973125884,0.54525627044711,0.559492726594554,0.24598733165242,0.592973266788556,0.827357970215113,0.165152766308836,0.757416368609299,1.61992507846512,1.54023873700424,1.02664134284688,0.614109157902817,0.596688379493809,0.0908182726364545,0.787091696182605,0.857357196441968,0.143936667866139,0.597478640138615,0.893694981902676,0.0986582478295186,2.15401184706516,0.0815394651011089,0.642054574638844,1.37610733637224,0.111172873818788,1.50455126758444,1.51975683890577,0.0956205775482884,0.399414192517641,0,2.63466042154567,1.23046634674542,0.630715862503942,0.0861103935244984,0,0.978892627714898,2.25504566467471,0.109637101195044,0.126815040263775,0.922551778218552,0.758533501896334,0,0,0.75122073369225,0.60790273556231,0,0.712386018237082,0.558763270627677,0,0.66022942972683,0.810766985568348,1.75284837861525,2.00501253132832,0.0959416674661806,0.699137730132836,0.121219467846536,0.899887514060742,0.683890577507599,1.11570824229464,0.107411385606874,0.590318772136954,0.854792178651565,1.19246362985929
"404",404,"M00897","Thiamine biosynthesis, plants, AIR (+ NAD+) => TMP/thiamine/TPP",0.0633111744222855,0.303490136570561,0.0618811881188119,0.254452926208651,0.261096605744125,0.086095566078347,0.276720857834659,0.0772200772200772,0.23121387283237,0.353460972017673,0.141743444365698,0.431266846361186,0.0718648939992814,0.0537345513164965,0.278454577097111,0.127145581691036,0.367309458218549,0.0750187546886722,0.201511335012594,0.0418235048097031,0.0625586487331874,0.138121546961326,0.107700592353258,0.114155251141553,0.299625468164794,0.120409391932571,0.155642023346304,0.421274354923644,0.354609929078014,0,0.372786579683131,0.2710027100271,0,0.0861326442721792,0.294334069168506,0.120554550934298,0,0.0856531049250535,0.631412786108919,0,0.0887705281846427,0.0645786244752987,0.117994100294985,0.100250626566416,0,0.35056967572305,0.0945626477541371,0.165700082850041,0,0.0869187309865276,0,0.0577700751010976,0.30268634127885,0.122699386503067,0.140350877192982,0.134318334452653,0.32626427406199,0.0848536274925753,0.062992125984252,0.106382978723404,0.0650829808005207,0.150375939849624,0.275482093663912,0.074794315632012,0.0834724540901502
"405",405,"M00898","Thiamine biosynthesis, pyridoxal-5P => TMP/thiamine/TPP",0,0,0,0,0,0.086095566078347,0,0.0772200772200772,0.23121387283237,0.0589101620029455,0,0.107816711590297,0,0,0,0.127145581691036,0,0,0,0,0,0.138121546961326,0,0.114155251141553,0,0,0.155642023346304,0.105318588730911,0,0,0.0931966449207828,0.2710027100271,0,0,0,0.120554550934298,0,0,0.15785319652723,0,0.0887705281846427,0,0.117994100294985,0.100250626566416,0,0,0,0.165700082850041,0,0,0,0,0.0756715853197125,0,0,0.134318334452653,0,0.0848536274925753,0,0,0,0.150375939849624,0,0,0
"406",406,"M00899","Thiamine salvage pathway, HMP/HET => TMP",0.379867046533713,0.455235204855842,0.371287128712871,0.381679389312977,0.391644908616188,0.086095566078347,0.415081286751989,0.617760617760618,0.23121387283237,0.471281296023564,0.566973777462792,0.646900269541779,0.431189363995688,0.214938205265986,0.417681865645667,0,0.550964187327824,0.300075018754689,1.51133501259446,0.250941028858218,0.375351892399124,0,0.861604738826064,0,0.449438202247191,0.481637567730283,0.155642023346304,0.631911532385466,0.177304964539007,0,0.186393289841566,0,3.68852459016393,0.516795865633075,0.441501103752759,0,0,0.342612419700214,0.947119179163378,0,0.177541056369285,0.774943493703584,0.471976401179941,0,0,0.525854513584575,0.0945626477541371,0,0.398936170212766,0.0869187309865276,0,0.231080300404391,0.6053726825577,0.736196319018405,0.842105263157895,0,0.489396411092985,0.169707254985151,0.377952755905512,0.425531914893617,0.97624471200781,0,0.413223140495868,0.299177262528048,0.500834724540902
"407",407,"M00900","Crocin biosynthesis, crocetin => crocin",0,0,0,0,0,0,0,0,0,0,0,0,0,0,0,0,0,0,0,0,0,0,0,0,0,0,0,0,0,0,0,0,0,0,0,0,0,0,0,0,0,0,0,0,0,0,0,0,0,0,0,0,0,0,0,0,0,0,0,0,0,0,0,0,0
"408",408,"M00901","Fumiquinazoline biosynthesis, tryptophan + alanine + anthranilate => fumiquinazoline",0,0,0,0,0,0,0,0,0,0,0,0,0,0,0,0,0,0,0,0,0,0,0,0,0,0,0,0,0,0,0,0,0,0,0,0,0,0,0,0,0,0,0,0,0,0,0,0,0,0,0,0,0,0,0,0,0,0,0,0,0,0,0,0,0
"409",409,"M00902","Podophyllotoxin biosynthesis, coniferyl alcohol => podophyllotoxin",0,0,0,0,0,0,0,0,0,0,0,0,0,0,0,0,0,0,0,0,0,0,0,0,0,0,0,0,0,0,0,0,0,0,0,0,0,0,0,0,0,0,0,0,0,0,0,0,0,0,0,0,0,0,0,0,0,0,0,0,0,0,0,0,0
"410",410,"M00903","Fosfomycin biosynthesis, phosphoenolpyruvate => fosfomycin",0,0,0,0,0,0,0,0,0,0,0,0,0,0,0,0,0,0,0,0,0,0,0,0,0,0,0.259403372243839,0,0,0,0,0,0,0,0,0,0,0,0,0,0,0,0,0,0,0,0.0788022064617809,0,0,0,0,0,0,0,0,0,0,0,0,0,0,0,0,0,0
"411",411,"M00904","Dapdiamides biosynthesis, L-2,3-diaminopropanoate => dapdiamide A/B/C",0,0,0,0,0,0,0,0,0,0,0,0,0,0,0,0,0,0,0,0,0,0,0,0,0,0,0,0,0,0,0,0,0,0,0,0,0,0,0,0,0,0,0,0,0,0,0,0,0,0,0,0,0,0,0,0,0,0,0,0,0,0,0,0,0
"412",412,"M00905","Grixazone biosynthesis, aspartate 4-semialdehyde => grixazone B",0,0.126454223571067,0,0,0,0,0,0,0,0,0,0,0,0,0,0,0,0,0,0,0,0,0,0,0.124843945068664,0,0,0,0,0,0,0,0,0,0,0,0,0,0,0,0,0,0,0,0,0,0,0,0,0,0,0,0,0,0,0,0,0,0,0,0,0,0,0,0
"413",413,"M00906","Ethynylserine biosynthesis, lysine => ethynylserine",0,0,0,0,0,0,0,0,0,0,0,0,0,0,0,0,0,0,0,0,0,0,0,0,0,0,0,0,0,0,0,0,0,0,0,0,0,0,0,0,0,0,0,0,0,0,0,0,0,0,0,0,0,0,0,0,0,0,0,0,0,0,0,0,0
"414",414,"M00909","UDP-N-acetyl-D-glucosamine biosynthesis, prokaryotes, glucose => UDP-GlcNAc",0.989237100348211,1.42261001517451,1.5470297029703,2.1469465648855,1.22389033942559,1.1300043047783,1.72950536146662,1.73745173745174,0.578034682080925,1.47275405007364,2.65768958185684,1.01078167115903,1.12288896873877,0.839602364320258,2.61051166028542,0.715193897012079,1.72176308539945,1.1721680420105,2.83375314861461,0.65349226265161,0.781983109164842,0.345303867403315,0.269251480883145,1.14155251141553,1.40449438202247,2.2576760987357,0.875486381322957,2.30384412848868,2.77039007092199,1.00401606425703,1.45619757688723,3.38753387533875,4.0983606557377,2.15331610680448,2.52943340691685,0.301386377335744,2.12314225053079,1.60599571734475,0.394632991318074,1.53491941673062,1.66444740346205,2.17952857604133,1.54867256637168,1.50375939849624,0.290697674418605,1.09553023663453,2.06855791962175,2.07125103562552,2.24401595744681,1.35810517166449,1.09542356377799,0.90265742345465,2.5539160045403,0.690184049079755,2.19298245614035,0.335795836131632,2.29404567699837,1.59100551548579,1.5748031496063,1.59574468085106,1.70842824601367,0.56390977443609,1.72176308539945,1.16866118175019,2.08681135225376
"415",415,"M00910","Phenylalanine biosynthesis, chorismate => arogenate => phenylalanine",0,0,0,0,0,0,0,0,0,0,0,0,0,0,0,0,0,0,0,0,0,0,0,0,0,0,0,0,0,0,0,0,0,0,0,0,0,0,0,0,0,0,0,0,0,0,0,0,0,0,0,0,0,0,0,0,0,0,0,0,0,0,0,0,0
"416",416,"M00911","Riboflavin biosynthesis, fungi, GTP => riboflavin/FMN/FAD",0.237416904083571,0.189681335356601,0.348081683168317,0.357824427480916,0.244778067885117,0.215238915195867,0.691802144586648,0.579150579150579,0,0.147275405007364,0.354358610914245,0.269541778975741,0.269493352497305,0.302256851155293,0.261051166028542,0.0794659885568977,0.229568411386593,0.421980495123781,0.566750629722922,0.156838143036386,0.234594932749453,0.345303867403315,0.269251480883145,0.285388127853881,0.187265917602996,0.67730282962071,0.389105058365759,0.263296471827278,0.443262411347518,0,1.16495806150979,0,0,0.861326442721792,0.275938189845475,0.301386377335744,0,0.481798715203426,0.394632991318074,0.383729854182655,0.499334221038615,0.24216984178237,0.0737463126843658,0.25062656641604,0,0.219106047326906,0.236406619385343,0.621375310687655,0.249335106382979,0.325945241199478,0,0.433275563258232,0.378357926598562,0.306748466257669,0.350877192982456,0.335795836131632,0.203915171288744,0.848536274925753,0.354330708661417,0.0664893617021277,0.488122356003905,0.37593984962406,0.258264462809917,0.420718025430067,0.834724540901502
"417",417,"M00912","NAD biosynthesis, tryptophan => quinolinate => NAD",1.53407845715538,1.63417765845687,0.9996191926885,1.76159718144451,1.60674834304077,0.529818868174443,1.70289758667483,0.831600831600832,0.355713650511338,1.26883425852498,0.654200512457068,0.663487455940286,2.2112275076702,0.992022485843012,1.71356662828991,3.42315027629713,1.97782015963834,0.259680304691558,1.55008719240457,1.54425248528134,1.92488149948269,2.97492562685933,2.60966819932894,1.09764664559185,1.61336790550274,1.66720696522021,0.957797066746483,1.01267873779722,0.613747954173486,2.52291216146638,0.896121585776758,0.416927246195539,0,1.85516464586232,1.8112865794985,1.94741966893866,0,0.395322022731016,2.97492562685933,0.236141448727788,0.85356277100618,1.21705869203448,1.58838211935557,1.15673799884326,0,0.842715566641947,0.581923986179305,0.573577209865528,1.96910801963993,0.534884498378631,0.449404538985844,1.24427854063903,0.523880206059548,2.64275601698915,0.48582995951417,2.53138399545384,2.00778014807379,0.815900264351686,0.872198667474258,0.245499181669394,0.750957470775239,2.83400809716599,1.69527442254715,0.258903400264657,1.7978682419417
"418",418,"M00913","Pantothenate biosynthesis, 2-oxoisovalerate/spermine => pantothenate",2.27920227920228,1.51745068285281,0.742574257425743,0.572519083969466,1.56657963446475,1.54972018941025,1.93704600484262,2.47104247104247,0,1.9440353460972,0.850460666194189,1.61725067385445,2.58713618397413,1.93444384739387,1.94918203967978,0.762873490146218,0.826446280991735,0.900225056264066,2.41813602015113,3.68046842325387,1.5014075695965,2.07182320441989,1.93861066235864,1.02739726027397,1.49812734082397,0.722456351595425,1.86770428015564,1.68509741969458,0.177304964539007,2.00803212851406,2.23671947809879,0,0.409836065573771,1.03359173126615,0.662251655629139,2.16998191681736,0,0.770877944325482,1.42067876874507,2.76285495011512,4.97114957833999,1.93735873425896,2.3598820058997,1.50375939849624,0,1.4022787028922,3.02600472813239,0.662800331400166,1.59574468085106,1.04302477183833,0,2.07972270363951,3.0268634127885,1.84049079754601,2.94736842105263,2.41773002014775,1.63132137030995,3.39414509970301,0.94488188976378,0.425531914893617,1.17149365440937,2.25563909774436,1.37741046831956,0.897531787584144,1.0016694490818
"419",419,"M00914","Coenzyme A biosynthesis, archaea, 2-oxoisovalerate => 4-phosphopantoate => CoA",0.678334011667345,0.487752005202688,0.176803394625177,0.408942202835333,0.699365908243193,0.24598733165242,0.741216583485694,1.15830115830116,0,0.336629497159689,0.40498126961628,0.308047747400847,0.769981007135157,0.806018269747448,0.596688379493809,0.0908182726364545,0.262363898727535,0.321508948665738,0.863620007196833,0.627352572145546,0.402162741856204,0.394632991318074,0.307715978152166,0.326157860404436,0.481540930979133,0.0860067085232648,0.667037242912729,0.677048070412999,0.506585612968592,0.382482310193154,0.599121288776461,0,0,0.246093269349083,0.473036896877956,0.344441574097994,0,0.244723156928724,0.451009132934942,0.438548404780178,1.14133536237398,0.184510355643711,0.758533501896334,0.286430361618332,0,0.563415550269187,0.810536980749747,0.473428808142975,0.712386018237082,0.745017694170237,0,0.495172072295123,1.29722717690936,0.35056967572305,0.401002506265664,0.383766669864722,0.699137730132836,0.545487605309413,0.179977502812148,0.455927051671733,0.185951373715773,0.429645542427497,0.590318772136954,0.320547066994337,0.238492725971858
"420",420,"M00915","Caffeine degradation, caffeine => xanthine",0,0,0,0,0,0,0,0,0,0,0,0,0,0,0,0,0,0,0,0,0,0,0,0,0,0,0,0,0,0,0,0,0,0,0,0,0,0,0,0,0,0,0,0,0,0,0,0,0,0,0,0.0962834585018294,0,0,0,0,0,0,0,0,0,0,0,0,0
"421",421,"M00916","Pyridoxal-P biosynthesis, R5P + glyceraldehyde-3P + glutamine => pyridoxal-P",0,0,0,0,0,0,0,0,0,0,0,0,0,0,0,0,0,0,0.251889168765743,0,0,0,0,0,0,0,0,0,0,0,0,0,0,0,0,0,0,0,0,0,0,0.645786244752987,0,0,0,0,0,0,0,0,0,0,0,0,0,0,0,0,0,0,0,0,0,0,0
"422",422,"M00917","Phytosterol biosynthesis, squalene 2,3-epoxide => campesterol/sitosterol",0,0,0,0,0,0,0,0,0,0,0,0,0,0.0206671351217294,0,0,0,0,0,0,0,0,0.0414233047512531,0,0,0.0463113045894503,0,0,0,0,0,0,0,0,0,0,0,0,0,0.059035362181947,0,0.0248379324904995,0,0,0,0,0,0,0,0,0,0,0,0.047192071731949,0,0,0,0,0,0,0,0,0.0264886628522992,0,0
"423",423,"M00918","Aerobactin biosynthesis, lysine => aerobactin",0,0,0,0.0795165394402036,0,0,0,0,0,0.294550810014728,0,0,0,0.0671681891456206,0,0,0,0.0937734433608402,0,0.0522793810121288,0,0,0,0,0,0,0,0,0,0,0,0,0,0.107665805340224,0.0919793966151582,0,0,0,0,0,0,0,0,0,0,0,0,0,0,0,0,0.072212593876372,0,0,0,0,0,0,0,0,0,0,0,0,0.104340567612688
"424",424,"M00919","Ectoine degradation, ectoine => aspartate",0,0,0,0,0,0,0,0.0965250965250965,0,1.47275405007364,0,0,0,0,0,0,0,0,0,0,0,0,0,0,0,0,0,0,0,0,1.04846225535881,0,0,0,0,0,0,0,0,0,0,0,0,0,0,0,0,0,0.0831117021276596,0,0,0,0.0945894816496406,0,0,0,0,0,0,0,0.0813537260006508,0,0,0,0
"425",425,"M00921","Cyclooctatin biosynthesis, dimethylallyl-PP + isopentenyl-PP => cyclooctatin",0,0,0,0,0,0,0,0,0,0,0,0,0,0,0,0,0,0,0.251889168765743,0,0,0,0,0,0,0,0,0,0,0,0,0,0,0,0,0,0,0,0,0,0,0.0807232805941233,0,0,0.581395348837209,0,0,0,0,0,0,0,0,0,0,0,0,0,0,0,0,0,0,0,0
"426",426,"M00922","CMP-Neu5Ac biosynthesis, UDP-GlcNAc => CMP-Neu5Ac",0.42207449614857,0,0,0,0,0.86095566078347,0,0.128700128700129,0.385356454720617,0.0981836033382425,0.23623907394283,0.179694519317161,0.119774823332136,0.716460684219953,0,0,0,0,0,0,0.104264414555312,0.230202578268877,0,0.76103500761035,0,0,0,0.175530981218185,0,0.223114680946006,0,0,0,0.574217628481194,0.122639195486878,0.200924251557163,1.41542816702052,0,1.05235464351486,1.53491941673062,0,0,0,0.167084377610693,0,0,0.945626477541371,0,0.110815602836879,0.144864551644213,0,0,0.126119308866187,0.204498977505112,0,0,0,0,0,0.709219858156028,0,1.50375939849624,0.229568411386593,0.49862877088008,0.556483027267668
"427",427,"M00923","UDP-L-FucNAm biosynthesis, UDP-GlcNAc => UDP-L-FucNAm",0.0791389680278569,0,0,0,0,0.107619457597934,0,0.0965250965250965,0.289017341040462,0,0,0,0,0.0671681891456206,0,0,0,0,0,0,0,0.172651933701657,0,0.142694063926941,0,0,0,0,0.221631205673759,0,0,0,0,0.107665805340224,0,0,0,0,0.197316495659037,0,0,0,0,0,0,0,0.472813238770686,0,0,0,0,0.072212593876372,0.0945894816496406,0.153374233128834,0,0,0,0,0,0,0,0.18796992481203,0,0,0.104340567612688
"428",428,"M00924","Cobalamin biosynthesis, anaerobic, uroporphyrinogen III => sirohydrochlorin => cobyrinate a,c-diamide",0.129500129500129,0.155193819837219,0.168766876687669,0.708420078649086,0.222525516259198,0.293507611630728,0.188673312159995,2.94840294840295,0,2.24929709465792,0,0.367556971330556,0.146996374089439,2.56460358556006,0.189855393475303,0,0.187828700225394,2.65975584805292,0.0228990153423403,0.114064104026463,0.127960872408792,0,0.220296666177119,0,0.153217568947906,0.0273657708937661,0,0.0957441715735555,0,0,3.5584173515208,0,0,0.176180408738548,0.535152853033648,0,0,1.36266303289858,0.574011623735381,0,2.88504216600089,1.46769601080224,0.402252614641995,0.205058099794942,0,2.39024778902079,0.257898130238556,0,2.65957446808511,0.0197542570423926,0,2.75720812982511,3.30203281395109,0.446179587283882,0.127591706539075,0,3.6148598546641,0.0771396613568866,0.171796707229778,0.0241779497098646,1.78978197201432,0,3.45917856248435,0.203984497178214,0.170739110638944
"429",429,"M00925","Cobalamin biosynthesis, aerobic, uroporphyrinogen III => precorrin 2 => cobyrinate a,c-diamide",0.167588402882521,0.0892618048736945,0.218404193360513,0.673551863493489,0.0575948395023806,0.202577802537287,0.244165462795288,4.76947535771065,0,3.1534263189812,0.250135490057114,0.253686380212462,0.190230601762804,3.31889875778361,0.122847607542843,0,0.108032193593691,3.44203697983319,0.0296340198547933,0.49204123305533,0.294393641097352,0,0.126706579239127,0,0.0881251376955276,0,0,0.0309760555090915,0.312891113892365,0,5.75626336275423,0,0,0.101332522673152,0.454486430333723,0,0,2.01536717470714,0.185709642973211,0,4.75183415576617,3.20993751068396,0.277633177164671,0.117941913607548,0,3.68613703149972,0.166875260742595,0,6.25782227784731,0.0255643326430963,0,3.56815169742074,5.92018873383633,0.144352219415374,0.371517027863777,0,2.15910181364552,0.299483391150266,0.222325150532654,0,4.01983116709098,0,2.00534759358289,0.131989968762374,0.0982028871648826
"430",430,"M00926","Heme biosynthesis, bacteria, glutamyl-tRNA => coproporphyrin III => heme",1.551123773346,2.38998482549317,1.73267326732673,1.33587786259542,2.05613577023499,3.09944037882049,1.93704600484262,1.85328185328185,4.16184971098266,0.883652430044183,2.97661233167966,4.74393530997305,1.76068990298239,1.5045674368619,1.46188652975983,4.45009535918627,2.47933884297521,2.10052513128282,4.98740554156171,1.90296946884149,2.40850797622771,0.069060773480663,3.87722132471729,2.79680365296804,2.35955056179775,2.95003010234798,3.81322957198444,2.21169036334913,1.41843971631206,0.0669344042838019,1.67753960857409,3.38753387533875,0,2.11024978466839,2.2075055187638,3.79746835443038,5.9447983014862,1.49892933618844,5.68271507498027,2.76285495011512,1.8641810918775,3.48724572166613,4.24778761061947,3.20802005012531,0,2.45398773006135,3.78250591016548,4.05965202982601,0.997340425531915,2.43372446762277,5.45277507302824,1.61756210283073,2.27014755959137,4.41717791411043,2.94736842105263,3.76091336467428,2.28384991843393,1.27280441238863,1.98425196850394,5.95744680851064,1.17149365440937,4.73684210526316,1.92837465564738,2.09424083769634,2.04507512520868
"431",431,"M00927","Gibberellin A12 biosynthesis, GAPP => GA12",0,0,0,0,0,0,0,0,0,0,0,0,0,0,0,0,0,0,0,0,0,0,0,0,0,0,0,0,0,0,0,0,0,0,0,0,0,0,0,0,0,0,0,0,0,0,0,0,0,0,0,0,0,0,0,0,0,0,0,0,0,0,0,0,0
"432",432,"M00928","Gibberellin A4/A1 biosynthesis, GA12/GA53 => GA4/GA1",0,0,0,0,0,0,0,0,0,0,0,0,0,0,0,0,0,0,0,0,0,0,0,0,0,0,0,0,0,0,0,0,0,0,0,0,0,0,0,0,0,0,0,0,0,0,0,0,0,0,0,0,0,0,0,0,0,0,0,0,0,0,0,0,0
"433",433,"M00929","Gibberellin A1 biosynthesis, GGPP => GA1",0,0,0,0,0,0,0,0,0,0,0,0,0,0,0,0,0,0,0,0,0,0,0,0,0,0,0,0,0,0,0,0,0,0,0,0,0,0,0,0,0,0,0,0,0,0,0,0,0,0,0,0,0,0,0,0,0,0,0,0,0,0,0,0,0
"434",434,"M00930","Menaquinone biosynthesis, futalosine pathway",0,0,0,0,0,0,0,0,0,0,0,0,0,0,0,0,0,0,0.143936667866139,0,0,0,2.76944380336949,0,0,0,0,0,0,3.44234079173838,0,0,0,0,0,0,0,0,0,0,0,0,2.10703750526759,2.57787325456498,0,0,1.68861870989531,0,0.0474924012158055,0,0,0,0,0,0,0,0,0,0,0,0,0,0,0,0
"435",435,"M00931","Menaquinone biosynthesis, modified futalosine pathway",0,0,0,0,0,0,0,0,0,0,0,0,0,0,0,0,0,0,0,0,0,0,1.72320947765213,0,0,0,0,0,0,2.14190093708166,0,0,0,0,0,0,0,0,0,0,0,0,1.06194690265487,1.60401002506266,0,0,1.51300236406619,0,0,0,0,0,0,0,0,0,0,0,0,0,0,0,0,0,0
"436",436,"M00932","Phylloquinone biosynthesis, chorismate (+ phytyl-PP) => phylloquinol",0.0243504517008791,0.0291817439010155,0.0238004569687738,0,0,0.827841981522567,0.106431099167177,0,0,0.0226577546165175,0,1.0366991499067,0.0276403438458774,0.0206671351217294,0.0267744785670299,0.978042936084894,0,0.0288533671879508,2.32513078860686,0.144773670495126,0.0962440749741344,1.32809179770506,0.0414233047512531,1.58061116965227,0.0288101411696917,0,0,0.0405071495118889,0,0,0.0358448634310703,0,0,0,0,1.62284972411555,0,0.0329435018942514,1.51781919737721,0,0,1.11770696207248,0.045382346267302,0.0385579332947754,0,0,0.0363702491362066,0.0637308010961698,0,0,3.67013706838439,0.0222192596542683,0,1.17980179329873,0.215924426450742,1.29152244666012,0,0.0326360105740674,0.0242277407631738,0,0,1.73510699826489,0,0.0287670444738508,0
"437",437,"M00933","Plastoquinone biosynthesis, homogentisate + solanesyl-PP => plastoquinol",0,0,0,0,0,0,0,0,0,0,0,0,0,0,0,0,0,0,0,0,0,0,0,0,0,0,0,0,0,0,0,0,0,0,0,0,0,0,0,0,0,0,0,0,0,0,0,0,0,0,0,0,0,0,0,0,0,0,0,0,0,0,0,0,0
"438",438,"M00934","Mycinamicin biosynthesis, malonyl-CoA + methylmalonyl-CoA => protomycinolide IV => mycinamicin II",0,0,0,0,0,0,0,0,0,0,0,0,0,0,0,0,0,0,0,0,0,0,0,0,0,0,0,0,0,0,0,0,0,0,0,0,0,0,0,0,0,0,0,0,0,0,0,0,0,0,0,0,0,0,0,0,0,0,0,0,0,0,0,0,0
"439",439,"M00935","Methanofuran biosynthesis",0,0,0,0,0,0,0,0,0,0,0,0,0,0,0,0,0,0,0,0,0,0,0,0,0,0,0,0,0,0,0,0,0,0,0,0,0,0,0,0,0,0.107631040792164,0,0,0,0,0,0,0,0,0,0,0,0,0,0,0,0,0,0,0,0,0,0,0
"440",440,"M00936","Melatonin biosynthesis, plants, tryptophan => serotonin => melatonin",0,0,0,0,0,0,0,0,0,0.0589101620029455,0,0,0,0,0,0,0,0,0,0,0,0,0,0,0,0,0,0,0,0,0,0,0,0,0,0,0,0,0,0,0.0887705281846427,0,0,0,0,0,0,0,0,0,0,0,0,0,0,0,0.0815660685154976,0,0,0,0,0,0.068870523415978,0,0
"441",441,"M00937","Aflatoxin biosynthesis, malonyl-CoA => aflatoxin B1",0,0,0,0,0,0,0,0,0,0,0,0,0,0,0,0,0,0,0,0,0,0,0,0,0,0,0,0,0,0,0,0,0,0,0,0,0,0,0,0,0,0,0,0,0,0,0,0,0,0,0,0,0,0,0,0,0,0,0,0,0,0,0,0,0
"442",442,"M00938","Pyrimidine deoxyribonucleotide biosynthesis, UDP => dTTP",1.20866787533454,1.24155055869775,1.01260126012601,1.38792505204719,1.24614289105151,0.626149571478887,0.943366560799975,1.89540189540189,3.78349973725696,1.07109385459901,2.70601121061787,0.78412153883852,1.3719661581681,1.17239021054174,1.32898775432712,0.693521354678379,1.75306786877035,1.43217622587465,1.6487291046485,0.79844872818524,1.02368697927034,1.88347564038172,1.22387036765066,2.17932752179328,1.22574055158325,2.29872475507635,2.54686947293951,3.015941404567,2.41779497098646,1.5212364609955,1.27086333982886,1.97092880019709,4.65722801788375,1.64435048155978,1.80614087898856,2.19190092607814,3.47423277359583,0.973330737784699,1.79378632417306,3.76752947742971,1.21050720251785,1.64381953209851,1.50174309466345,1.36705399863295,5.28541226215645,1.43414867341248,1.07457554266065,2.7114559011825,1.81334622823985,0.987712852119632,2.2129768965212,1.10288325193005,1.85739345784749,1.39431121026213,1.59489633173844,1.52634470968924,1.11226457066588,1.1570949203533,0.715819613457409,0.725338491295938,1.24249326982812,1.70881749829118,2.62960180315552,1.4278914802475,1.59356503263014
"443",443,"M00939","Pyrimidine degradation, uracil => 3-hydroxypropanoate",0,0,0.176803394625177,0.0454380225372592,0.0466243938828795,0,0,0.66188637617209,0.165152766308836,0.252472122869766,0.10124531740407,0,0,0.153527289475704,0,0,0,0,0,0.597478640138615,0.178738996380535,0,0,0.0815394651011089,0,0.0860067085232648,0,0,0.126646403242148,0,0.532552256690188,0,0,0.246093269349083,0,0,0,0,0,0,0.0634075201318876,0,0,0,0,0,0,0,0.189969604863222,0,0.13910140492419,0.0412643393579269,0.648613588454678,0,0.200501253132832,0,0.0582614775110697,0,0,0,0.41839059086049,0,0.0491932310114128,0,0.238492725971858
"444",444,"M00940","Flavanone biosynthesis, p-coumaroyl-CoA => liquiritigenin",0,0,0,0,0,0,0,0,0,0,0,0,0,0,0,0,0,0,0,0,0,0,0,0,0,0,0,0,0,0,0,0,0,0,0,0,0,0,0,0,0,0,0,0,0,0,0,0,0,0,0,0,0,0,0,0,0,0,0,0,0,0,0,0,0
"445",445,"M00941","Isoflavone biosynthesis, liquiritigenin/naringenin => daidzein/genistein",0,0,0,0,0,0,0,0,0,0,0,0,0,0,0,0,0,0,0,0,0,0,0,0,0,0,0,0,0,0,0,0,0,0,0,0,0,0,0,0,0,0,0,0,0,0,0,0,0,0,0,0,0,0,0,0,0,0,0,0,0,0,0,0,0
"446",446,"M00942","Pterocarpan biosynthesis, daidzein => medicarpin",0,0,0,0,0.0652741514360313,0,0.0691802144586648,0,0,0,0,0,0,0,0,0,0,0,0,0,0,0,0,0,0,0,0,0,0,0,0,0,0,0,0.0735835172921266,0,0,0,0,0,0,0,0,0,0,0,0,0,0,0,0,0,0,0,0,0,0,0,0,0,0,0,0,0,0
"447",447,"M00943","Reticuline biosynthesis, dopamine + 4HPAA => (S)-reticuline",0,0,0,0,0,0,0,0,0,0,0,0,0,0,0,0,0,0,0,0,0,0,0,0,0,0,0,0,0,0,0,0,0,0,0,0,0,0,0,0,0,0,0,0,0,0,0,0,0,0,0,0,0,0,0,0,0,0,0,0,0,0,0,0,0
"448",448,"M00944","Morphine biosynthesis, (S)-reticuline => morphine",0,0,0,0,0,0,0,0,0,0,0,0,0,0,0,0,0,0,0,0,0,0,0,0,0,0,0,0,0,0,0,0,0,0,0,0,0,0,0,0,0,0,0,0,0,0,0,0,0,0,0,0,0,0,0,0,0,0,0,0,0,0,0,0,0
"449",449,"M00945","Sanguinarine biosynthesis, (S)-reticuline => sanguinarine",0,0,0,0,0,0,0,0,0,0,0,0,0,0,0,0,0,0,0,0,0,0,0,0,0,0,0,0,0,0,0,0,0,0,0,0,0,0,0,0,0,0,0,0,0,0,0,0,0,0,0,0,0,0,0,0,0,0,0,0,0,0,0,0,0
"450",450,"M00946","Noscapine biosynthesis, (S)-reticuline => noscapine",0,0,0,0,0,0,0,0,0,0,0,0,0,0,0,0,0,0,0,0,0,0,0,0,0,0,0,0,0,0,0,0,0,0,0,0,0,0,0,0,0,0,0,0,0,0,0,0,0,0,0,0,0,0,0,0,0,0,0,0,0,0,0,0,0
"451",451,"M00947","D-Arginine racemization, D-arginine => L-arginine",0.316555872111428,0,0.15470297029703,0,0,0,0.172950536146662,0.193050193050193,0,0.147275405007364,0,0,0.359324469996407,0.537345513164965,0.348068221371389,0,0,0.18754688672168,0,0.209117524048515,0,0,0,0,0,0,0,0,0,0,0,0,0,0,0,0,0,0,0,0,0.221926320461607,0,0,0,0,0,0.236406619385343,0,0.166223404255319,0,0,0.866551126516464,0.189178963299281,0,0,0,0.203915171288744,0.212134068731438,0.15748031496063,0,0,0,0.172176308539945,0.74794315632012,0
"452",452,"M00948","Hydroxyproline degradation, trans-4-hydroxy-L-proline => 2-oxoglutarate",0.407000407000407,0,0.795615275813295,0.0454380225372592,0,0.553471496217945,0.197657755596185,0.110314396028682,0,0.168314748579844,0,1.15517905275318,0.461988604281094,0.614109157902817,0.795584505991746,0,0,0,0,0.268865388062377,0,0,0,0,0,0,0,0,0,0,0.0665690320862735,0,0,0.984373077396333,0.473036896877956,0,0,0,0,0,0.570667681186989,0.0461275889109276,1.01137800252844,0.286430361618332,0,0,0,0,0.427431610942249,0.558763270627677,0,0.825286787158538,0.0540511323712232,0.0876424189307625,0,0,0.524353297599627,0.0606097339232681,0.809898762654668,0.911854103343465,0.27892706057366,0,0.442739079102715,0,0.53660863343668
"453",453,"M00949","Staphylopine biosynthesis, L-histidine => staphylopine",0,0,0,0,0,0,0,0,0,0,0,0,0,0,0,0,0,0,0,0,0,0,0,0,0,0,0,0,0,0,0,0,0,0,0,0,0,0,0,0,0,0,0,0,0,0,0,0,0,0,0,0,0,0,0,0,0,0,0,0,0,0,0,0,0
"454",454,"M00950","Biotin biosynthesis, BioU pathway, pimeloyl-ACP/CoA => biotin",0.949667616334283,0,0.928217821782178,0.0795165394402036,0.734334203655353,0.107619457597934,0.778277412659979,0.0965250965250965,0,0.662739322533137,1.5946137491141,1.21293800539084,0.808480057491915,0.604513702310586,0.783153498085625,1.43038779402416,0,0.843960990247562,0,0.0522793810121288,0.703784798248358,0,1.21163166397415,0,0,1.80614087898856,0,1.18483412322275,2.65957446808511,0.167336010709505,0,0,0,0.968992248062015,0.827814569536424,1.35623869801085,0,0.963597430406852,1.77584846093133,2.30237912509593,0,0.72650952534711,1.76991150442478,1.50375939849624,0,0.985977212971078,1.41843971631206,1.86412593206297,0,0.977835723598436,0.973709834469328,0.866551126516464,0.0945894816496406,1.38036809815951,0.701754385964912,1.51108126259234,0.917618270799347,0.106067034365719,0.708661417322835,0.132978723404255,0,1.69172932330827,0.774793388429752,0.841436050860135,0.93906510851419
"455",455,"M00951","Cremeomycin biosynthesis, aspartate/3,4-AHBA => cremeomycin",0,0,0,0,0,0,0,0,0,0,0,0,0,0,0,0,0,0,0,0,0,0,0,0,0,0,0,0,0,0,0,0,0,0,0,0,0,0,0,0,0,0,0,0,0,0,0,0,0,0,0,0,0,0,0,0,0,0,0,0,0,0,0,0,0
"456",456,"M00952","Benzoxazinoid biosynthesis, indoleglycerol phosphate => DIMBOA-glucoside",0,0,0,0,0,0,0,0,0,0,0,0,0,0,0,0,0,0,0,0,0,0,0,0,0,0,0,0,0,0,0,0,0,0,0,0,0,0,0,0,0,0,0,0,0,0,0,0,0,0,0,0,0,0,0,0,0,0,0,0,0,0,0,0,0
"457",457,"M00953","Mugineic acid biosynthesis, methionine => 3-epihydroxymugineic acid",0.0633111744222855,0.0758725341426404,0.0618811881188119,0.0636132315521628,0.0652741514360313,0.086095566078347,0.0691802144586648,0.0772200772200772,0,0.0589101620029455,0.141743444365698,0.107816711590297,0.0718648939992814,0.0537345513164965,0.0696136442742778,0.254291163382072,0.0918273645546373,0.0750187546886722,0.100755667506297,0.0418235048097031,0.0625586487331874,0.138121546961326,0.107700592353258,0.114155251141553,0.0749063670411985,0.120409391932571,0.155642023346304,0.105318588730911,0.177304964539007,0.133868808567604,0.0931966449207828,0,0,0.0861326442721792,0.0735835172921266,0.120554550934298,0.212314225053079,0.0856531049250535,0.15785319652723,0.153491941673062,0.0887705281846427,0.0645786244752987,0.117994100294985,0.100250626566416,0,0.0876424189307625,0.0945626477541371,0.165700082850041,0.0664893617021277,0.0869187309865276,0,0.0577700751010976,0.0756715853197125,0.122699386503067,0.280701754385965,0.134318334452653,0.0815660685154976,0.0848536274925753,0.125984251968504,0.106382978723404,0.0650829808005207,0.150375939849624,0.068870523415978,0.074794315632012,0.0834724540901502
"458",458,"M00956","Lysine degradation, bacteria, L-lysine => succinate",0.361778139555917,0.216778668978972,0.0884016973125884,0.272628135223555,0.559492726594554,0.061496832913105,0.0988288777980926,0.0551571980143409,0.165152766308836,1.38859667578372,0.10124531740407,0.308047747400847,0.307992402854063,1.07469102632993,0.298344189746905,0,0.262363898727535,0.482263422998607,0.719683339330694,0.119495728027723,0.93837973099781,0.394632991318074,0.0769289945380414,0.326157860404436,0.214018191546281,0,0.111172873818788,0.300910253516889,0,0,0.599121288776461,0,0,0.123046634674542,0.0525596552086618,0.0861103935244984,0,0.367084735393087,0,0.219274202390089,0.951112801978314,0.96867936712948,0,0,0,0.0626017278076875,0.0675447483958122,0.118357202035744,0.569908814589666,0.0620848078475197,0,1.44425187752744,0.0540511323712232,0.0876424189307625,0.100250626566416,0.0959416674661806,0.0582614775110697,0.545487605309413,0.0899887514060742,0.0759878419452888,0.0929756868578867,0,0.0491932310114128,0.480820600491505,0.0596231814929645
"459",459,"M00957","Lysine degradation, bacteria, L-lysine => glutarate => succinate/acetyl-CoA",2.65906932573599,2.47850278199292,1.07260726072607,1.16624257845632,1.41427328111401,1.37752905725355,1.79868557592529,2.77992277992278,1.23314065510597,2.74914089347079,0.566973777462792,2.0125786163522,2.85064079530483,5.19433996059466,2.11161387631976,0.254291163382072,3.42822161003979,4.25106276569142,2.18303946263644,2.59305729820159,4.37910541132312,1.38121546961326,0.646203554119548,3.95738203957382,2.44694132334582,0.120409391932571,1.55642023346304,1.57977883096367,0.236406619385343,0.267737617135207,2.82696489593041,0.0903342366757001,0.136612021857924,1.14843525696239,2.35467255334805,0.482218203737191,0.636942675159236,3.79728765167737,0.210470928702973,1.79073931951906,2.48557478917,7.23280594123345,0.23598820058997,0.133667502088555,0,3.15512708150745,3.53033884948779,1.10466721900028,2.79255319148936,0.869187309865276,0,4.66011939148854,3.17820658342792,0.49079754601227,4.7719298245614,0.537273337810611,0.978792822185971,3.36586055720549,1.1758530183727,1.59574468085106,1.30165961601041,0.200501253132832,0.734618916437098,4.48765893792072,1.0016694490818
"460",460,"M00958","Adenine ribonucleotide degradation, AMP => Urate",2.06347531450412,2.16377226999382,1.89081408140814,2.26180378852135,1.9944879605454,3.33221727969898,1.79356111559501,1.28700128700129,0.171269535431385,1.30911471117657,0.419980575898365,1.27782769292203,2.34226321182843,2.68672756582483,1.67588402882521,0.824091733182642,2.24466891133558,2.50062515628907,1.39938427092079,2.60235141038152,1.7840799823909,1.53468385512584,1.59556433115938,0.338237781160156,2.13621861561936,1.09260374161036,0.720564922899553,1.24822031088487,0.52534804307854,1.56180276662204,2.48524386455421,0.4516711833785,0.303582270795386,1.57909847832328,2.18025236421116,0.781372089388967,0.314539592671227,2.37925291458482,1.31544330439358,0.426366504647395,1.33155792276964,0.753417285545151,0.196656833824975,3.26742782883134,0,1.62300775797708,1.92627615795464,0.767130013194636,1.62529550827423,1.30378096479791,0.901583180064193,1.17679782613347,1.26119308866187,0.81799591002045,0.41585445094217,0.870581797378305,1.76726481783578,2.26276339980201,1.86643336249635,0.354609929078014,1.44628846223379,0.974658869395712,1.49219467401286,2.4931438544004,1.53032832498609
"461",461,"M00959","Guanine ribonucleotide degradation, GMP => Urate",1.32651984503836,1.30067201387383,1.2965582272513,1.49945474372955,1.24331717021012,1.96789865321936,1.31771837064123,0.772200772200772,0.0550509221029452,1.34651798863875,0.30373595221221,0.641766140418431,1.50574063617542,2.4948184539802,1.32597417665291,0.363273090545818,1.39927412654685,1.96477690851284,0.863620007196833,1.97167951245743,1.19159330920357,0.789265982636148,0.769289945380414,0.108719286801479,1.28410914927769,0.458702445457412,0.333518621456365,0.626896361493518,0.379939209726444,1.33868808567604,1.9970709625882,0.580720092915215,0.0975800156128025,1.14843525696239,1.22639195486878,0.344441574097994,0.101102011930037,1.79463648414398,0.563761416168677,0.146182801593393,1.1836070424619,0.461275889109276,0.252844500632111,2.57787325456498,0,1.02249488752556,1.10323089046493,0.157809602714325,1.56724924012158,0.745017694170237,0.417304214772569,0.990344144590245,1.29722717690936,0.4674262342974,0.133667502088555,0.383766669864722,1.22349102773246,1.81829201769804,1.15485564304462,0.202634245187437,1.23967582477182,0.429645542427497,1.03305785123967,1.95889874274317,1.11296605453534
"462",462,"M00960","Lysine degradation, bacteria, L-lysine => D-lysine => succinate",0,0,0,0,0,0,0,0,0,0.0294550810014728,0,0,0,0.0268672756582483,0,0,0,0,0,0,0,0,0,0,0,0,0,0,0,0,0,0,0,0,0,0,0,0,0,0,0,0,0,0,0,0,0,0,0,0,0,0.0866551126516465,0,0,0,0,0,0,0,0,0,0,0,0,0
"463",463,"M00961","Betacyanin biosynthesis, L-tyrosine => amaranthin",0.126622348844571,0.0758725341426404,0,0.127226463104326,0.0652741514360313,0.172191132156694,0,0.0772200772200772,0,0,0,0.107816711590297,0.143729787998563,0.0537345513164965,0.0696136442742778,0.127145581691036,0.183654729109275,0.0750187546886722,0,0.0418235048097031,0.125117297466375,0.276243093922652,0.215401184706516,0.228310502283105,0.0749063670411985,0.120409391932571,0,0,0,0.133868808567604,0,0,0,0.0861326442721792,0.0735835172921266,0.120554550934298,0,0.0856531049250535,0.15785319652723,0,0,0.0645786244752987,0.23598820058997,0.100250626566416,0,0.0876424189307625,0,0,0.0664893617021277,0.0869187309865276,0,0.0577700751010976,0.0756715853197125,0.122699386503067,0,0,0,0,0,0.106382978723404,0,0.150375939849624,0.068870523415978,0.074794315632012,0.0834724540901502
"464",464,"M00962","Psilocybin biosynthesis, tryptophan => psilocybin",0,0,0,0,0,0,0,0,0,0,0,0,0,0,0,0,0,0,0,0,0,0,0,0,0,0,0,0,0,0,0,0,0,0,0,0,0,0,0,0,0,0,0,0,0,0,0,0,0,0,0,0,0,0,0,0,0,0,0,0,0,0,0,0,0
"465",465,"M00963","Chanoclavine aldehyde biosynthesis, tryptophan => chanoclavine-I aldehyde",0,0,0,0,0,0,0,0,0,0,0,0,0,0,0,0,0,0,0,0,0,0,0,0,0,0,0,0,0,0,0,0,0,0,0,0,0,0,0,0,0,0,0,0,0,0,0,0,0,0,0,0,0,0,0,0,0,0,0,0,0,0,0,0,0
"466",466,"M00964","Fumigaclavine biosynthesis, chanoclavine-I aldehyde => fumigaclavine C",0,0,0,0,0,0,0,0,0,0,0,0,0,0,0,0,0,0,0,0,0,0,0,0,0,0,0,0,0,0,0,0,0,0,0,0,0,0,0,0,0,0,0,0,0,0,0,0,0,0,0,0,0,0,0,0,0,0,0,0,0,0,0,0,0
"467",467,"M00965","Vinblastine biosynthesis, geissoschizine => vinblastine",0,0,0,0,0,0,0,0,0,0,0,0,0,0,0,0,0,0,0,0,0,0,0,0,0,0,0,0,0,0,0,0,0,0,0,0,0,0,0,0,0,0,0,0,0,0,0,0,0,0,0,0,0,0,0,0,0,0,0,0,0,0,0,0,0
"468",468,"M00966","Equol biosynthesis, daidzein => equol",0,0,0,0,0,0,0,0,0,0,0,0,0,0,0,0,0,0,0,0,0,0,0,0,0,0,0,0,0,0,0,0,0,0,0,0,0,0,0,0,0,0,0,0,0,0,0,0,0,0,0,0,0,0,0,0,0,0,0,0,0,0,0,0,0
"469",469,"M00967","Flavone degradation, luteolin/apigenin => DHCA/phloretate",0,0,0,0,0,0,0,0,0,0,0,0,0,0,0,0,0,0,0,0,0,0,0,0,0,0,0,0,0,0,0,0,0,0,0,0,0,0,0,0,0,0,0,0,0,0,0,0,0,0,0,0,0,0,0,0,0,0,0,0,0,0,0,0,0
"470",470,"M00968","Pentose bisphosphate pathway (nucleoside degradation), archaea, nucleoside/NMP => 3-PGA/glycerone phosphate",0,0,0,0.0318066157760814,0.0326370757180157,0.0430477830391735,0,0,0,0.0589101620029455,0,0.0539083557951483,0,0,0,0.127145581691036,0,0,0,0.0209117524048515,0.0312793243665937,0.069060773480663,0.053850296176629,0,0,0,0.155642023346304,0,0,0.0669344042838019,0,0,0,0,0,0.0602772754671489,0,0,0.0789265982636148,0,0,0,0.23598820058997,0.200501253132832,0,0,0.0472813238770686,0,0.0332446808510638,0,0.194741966893866,0,0,0.0613496932515337,0,0.0671591672263264,0,0.0424268137462877,0,0,0,0.150375939849624,0,0,0
"471",471,"M00969","Fumagillin biosynthesis, farnesyl-PP => fumagillin",0,0,0,0,0,0,0,0,0,0,0,0,0,0,0,0,0,0,0,0,0,0,0,0,0,0,0,0,0,0,0,0,0,0,0,0,0,0,0,0,0,0,0,0,0,0,0,0,0,0,0,0,0,0,0,0,0,0,0,0,0,0,0,0,0
"472",472,"M00970","Proline degradation, proline => glutamate",1.26622348844571,0.505816894284269,0.618811881188119,0.424088210347752,0.435161009573542,1.2914334911752,0.461201429724432,0,0.385356454720617,0.0981836033382425,0.47247814788566,1.61725067385445,0.479099293328542,0.0895575855274942,0.464090961828518,1.90718372536554,0.612182430364248,0.125031257814454,0.839630562552477,0.27882336539802,0.417057658221249,2.07182320441989,1.61550888529887,0.190258751902588,0.499375780274657,0.200682319887618,0.259403372243839,0.70212392487274,0.295508274231678,2.00803212851406,0.155327741534638,0.903342366757001,0,0.574217628481194,0.49055678194751,3.01386377335744,0,0.142755174875089,2.36779794790844,0.511639805576874,0.147950880307738,0.645786244752987,1.76991150442478,2.5062656641604,0,0,0,0.276166804750069,0,0.144864551644213,0.324569944823109,0.0962834585018294,0,1.84049079754601,0.467836257309941,2.01477501678979,0.543773790103317,0.141422712487626,0.41994750656168,0.709219858156028,0.325414904002603,2.25563909774436,0.459136822773186,0.12465719272002,0.556483027267668
"473",473,"M00971","QS-7 biosynthesis, 2,3-epoxysqualene => QS-7",0,0,0,0,0,0,0,0,0,0,0,0,0,0,0,0,0,0,0,0,0,0,0,0,0,0,0,0,0,0,0,0,0,0,0,0,0,0,0,0,0,0,0,0,0,0,0,0,0,0,0,0,0,0,0,0,0,0,0,0,0,0,0,0,0
"474",474,"M00972","Proline metabolism",0.105518624037143,0.126454223571067,0.103135313531353,0.106022052586938,0.108790252393386,1.2914334911752,0.115300357431108,0.128700128700129,0,0.39273441335297,0.23623907394283,1.61725067385445,0.119774823332136,0.0895575855274942,0.11602274045713,0.211909302818394,0.153045607591062,0.125031257814454,0.671704450041982,0.0697058413495051,0.104264414555312,0.920810313075506,1.61550888529887,0.190258751902588,0.124843945068664,0.200682319887618,0.259403372243839,0.175530981218185,0.295508274231678,2.00803212851406,0.155327741534638,0.4516711833785,0,0.143554407120299,0.122639195486878,1.80831826401447,0,0.142755174875089,2.36779794790844,0.255819902788437,0.295901760615476,0.861048326337316,0.786627335299902,1.00250626566416,0,0.146070698217937,0.157604412923562,1.65700082850041,0.110815602836879,0.144864551644213,0.324569944823109,0.0962834585018294,0.126119308866187,1.84049079754601,0.233918128654971,0.895455563017685,0.135943447525829,0.282845424975251,0.10498687664042,0.709219858156028,0.650829808005207,1.50375939849624,0.114784205693297,0.12465719272002,0.139120756816917
"475",475,"M00973","Anammox, nitrite + ammonia => nitrogen",0,0,0,0,0.0543951261966928,0,0,0,0,0.0490918016691213,0,0.0898472596585804,0,0.0447787927637471,0.0580113702285648,0,0,0,0,0,0,0,0.089750493627715,0,0,0,0,0,0,0,0,0,0,0,0.0613195977434388,0,0,0,0,0,0,0,0,0,0,0,0.0788022064617809,0,0,0,0,0,0,0.204498977505112,0,0,0.0679717237629146,0,0,0.0886524822695035,0,0,1.03305785123967,0,0
"476",476,"M00974","Betaine metabolism, animals, betaine => glycine",0,0,0,0,0,0,0,0,0,1.10456553755523,0,0,0,0,0,0,0,0,0,0,0,0,0,0,0,0,0,0,0,0,1.16495806150979,0,0,0,0,0,0,0,0,0,0.887705281846427,0,0,0,0,0,0,0,0,0,0,0,0,0,0.350877192982456,0,0,0.848536274925753,0,0,0,0,0,0,0
"477",477,"M00975","Betaine degradation, bacteria, betaine => pyruvate",1.08816081038303,0.284522003034901,0.676825495049505,0.178912213740458,0.244778067885117,0.322858372793801,0.432376340366655,0.675675675675676,0.289017341040462,5.46759941089838,0.265768958185684,0.303234501347709,0.606360043118936,3.14011284255776,0.195788374521406,0.238397965670693,1.20523415977961,3.35240060015004,0.629722921914358,0.522793810121288,0.410541132311542,0.0431629834254144,0.0336564351103931,0.142694063926941,0.351123595505618,0.22576760987357,0.437743190661479,0.131648235913639,0.221631205673759,0.167336010709505,9.7856477166822,0.338753387533875,0.128073770491803,0.242248062015504,0.206953642384106,0.452079566003617,0.066348195329087,2.35546038543897,0.197316495659037,0.191864927091328,8.84931202840657,0.645786244752987,0.553097345132743,0.281954887218045,0.145348837209302,0.16432953549518,0.265957446808511,0.0517812758906379,2.32712765957447,0.108648413733159,0.547711781888997,3.37593876372039,0.496594778660613,0.153374233128834,2.76315789473684,0.167897918065816,0.229404567699837,6.41705557912601,0.78740157480315,0.199468085106383,0.97624471200781,0.18796992481203,0.34435261707989,3.59947643979058,0.234766277128548
"478",478,"M00976","C19-Steroid hormone biosynthesis, pregnenolone => testosterone => dihydrotestosterone",0,0,0,0,0,0,0,0,0,0,0,0,0,0,0,0,0,0,0,0,0,0,0,0.0570776255707763,0,0,0,0,0,0,0,0,0,0,0,0,0,0,0,0,0,0,0,0,0,0,0,0,0,0,0,0,0,0,0,0,0,0,0,0,0,0,0,0,0
"479",479,"M00977","C19-Steroid hormone biosynthesis (androgen backdoor pathway), pregnenolone => androsterone => dihydrotestosterone",0,0,0,0,0,0,0,0,0,0,0,0,0,0,0,0,0,0,0,0,0,0,0,0.0713470319634703,0,0,0,0,0,0,0,0,0,0,0,0,0,0,0,0,0,0,0,0,0,0,0,0,0,0,0,0,0,0,0,0,0,0,0,0,0,0,0,0,0
"480",480,"M00978","Ornithine-ammonia cycle",2.37416904083571,2.56069802731411,1.85643564356436,2.1469465648855,2.69255874673629,2.15238915195867,2.07540643375994,2.60617760617761,0.289017341040462,3.53460972017673,3.72076541459957,2.02156334231806,1.88645346748114,2.82106394411607,2.08840932822833,0.635727908455181,2.75482093663912,4.21980495123781,2.51889168765743,1.41154328732748,2.34594932749453,0.776933701657459,0.807754442649435,2.56849315068493,2.52808988764045,2.2576760987357,1.16731517509728,2.3696682464455,0.997340425531915,1.25502008032129,3.49487418452936,0,0,1.93798449612403,2.48344370860927,2.26039783001808,0,4.81798715203426,1.18389897395422,1.72678434382195,3.99467376830892,2.4216984178237,2.94985250737463,1.8796992481203,0,1.97195442594216,2.83687943262411,0.932062966031483,2.24401595744681,1.95567144719687,0.121713729308666,3.68284228769497,2.27014755959137,1.22699386503067,5.26315789473684,0.755540631296172,2.14110929853181,3.18201103097157,1.88976377952756,0.797872340425532,2.68467295802148,0.845864661654135,1.80785123966942,3.64622288706058,1.87813021702838
"481",481,"M00979","Ajmaline biosynthesis, geissoschizine => ajmaline",0,0,0,0,0,0,0,0,0,0,0,0,0,0,0,0,0,0,0,0,0,0,0,0,0,0,0,0,0,0,0,0,0,0,0,0,0,0,0,0,0,0,0,0,0,0,0,0,0,0,0,0,0,0,0,0,0,0,0,0,0,0,0,0,0
"482",482,"M00980","Strychnine biosynthesis, geissoschizine => strychnine",0,0,0,0,0,0,0,0,0,0,0,0,0,0,0,0,0,0,0,0,0,0,0,0,0,0,0,0,0,0,0,0,0,0,0,0,0,0,0,0,0,0,0,0,0,0,0,0,0,0,0,0,0,0,0,0,0,0,0,0,0,0,0,0,0
"483",483,"M00981","Geissoschizine biosynthesis, tryptophan => geissoschizine",0,0,0,0,0,0,0,0,0,0.0736377025036819,0,0,0,0,0,0,0,0,0,0,0,0,0,0,0,0,0,0,0,0,0,0,0,0,0,0,0,0,0,0,0.110963160230803,0,0,0,0,0,0,0,0,0,0,0,0,0,0,0,0.101957585644372,0,0,0,0,0,0.0860881542699724,0,0
"484",484,"M00982","Methylcitrate cycle",2.57201646090535,1.28034901365706,2.17873349834983,1.19274809160305,1.22389033942559,0.645716745587602,1.29712902109997,1.3030888030888,2.02312138728324,0.77319587628866,2.06709189699976,1.61725067385445,2.15594681997844,2.32849722371485,1.17473024712844,1.11252383979657,1.5495867768595,2.84446111527882,3.23257766582704,2.07374878014778,1.3033051819414,1.03591160220994,0.807754442649435,0.856164383561644,1.26404494382022,3.3112582781457,2.91828793774319,3.15955766192733,1.10815602836879,0.69723337795627,0.698974836905871,1.69376693766938,0.0853825136612022,2.58397932816537,1.79359823399558,1.58227848101266,1.59235668789809,2.99785867237687,1.18389897395422,2.59017651573292,0.776742121615624,3.39037778495318,0.491642084562439,1.16959064327485,0,1.80762489044698,2.16706067769898,2.79618889809445,1.1220079787234,3.06026365348399,1.01428107757222,2.86443289042942,1.41884222474461,0.920245398773006,2.10526315789474,1.0073875083949,1.37642740619902,0.866214113986706,2.38845144356955,1.06382978723404,2.27790432801822,0.783208020050125,1.42045454545455,2.83595113438045,2.50417362270451
"485",485,"M00983","GPI-anchor remodeling",0,0,0,0,0,0,0,0,0,0,0,0,0,0,0,0,0,0,0,0,0,0,0,0,0,0,0,0,0,0,0,0,0,0,0,0,0,0,0,0,0,0,0,0,0,0,0,0,0,0,0,0,0,0,0,0,0,0,0,0,0,0,0,0,0
"486",486,"M00984","Sulfur oxidation, tetrathionate intermediate (S4I) pathway, thiosulfate => sulfur + sulfate + thiosulfate",0,0,0,0,0,0.086095566078347,0.0691802144586648,0,0,0,0,0.431266846361186,0,0,0.0696136442742778,0.127145581691036,0,0,0,0,0,0.276243093922652,0,0.114155251141553,0,0,0,0,0,0,0,0,0,0,0.0735835172921266,0,0,0,0.15785319652723,0,0,0,0,0,0,0,0,0,0,0,0,0.115540150202195,0,0.122699386503067,0,0.134318334452653,0.0815660685154976,0,0,0,0,0,0.068870523415978,0,0
"487",487,"M00985","Sulfide oxidation, sulfide => sulfur",0,0,0,0,0,0.215238915195867,0,0,0,0,0,0,0.179662234998203,0,0,0,0,0,0,0,0,0,0,0,0,0,0,0,0,0,0,0,0,0,0,0,0,0.214132762312634,0,0,0,0,0,0,0,0,0,0,0.166223404255319,0,0,0,0,0,0,0,0,0.212134068731438,0,0,0,0,0,0.18698578908003,0
"488",488,"M00986","Sulfur reduction, sulfur => sulfide",0,0,0,0,0,0,0,0,0,0,0,0,0,0,0,0,0,0,0,0,0,0,0,0,0,0,0,0,0,0,0,0,0,0,0,0,0,0,0,0,0,0,0,0,0,0,0,0,0,0,0,0,0,0,0,0,0,0,0,0,0,0,0,0,0
"489",489,"M00987","Assimilatory sulfate reduction, plants, sulfate => H2S",0.105518624037143,0.126454223571067,0.103135313531353,0.106022052586938,0.108790252393386,0.143492610130578,0.115300357431108,0,0,0,0,0.179694519317161,0.119774823332136,0,0.11602274045713,0,0.612182430364248,0,0,0.0697058413495051,0.104264414555312,0,0.17950098725543,0,0.124843945068664,0,0,0,0,0,0,0,0,0.143554407120299,0.245278390973755,0,0,0,0.263088660878716,0,0,0.107631040792164,0.393313667649951,0.167084377610693,0,0.146070698217937,0.157604412923562,0.276166804750069,0,0,0,0,0,0.204498977505112,0,0,0.135943447525829,0,0.10498687664042,0,0,0,0.114784205693297,0,0.139120756816917
"490",490,"M00988","PreQ1 biosynthesis, GTP => 7-Aminomethyl-7-deazaguanine",1.42450142450142,1.70713201820941,1.62438118811881,0.795165394402036,1.46866840731071,0.645716745587602,1.08094085091664,0.193050193050193,5.20231213872832,0.147275405007364,0.797306874557052,0.808625336927224,1.61696011498383,2.11579795808705,1.82735816219979,0.317863954227591,2.06611570247934,2.62565641410353,0.0629722921914358,0.941028858218319,0.781983109164842,1.03591160220994,0.807754442649435,2.14041095890411,1.68539325842697,1.50511739915713,1.94552529182879,3.68615060558189,1.77304964539007,1.00401606425703,0.0582479030754893,0,0,1.93798449612403,2.2075055187638,1.13019891500904,0,3.74732334047109,1.18389897395422,2.3983115886416,0.0554815801154017,0.0403616402970617,0.884955752212389,0.37593984962406,0.290697674418605,2.6840490797546,0.236406619385343,2.5890637945319,0.249335106382979,1.35810517166449,0,2.02195262853842,0.189178963299281,0.920245398773006,1.40350877192982,1.0073875083949,1.83523654159869,0.0530335171828596,1.65354330708661,0.265957446808511,0.366091767002929,1.40977443609023,1.5495867768595,2.61780104712042,1.87813021702838
