"","X","module","module_description","Acidovorax_AEP1_4","Curvibacter_AEP1_3","Duganella_C1_2","MG_21Nov119-A03-L1_S156_L003_bin.4","MG_21Nov119-A06-L1_S159_L003_bin.7","MG_21Nov119-B05-L1_S164_L003_bin.2","MG_21Nov119-B05-L1_S164_L003_bin.8","MG_21Nov119-D06-L1_S176_L003_bin.10","MG_21Nov119-D06-L1_S176_L003_bin.11","MG_21Nov119-D06-L1_S176_L003_bin.3","MG_21Nov119-D06-L1_S176_L003_bin.8","MG_21Nov119-E05-L1_S181_L003_bin.1","MG_21Nov119-E05-L1_S181_L003_bin.16","MG_21Nov119-E05-L1_S181_L003_bin.2","MG_21Nov119-E05-L1_S181_L003_bin.7","MG_21Nov119-E07-L1_S224_L004_bin.20","MG_21Nov119-E07-L1_S224_L004_bin.5","MG_21Nov119-H08-L1_S241_L004_bin.1","MG_220900001374-D09_22Sep1374-D09-L1_S133_L002_bin.2","MG_220900001374-H06_22Sep1374-H06-L1_S146_L002_bin.5","MG_220900001374-H07_22Sep1374-H07-L1_S147_L002_bin.4","MT_21Nov119-A08-L1_S201_L004_bin.5","MT_21Nov119-A09-L1_S202_L004_bin.2","MT_21Nov119-B05-L1_S164_L003_bin.6","MT_21Nov119-B08-L1_S207_L004_bin.2","MT_21Nov119-C02-L1_S167_L003_bin.5","MT_21Nov119-D04-L1_S174_L003_bin.3","MT_21Nov119-D05-L1_S175_L003_bin.2","MT_21Nov119-D07-L1_S218_L004_bin.10","MT_21Nov119-D07-L1_S218_L004_bin.4","MT_21Nov119-D07-L1_S218_L004_bin.8","MT_21Nov119-E05-L1_S181_L003_bin.17","MT_21Nov119-E05-L1_S181_L003_bin.3","MT_21Nov119-E05-L1_S181_L003_bin.4","MT_21Nov119-E05-L1_S181_L003_bin.9","MT_21Nov119-E06-L1_S182_L003_bin.3","MT_21Nov119-E07-L1_S224_L004_bin.18","MT_21Nov119-E07-L1_S224_L004_bin.5","MT_21Nov119-E08-L1_S225_L004_bin.2","MT_21Nov119-F04-L1_S186_L003_bin.6","MT_21Nov119-F04-L1_S186_L003_bin.9","MT_21Nov119-G04-L1_S192_L003_bin.1","MT_21Nov119-G04-L1_S192_L003_bin.5","MT_21Nov119-H05-L1_S199_L003_bin.4","MT_21Nov119-H05-L1_S199_L003_bin.5","MT_21Nov119-H05-L1_S199_L003_bin.9","MT_220900001374-A06_22Sep1374-A06-L1_S120_L002_bin.3","MT_220900001374-A10_22Sep1374-A10-L1_S123_L002_bin.3","MT_220900001374-B05_22Sep1374-B05-L1_S10_L001_bin.1","MT_220900001374-B06_22Sep1374-B06-L1_S124_L002_bin.5","MT_220900001374-B10_22Sep1374-B10-L1_S126_L002_bin.5","MT_220900001374-C01_22Sep1374-C01-L1_S11_L001_bin.2","MT_220900001374-C06_22Sep1374-C06-L1_S127_L002_bin.1","MT_220900001374-D02_22Sep1374-D02-L1_S17_L001_bin.10","MT_220900001374-D02_22Sep1374-D02-L1_S17_L001_bin.6","MT_220900001374-D02_22Sep1374-D02-L1_S17_L001_bin.7","MT_220900001374-D04_22Sep1374-D04-L1_S19_L001_bin.3","MT_220900001374-H06_22Sep1374-H06-L1_S146_L002_bin.5","MT_220900001374-H07_22Sep1374-H07-L1_S147_L002_bin.10","MT_220900001374-H07_22Sep1374-H07-L1_S147_L002_bin.14","MT_220900001374-H07_22Sep1374-H07-L1_S147_L002_bin.2","MT_220900001374-H07_22Sep1374-H07-L1_S147_L002_bin.7","Pelomonas_AEP2-2","Pseudomonas_C2_2","Undibacterium_C1_1"
"1",1,"M00001","Glycolysis (Embden-Meyerhof pathway), glucose => pyruvate",0.323529411764706,0.323529411764706,0.323529411764706,0.382352941176471,0.323529411764706,0.323529411764706,0.323529411764706,0.352941176470588,0.0588235294117647,0.352941176470588,0.205882352941176,0.294117647058824,0.352941176470588,0.352941176470588,0.352941176470588,0.294117647058824,0.294117647058824,0.294117647058824,0.382352941176471,0.382352941176471,0.294117647058824,0.264705882352941,0.264705882352941,0.323529411764706,0.323529411764706,0.294117647058824,0.205882352941176,0.294117647058824,0.235294117647059,0.323529411764706,0.264705882352941,0.235294117647059,0.0588235294117647,0.352941176470588,0.352941176470588,0.264705882352941,0.352941176470588,0.294117647058824,0.264705882352941,0.235294117647059,0.323529411764706,0.382352941176471,0.323529411764706,0.323529411764706,0.176470588235294,0.323529411764706,0.323529411764706,0.264705882352941,0.294117647058824,0.294117647058824,0.323529411764706,0.323529411764706,0.352941176470588,0.294117647058824,0.235294117647059,0.323529411764706,0.352941176470588,0.323529411764706,0.323529411764706,0.264705882352941,0.323529411764706,0.264705882352941,0.352941176470588,0.294117647058824,0.352941176470588
"2",2,"M00002","Glycolysis, core module involving three-carbon compounds",0.538461538461538,0.538461538461538,0.538461538461538,0.538461538461538,0.538461538461538,0.461538461538462,0.538461538461538,0.538461538461538,0.0769230769230769,0.538461538461538,0.307692307692308,0.461538461538462,0.538461538461538,0.538461538461538,0.538461538461538,0.384615384615385,0.538461538461538,0.538461538461538,0.384615384615385,0.538461538461538,0.538461538461538,0.461538461538462,0.461538461538462,0.538461538461538,0.538461538461538,0.461538461538462,0.384615384615385,0.538461538461538,0.384615384615385,0.461538461538462,0.461538461538462,0.384615384615385,0.0769230769230769,0.538461538461538,0.538461538461538,0.384615384615385,0.615384615384615,0.461538461538462,0.461538461538462,0.384615384615385,0.461538461538462,0.461538461538462,0.461538461538462,0.461538461538462,0.384615384615385,0.538461538461538,0.461538461538462,0.461538461538462,0.461538461538462,0.461538461538462,0.538461538461538,0.538461538461538,0.538461538461538,0.461538461538462,0.384615384615385,0.538461538461538,0.538461538461538,0.461538461538462,0.538461538461538,0.384615384615385,0.538461538461538,0.461538461538462,0.538461538461538,0.538461538461538,0.538461538461538
"3",3,"M00003","Gluconeogenesis, oxaloacetate => fructose-6P",0.476190476190476,0.476190476190476,0.428571428571429,0.476190476190476,0.476190476190476,0.380952380952381,0.428571428571429,0.428571428571429,0.0476190476190476,0.428571428571429,0.285714285714286,0.380952380952381,0.476190476190476,0.476190476190476,0.428571428571429,0.333333333333333,0.428571428571429,0.428571428571429,0.238095238095238,0.523809523809524,0.476190476190476,0.380952380952381,0.380952380952381,0.428571428571429,0.476190476190476,0.333333333333333,0.285714285714286,0.428571428571429,0.333333333333333,0.380952380952381,0.476190476190476,0.238095238095238,0.0476190476190476,0.428571428571429,0.428571428571429,0.333333333333333,0.380952380952381,0.380952380952381,0.380952380952381,0.285714285714286,0.523809523809524,0.380952380952381,0.380952380952381,0.333333333333333,0.238095238095238,0.428571428571429,0.380952380952381,0.333333333333333,0.380952380952381,0.380952380952381,0.380952380952381,0.428571428571429,0.428571428571429,0.380952380952381,0.333333333333333,0.428571428571429,0.428571428571429,0.523809523809524,0.428571428571429,0.333333333333333,0.476190476190476,0.380952380952381,0.428571428571429,0.428571428571429,0.428571428571429
"4",4,"M00004","Pentose phosphate pathway (Pentose phosphate cycle)",0.466666666666667,0.4,0.4,0.533333333333333,0.4,0.466666666666667,0.533333333333333,0.4,0.333333333333333,0.6,0.4,0.466666666666667,0.4,0.533333333333333,0.4,0.4,0.4,0.466666666666667,0.6,0.533333333333333,0.4,0.4,0.333333333333333,0.333333333333333,0.4,0.266666666666667,0.466666666666667,0.4,0.333333333333333,0.333333333333333,0.533333333333333,0.266666666666667,0.133333333333333,0.466666666666667,0.466666666666667,0.4,0.266666666666667,0.4,0.333333333333333,0.266666666666667,0.6,0.6,0.533333333333333,0.6,0.2,0.333333333333333,0.333333333333333,0.266666666666667,0.533333333333333,0.533333333333333,0.533333333333333,0.533333333333333,0.4,0.333333333333333,0.466666666666667,0.4,0.466666666666667,0.6,0.4,0.4,0.6,0.333333333333333,0.466666666666667,0.466666666666667,0.466666666666667
"5",5,"M00005","PRPP biosynthesis, ribose 5P => PRPP",1,1,1,1,1,1,1,1,1,1,0,1,1,1,1,1,1,1,1,1,1,1,1,1,1,1,1,1,1,1,1,1,1,1,1,1,1,1,1,1,1,1,1,1,1,1,0,1,1,1,1,1,1,1,1,1,1,1,1,0,1,1,1,1,1
"6",6,"M00006","Pentose phosphate pathway, oxidative phase, glucose 6P => ribulose 5P",0.333333333333333,0.166666666666667,0.166666666666667,0.333333333333333,0.166666666666667,0.333333333333333,0.333333333333333,0,0,0.5,0,0.333333333333333,0.166666666666667,0.5,0.166666666666667,0.166666666666667,0.166666666666667,0.333333333333333,0.666666666666667,0.5,0.333333333333333,0.166666666666667,0,0,0.166666666666667,0,0.5,0.166666666666667,0,0,0.333333333333333,0,0,0.333333333333333,0.333333333333333,0.166666666666667,0,0.333333333333333,0,0,0.5,0.5,0.5,0.666666666666667,0,0,0.166666666666667,0,0.333333333333333,0.5,0.5,0.5,0,0,0.333333333333333,0.166666666666667,0.333333333333333,0.5,0.166666666666667,0.166666666666667,0.5,0,0.333333333333333,0.333333333333333,0.333333333333333
"7",7,"M00007","Pentose phosphate pathway, non-oxidative phase, fructose 6P => ribose 5P",0.666666666666667,0.666666666666667,0.666666666666667,0.833333333333333,0.666666666666667,0.666666666666667,0.833333333333333,0.833333333333333,0.666666666666667,0.833333333333333,0.833333333333333,0.666666666666667,0.666666666666667,0.666666666666667,0.666666666666667,0.5,0.666666666666667,0.666666666666667,0.666666666666667,0.666666666666667,0.5,0.666666666666667,0.666666666666667,0.666666666666667,0.666666666666667,0.666666666666667,0.666666666666667,0.666666666666667,0.666666666666667,0.666666666666667,0.833333333333333,0.5,0.166666666666667,0.666666666666667,0.666666666666667,0.666666666666667,0.5,0.5,0.666666666666667,0.5,0.833333333333333,0.666666666666667,0.666666666666667,0.666666666666667,0.5,0.666666666666667,0.5,0.5,0.833333333333333,0.666666666666667,0.666666666666667,0.666666666666667,0.833333333333333,0.666666666666667,0.666666666666667,0.666666666666667,0.666666666666667,0.833333333333333,0.666666666666667,0.666666666666667,0.833333333333333,0.666666666666667,0.666666666666667,0.666666666666667,0.666666666666667
"8",8,"M00008","Entner-Doudoroff pathway, glucose-6P => glyceraldehyde-3P + pyruvate",0.8,0.6,0.6,0.6,0.6,0.4,0.8,0.2,0,0.8,0,0.4,0.6,1,0.6,0.2,0.6,0.8,0.8,0.8,0.8,0.2,0,0,0.6,0,0.4,0.6,0,0.2,0.8,0,0,0.8,0.8,0.2,0,0.8,0,0,0.8,0.4,0.8,0.6,0,0,0.2,0,0.8,0.8,0.4,0.8,0,0,0.8,0.4,0.8,0.8,0.6,0,0.6,0,0.8,0.8,0.8
"9",9,"M00009","Citrate cycle (TCA cycle, Krebs cycle)",0.431818181818182,0.386363636363636,0.386363636363636,0.363636363636364,0.363636363636364,0.340909090909091,0.431818181818182,0.409090909090909,0.318181818181818,0.318181818181818,0.318181818181818,0.363636363636364,0.409090909090909,0.409090909090909,0.386363636363636,0.272727272727273,0.363636363636364,0.386363636363636,0.409090909090909,0.431818181818182,0.386363636363636,0.340909090909091,0.318181818181818,0.295454545454545,0.386363636363636,0.340909090909091,0.340909090909091,0.340909090909091,0.272727272727273,0.340909090909091,0.318181818181818,0.295454545454545,0.0454545454545455,0.363636363636364,0.340909090909091,0.340909090909091,0.318181818181818,0.363636363636364,0.318181818181818,0.386363636363636,0.318181818181818,0.5,0.25,0.318181818181818,0.0227272727272727,0.363636363636364,0.386363636363636,0.386363636363636,0.363636363636364,0.386363636363636,0.295454545454545,0.409090909090909,0.386363636363636,0.340909090909091,0.340909090909091,0.318181818181818,0.363636363636364,0.340909090909091,0.386363636363636,0.204545454545455,0.386363636363636,0.295454545454545,0.363636363636364,0.386363636363636,0.363636363636364
"10",10,"M00010","Citrate cycle, first carbon oxidation, oxaloacetate => 2-oxoglutarate",0.625,0.5,0.625,0.5,0.5,0.375,0.5,0.375,0.375,0.375,0.375,0.5,0.625,0.625,0.375,0.375,0.5,0.625,0.625,0.75,0.5,0.375,0.375,0.375,0.5,0.5,0.5,0.5,0.5,0.375,0.375,0.25,0,0.5,0.375,0.625,0.375,0.5,0.5,0.5,0.375,0.625,0.375,0.5,0.125,0.5,0.375,0.5,0.375,0.625,0.375,0.625,0.375,0.625,0.375,0.375,0.5,0.375,0.625,0.25,0.375,0.375,0.5,0.625,0.5
"11",11,"M00011","Citrate cycle, second carbon oxidation, 2-oxoglutarate => oxaloacetate",0.388888888888889,0.361111111111111,0.333333333333333,0.333333333333333,0.333333333333333,0.333333333333333,0.416666666666667,0.416666666666667,0.305555555555556,0.305555555555556,0.305555555555556,0.333333333333333,0.361111111111111,0.361111111111111,0.388888888888889,0.25,0.333333333333333,0.333333333333333,0.361111111111111,0.361111111111111,0.361111111111111,0.333333333333333,0.305555555555556,0.277777777777778,0.361111111111111,0.305555555555556,0.305555555555556,0.305555555555556,0.222222222222222,0.333333333333333,0.305555555555556,0.305555555555556,0.0555555555555556,0.333333333333333,0.333333333333333,0.277777777777778,0.305555555555556,0.333333333333333,0.277777777777778,0.361111111111111,0.305555555555556,0.472222222222222,0.222222222222222,0.277777777777778,0,0.333333333333333,0.388888888888889,0.361111111111111,0.361111111111111,0.333333333333333,0.277777777777778,0.361111111111111,0.388888888888889,0.277777777777778,0.333333333333333,0.305555555555556,0.333333333333333,0.333333333333333,0.333333333333333,0.194444444444444,0.388888888888889,0.277777777777778,0.333333333333333,0.333333333333333,0.333333333333333
"12",12,"M00012","Glyoxylate cycle",0.636363636363636,0.545454545454545,0.636363636363636,0.545454545454545,0.363636363636364,0.454545454545455,0.545454545454545,0.363636363636364,0.272727272727273,0.454545454545455,0.454545454545455,0.545454545454545,0.636363636363636,0.545454545454545,0.454545454545455,0.363636363636364,0.545454545454545,0.545454545454545,0.545454545454545,0.636363636363636,0.545454545454545,0.363636363636364,0.272727272727273,0.454545454545455,0.545454545454545,0.545454545454545,0.363636363636364,0.545454545454545,0.363636363636364,0.272727272727273,0.363636363636364,0.181818181818182,0.0909090909090909,0.545454545454545,0.454545454545455,0.454545454545455,0.272727272727273,0.454545454545455,0.363636363636364,0.363636363636364,0.363636363636364,0.545454545454545,0.272727272727273,0.363636363636364,0,0.545454545454545,0.363636363636364,0.363636363636364,0.363636363636364,0.545454545454545,0.272727272727273,0.545454545454545,0.363636363636364,0.363636363636364,0.454545454545455,0.272727272727273,0.545454545454545,0.363636363636364,0.636363636363636,0.272727272727273,0.363636363636364,0.272727272727273,0.545454545454545,0.545454545454545,0.545454545454545
"13",13,"M00013","Malonate semialdehyde pathway, propanoyl-CoA => acetyl-CoA",0.285714285714286,0.285714285714286,0.142857142857143,0.285714285714286,0.285714285714286,0.142857142857143,0.285714285714286,0.142857142857143,0,0.285714285714286,0.142857142857143,0.142857142857143,0.285714285714286,0.285714285714286,0.285714285714286,0.142857142857143,0.285714285714286,0.285714285714286,0.428571428571429,0.285714285714286,0.285714285714286,0,0,0.285714285714286,0.285714285714286,0.142857142857143,0.428571428571429,0.142857142857143,0.285714285714286,0.142857142857143,0.142857142857143,0,0,0.142857142857143,0.285714285714286,0.142857142857143,0,0.285714285714286,0,0.285714285714286,0.142857142857143,0.428571428571429,0,0,0,0.285714285714286,0.285714285714286,0.285714285714286,0.285714285714286,0.142857142857143,0,0.285714285714286,0.142857142857143,0,0.142857142857143,0.142857142857143,0.285714285714286,0.142857142857143,0.142857142857143,0,0.428571428571429,0,0.285714285714286,0.285714285714286,0.142857142857143
"14",14,"M00014","Glucuronate pathway (uronate pathway)",0.0833333333333333,0.166666666666667,0.166666666666667,0.166666666666667,0.166666666666667,0.5,0.0833333333333333,0.166666666666667,0.0833333333333333,0.25,0,0.166666666666667,0.0833333333333333,0.0833333333333333,0.0833333333333333,0.0833333333333333,0.166666666666667,0,0.25,0.333333333333333,0.0833333333333333,0.0833333333333333,0.0833333333333333,0.0833333333333333,0.166666666666667,0,0.0833333333333333,0.0833333333333333,0,0.166666666666667,0.166666666666667,0.0833333333333333,0,0.166666666666667,0.166666666666667,0.25,0.0833333333333333,0.0833333333333333,0.0833333333333333,0,0.25,0.25,0.25,0.25,0.0833333333333333,0.0833333333333333,0.166666666666667,0.0833333333333333,0.25,0.166666666666667,0,0.0833333333333333,0.166666666666667,0.0833333333333333,0.0833333333333333,0.166666666666667,0.0833333333333333,0.25,0.166666666666667,0,0.166666666666667,0.0833333333333333,0.0833333333333333,0.0833333333333333,0.166666666666667
"15",15,"M00015","Proline biosynthesis, glutamate => proline",0.75,0.75,0.75,0.75,0.75,0.75,0.75,0.75,0,0.75,0.75,0.75,0.75,0.75,0.75,0,0.75,0.75,0.75,0.75,0.75,0,0.25,0.75,0.75,0.75,0.25,0.5,0.75,0.25,0.75,0.25,0,0.75,0.75,0.25,0,0.75,0.25,0.25,0.75,0.75,0.25,0.75,0,0.75,0.75,0.25,0.75,0.75,0.75,0.75,0.5,0.25,0.75,0,0.75,0.75,0.75,0.25,0.75,0,0.75,0.75,0.75
"16",16,"M00016","Lysine biosynthesis, succinyl-DAP pathway, aspartate => lysine",0.785714285714286,0.714285714285714,0.785714285714286,0.714285714285714,0.714285714285714,0.642857142857143,0.714285714285714,0.714285714285714,0.428571428571429,0.642857142857143,0.642857142857143,0.642857142857143,0.714285714285714,0.785714285714286,0.714285714285714,0.357142857142857,0.714285714285714,0.785714285714286,0.642857142857143,0.714285714285714,0.714285714285714,0.571428571428571,0.571428571428571,0.714285714285714,0.714285714285714,0.642857142857143,0.5,0.642857142857143,0.571428571428571,0.642857142857143,0.714285714285714,0.571428571428571,0.5,0.785714285714286,0.714285714285714,0.642857142857143,0.5,0.5,0.642857142857143,0.642857142857143,0.714285714285714,0.785714285714286,0.571428571428571,0.642857142857143,0.142857142857143,0.714285714285714,0.571428571428571,0.571428571428571,0.714285714285714,0.785714285714286,0.357142857142857,0.785714285714286,0.714285714285714,0.571428571428571,0.5,0.642857142857143,0.714285714285714,0.714285714285714,0.785714285714286,0.357142857142857,0.642857142857143,0.642857142857143,0.714285714285714,0.785714285714286,0.785714285714286
"17",17,"M00017","Methionine biosynthesis, aspartate => homoserine => methionine",0.666666666666667,0.533333333333333,0.666666666666667,0.466666666666667,0.533333333333333,0.666666666666667,0.466666666666667,0.533333333333333,0.133333333333333,0.466666666666667,0.4,0.666666666666667,0.533333333333333,0.666666666666667,0.533333333333333,0.2,0.533333333333333,0.533333333333333,0.6,0.533333333333333,0.533333333333333,0.466666666666667,0.466666666666667,0.533333333333333,0.533333333333333,0.333333333333333,0.2,0.466666666666667,0.4,0.466666666666667,0.466666666666667,0.133333333333333,0.133333333333333,0.666666666666667,0.466666666666667,0.6,0.0666666666666667,0.466666666666667,0.533333333333333,0.133333333333333,0.466666666666667,0.6,0.6,0.666666666666667,0.0666666666666667,0.533333333333333,0.466666666666667,0.133333333333333,0.6,0.8,0.133333333333333,0.666666666666667,0.533333333333333,0.466666666666667,0.4,0.533333333333333,0.466666666666667,0.466666666666667,0.666666666666667,0.333333333333333,0.6,0.6,0.466666666666667,0.533333333333333,0.666666666666667
"18",18,"M00018","Threonine biosynthesis, aspartate => homoserine => threonine",0.583333333333333,0.416666666666667,0.583333333333333,0.416666666666667,0.5,0.5,0.416666666666667,0.416666666666667,0.166666666666667,0.416666666666667,0.416666666666667,0.5,0.416666666666667,0.666666666666667,0.416666666666667,0.166666666666667,0.416666666666667,0.666666666666667,0.583333333333333,0.416666666666667,0.416666666666667,0.333333333333333,0.25,0.583333333333333,0.416666666666667,0.25,0.166666666666667,0.416666666666667,0.416666666666667,0.5,0.333333333333333,0.166666666666667,0.166666666666667,0.583333333333333,0.416666666666667,0.583333333333333,0.0833333333333333,0.583333333333333,0.333333333333333,0.166666666666667,0.333333333333333,0.666666666666667,0.583333333333333,0.583333333333333,0.166666666666667,0.416666666666667,0.333333333333333,0.166666666666667,0.416666666666667,0.666666666666667,0.166666666666667,0.666666666666667,0.416666666666667,0.25,0.333333333333333,0.583333333333333,0.416666666666667,0.333333333333333,0.583333333333333,0.25,0.416666666666667,0.583333333333333,0.416666666666667,0.666666666666667,0.583333333333333
"19",19,"M00019","Valine/isoleucine biosynthesis, pyruvate => valine / 2-oxobutanoate => isoleucine",0.833333333333333,0.833333333333333,0.833333333333333,0.833333333333333,0.833333333333333,0.833333333333333,0.833333333333333,0.833333333333333,0.166666666666667,0.833333333333333,0.833333333333333,0.833333333333333,0.833333333333333,0.833333333333333,0.833333333333333,0.166666666666667,0.833333333333333,0.833333333333333,0.833333333333333,0.833333333333333,0.833333333333333,0.166666666666667,0.166666666666667,0.166666666666667,0.833333333333333,0.833333333333333,0.166666666666667,0.833333333333333,0.666666666666667,0.166666666666667,0.833333333333333,0,0,0.666666666666667,0.666666666666667,0.833333333333333,0,0.833333333333333,0.166666666666667,0,0.833333333333333,0.833333333333333,0.833333333333333,0.833333333333333,0,0.833333333333333,0.833333333333333,0.333333333333333,0.833333333333333,0.833333333333333,0,0.833333333333333,0.666666666666667,0.833333333333333,0.833333333333333,0.166666666666667,0.666666666666667,0.833333333333333,0.833333333333333,0.666666666666667,0.833333333333333,0.166666666666667,0.666666666666667,0.833333333333333,0.666666666666667
"20",20,"M00020","Serine biosynthesis, glycerate-3P => serine",0.5,0.5,0.5,0.5,0.666666666666667,0.333333333333333,0.5,0.666666666666667,0,0.5,0.333333333333333,0.5,0.5,0.666666666666667,0.5,0.333333333333333,0.5,0.666666666666667,0.5,0.5,0.5,0.333333333333333,0.333333333333333,0.166666666666667,0.5,0.333333333333333,0.333333333333333,0.333333333333333,0.5,0.333333333333333,0.5,0.166666666666667,0,0.5,0.5,0.333333333333333,0,0.5,0.333333333333333,0.166666666666667,0.5,0.5,0.166666666666667,0.333333333333333,0,0.5,0.5,0.166666666666667,0.5,0.5,0.166666666666667,0.666666666666667,0.5,0.333333333333333,0.5,0.5,0.5,0.5,0.5,0.166666666666667,0.333333333333333,0.333333333333333,0.5,0.666666666666667,0.5
"21",21,"M00021","Cysteine biosynthesis, serine => cysteine",0.4,0.4,0.4,0.4,0.4,0.2,0.2,0.4,0,0.4,0.4,0.4,0.4,0.4,0.4,0.4,0.4,0.4,0.4,0.4,0.4,0,0,0.4,0.4,0.4,0.2,0.2,0.4,0,0.4,0.2,0,0.4,0.4,0.4,0,0.4,0.4,0.2,0.4,0.4,0.2,0.2,0,0.4,0.4,0.2,0.4,0.4,0,0.4,0.4,0.2,0.4,0.4,0.4,0.4,0.4,0.2,0.4,0.4,0.4,0.4,0.4
"22",22,"M00022","Shikimate pathway, phosphoenolpyruvate + erythrose-4P => chorismate",0.4375,0.4375,0.5,0.4375,0.4375,0.375,0.4375,0.5,0,0.5625,0.5,0.4375,0.4375,0.4375,0.4375,0.3125,0.3125,0.4375,0.5,0.4375,0.4375,0.4375,0.375,0.1875,0.4375,0.375,0.5,0.5625,0.25,0.375,0.5625,0.0625,0.0625,0.5,0.4375,0.375,0,0.25,0.375,0.4375,0.5625,0.5625,0.375,0.375,0,0.4375,0.4375,0.5,0.5625,0.4375,0.625,0.4375,0.5,0.4375,0.4375,0.375,0.4375,0.5625,0.5,0.25,0.5625,0.375,0.4375,0.4375,0.5
"23",23,"M00023","Tryptophan biosynthesis, chorismate => tryptophan",0.411764705882353,0.411764705882353,0.411764705882353,0.470588235294118,0.411764705882353,0.529411764705882,0.411764705882353,0.470588235294118,0,0.470588235294118,0.529411764705882,0.470588235294118,0.411764705882353,0.411764705882353,0.411764705882353,0.0588235294117647,0.411764705882353,0.411764705882353,0.352941176470588,0.411764705882353,0.411764705882353,0.117647058823529,0.117647058823529,0,0.411764705882353,0.411764705882353,0.411764705882353,0.411764705882353,0.352941176470588,0.0588235294117647,0.529411764705882,0,0,0.411764705882353,0.411764705882353,0.470588235294118,0,0.352941176470588,0.470588235294118,0.411764705882353,0.529411764705882,0.470588235294118,0.470588235294118,0.470588235294118,0,0.411764705882353,0.411764705882353,0.411764705882353,0.352941176470588,0.352941176470588,0.411764705882353,0.411764705882353,0.470588235294118,0.470588235294118,0.411764705882353,0.0588235294117647,0.411764705882353,0.529411764705882,0.411764705882353,0.411764705882353,0.588235294117647,0.0588235294117647,0.411764705882353,0.411764705882353,0.411764705882353
"24",24,"M00024","Phenylalanine biosynthesis, chorismate => phenylpyruvate => phenylalanine",0.230769230769231,0.153846153846154,0.230769230769231,0.230769230769231,0.153846153846154,0.230769230769231,0.153846153846154,0.153846153846154,0,0.230769230769231,0.0769230769230769,0.230769230769231,0.153846153846154,0.153846153846154,0.153846153846154,0.0769230769230769,0.153846153846154,0.153846153846154,0.153846153846154,0.230769230769231,0.153846153846154,0.0769230769230769,0.0769230769230769,0,0.153846153846154,0.0769230769230769,0,0.153846153846154,0.230769230769231,0.0769230769230769,0.230769230769231,0,0,0.230769230769231,0.153846153846154,0.153846153846154,0,0.153846153846154,0.153846153846154,0,0.230769230769231,0.230769230769231,0.153846153846154,0.153846153846154,0,0.230769230769231,0.0769230769230769,0,0.230769230769231,0.153846153846154,0.0769230769230769,0.153846153846154,0.0769230769230769,0.153846153846154,0.153846153846154,0.0769230769230769,0.153846153846154,0.307692307692308,0.230769230769231,0,0.153846153846154,0.153846153846154,0.153846153846154,0.153846153846154,0.230769230769231
"25",25,"M00025","Tyrosine biosynthesis, chorismate => HPP => tyrosine",0.25,0.25,0.25,0.333333333333333,0.25,0.25,0.25,0,0,0.25,0.0833333333333333,0.25,0.25,0.166666666666667,0.25,0.0833333333333333,0.25,0.166666666666667,0.0833333333333333,0.25,0.25,0.0833333333333333,0.0833333333333333,0,0.25,0.0833333333333333,0,0.166666666666667,0.25,0.0833333333333333,0.25,0,0,0.25,0.25,0.166666666666667,0,0.166666666666667,0.0833333333333333,0,0.25,0.25,0.166666666666667,0.0833333333333333,0,0.25,0.166666666666667,0,0.0833333333333333,0.25,0.0833333333333333,0.166666666666667,0,0.0833333333333333,0.0833333333333333,0.0833333333333333,0.25,0.333333333333333,0.25,0.0833333333333333,0.0833333333333333,0.0833333333333333,0.25,0.166666666666667,0.25
"26",26,"M00026","Histidine biosynthesis, PRPP => histidine",0.6,0.6,0.6,0.6,0.6,0.55,0.6,0.6,0,0.65,0.65,0.5,0.6,0.7,0.6,0,0.6,0.7,0.6,0.6,0.6,0,0.5,0.2,0.6,0.5,0.1,0.6,0.6,0,0.7,0,0,0.6,0.6,0.5,0,0.65,0.5,0.2,0.7,0.7,0.4,0.5,0,0.6,0.6,0.1,0.6,0.5,0,0.7,0.55,0.45,0.5,0,0.6,0.7,0.6,0.4,0.7,0,0.6,0.7,0.6
"27",27,"M00027","GABA (gamma-Aminobutyrate) shunt",0.375,0.375,0.125,0.375,0.375,0.125,0.25,0.25,0.125,0.375,0.125,0.125,0.375,0.25,0.375,0,0.375,0.25,0.375,0.25,0.375,0.125,0,0.25,0.375,0,0.125,0.125,0,0,0.375,0,0,0.125,0.125,0.125,0,0.125,0,0.125,0.375,0.375,0,0,0,0.125,0,0.125,0.375,0.125,0,0.25,0.25,0,0.125,0.125,0.125,0.375,0.125,0,0.375,0,0.125,0.25,0.125
"28",28,"M00028","Ornithine biosynthesis, glutamate => ornithine",0.4375,0.375,0.375,0.375,0.375,0.25,0.375,0.375,0,0.4375,0.375,0.25,0.4375,0.625,0.375,0.0625,0.375,0.5625,0.0625,0.4375,0.375,0.0625,0.125,0.375,0.375,0.25,0,0.375,0.3125,0.0625,0.375,0,0,0.375,0.375,0.25,0.0625,0.4375,0.0625,0.0625,0.375,0.4375,0.25,0.1875,0,0.375,0.5,0,0.375,0.25,0,0.5625,0.4375,0.0625,0.3125,0.0625,0.375,0.375,0.375,0.1875,0.3125,0.0625,0.375,0.5625,0.4375
"29",29,"M00029","Urea cycle",0.666666666666667,0.666666666666667,0.5,0.666666666666667,0.666666666666667,0.333333333333333,0.666666666666667,0.5,0,0.666666666666667,0.5,0.5,0.666666666666667,0.5,0.666666666666667,0,0.666666666666667,0.5,0.5,0.666666666666667,0.666666666666667,0.166666666666667,0.166666666666667,0.666666666666667,0.666666666666667,0.333333333333333,0,0.5,0.166666666666667,0.166666666666667,0.666666666666667,0,0,0.666666666666667,0.666666666666667,0.333333333333333,0,0.5,0.166666666666667,0,0.666666666666667,0.5,0.333333333333333,0.333333333333333,0,0.5,0.5,0.166666666666667,0.5,0.5,0,0.5,0.5,0.333333333333333,0.5,0,0.666666666666667,0.666666666666667,0.5,0.166666666666667,0.666666666666667,0,0.666666666666667,0.5,0.666666666666667
"30",30,"M00030","Lysine biosynthesis, AAA pathway, 2-oxoglutarate => 2-aminoadipate => lysine",0.111111111111111,0,0,0,0,0.111111111111111,0.111111111111111,0,0,0.111111111111111,0,0.111111111111111,0.111111111111111,0,0.111111111111111,0.222222222222222,0,0.111111111111111,0,0.111111111111111,0,0.222222222222222,0.222222222222222,0,0,0,0,0,0,0.222222222222222,0.111111111111111,0,0,0.111111111111111,0,0.222222222222222,0,0,0.222222222222222,0,0.111111111111111,0,0,0,0,0,0,0,0,0,0,0.111111111111111,0,0.222222222222222,0.111111111111111,0.222222222222222,0.111111111111111,0.111111111111111,0,0.111111111111111,0.111111111111111,0.222222222222222,0.111111111111111,0.111111111111111,0.111111111111111
"31",31,"M00031","Lysine biosynthesis, mediated by LysW, 2-aminoadipate => lysine",0,0,0,0,0,0,0,0,0,0,0,0,0,0,0,0,0,0,0,0,0,0,0,0,0,0,0,0,0,0,0,0,0,0,0,0,0,0,0,0,0,0,0,0,0,0,0,0,0,0,0,0,0,0,0,0,0,0,0,0,0,0,0,0,0
"32",32,"M00032","Lysine degradation, lysine => saccharopine => acetoacetyl-CoA",0.272727272727273,0.272727272727273,0.272727272727273,0.272727272727273,0.272727272727273,0.272727272727273,0.272727272727273,0.272727272727273,0.181818181818182,0.272727272727273,0.272727272727273,0.272727272727273,0.272727272727273,0.272727272727273,0.272727272727273,0.272727272727273,0.181818181818182,0.272727272727273,0.272727272727273,0.272727272727273,0.272727272727273,0.272727272727273,0.272727272727273,0.272727272727273,0.272727272727273,0.181818181818182,0.272727272727273,0.181818181818182,0.272727272727273,0.272727272727273,0.272727272727273,0.181818181818182,0.0909090909090909,0.272727272727273,0.272727272727273,0.272727272727273,0.181818181818182,0.181818181818182,0.272727272727273,0.272727272727273,0.272727272727273,0.272727272727273,0.181818181818182,0.181818181818182,0,0.272727272727273,0.181818181818182,0.181818181818182,0.272727272727273,0.272727272727273,0.181818181818182,0.272727272727273,0.181818181818182,0.272727272727273,0.272727272727273,0.272727272727273,0.272727272727273,0.272727272727273,0.272727272727273,0.181818181818182,0.272727272727273,0.272727272727273,0.272727272727273,0.272727272727273,0.272727272727273
"33",33,"M00033","Ectoine biosynthesis, aspartate => ectoine",0.6,0.6,0.4,0.4,0.6,0.4,0.4,0.4,0.4,0.4,0.4,0.4,0.6,0.6,0.4,0.4,0.6,0.4,0.4,0.4,0.6,0.4,0.4,0.4,0.6,0.2,0.4,0.4,0.4,0.4,0.4,0.4,0.4,0.4,0.4,0.4,0.2,0.2,0.4,0.2,0.6,1,0.4,0.4,0.2,0.4,0.4,0.2,0.6,0.4,0.4,0.4,0.4,0.4,0.2,0.4,0.4,0.6,0.4,0.4,0.4,0.4,0.4,0.4,0.4
"34",34,"M00034","Methionine salvage pathway",0.3,0.25,0.3,0.25,0.25,0.2,0.25,0.25,0.1,0.25,0.25,0.15,0.3,0.5,0.2,0.1,0.3,0.35,0.3,0.3,0.3,0.15,0.15,0.25,0.25,0.4,0.15,0.2,0.1,0.05,0.2,0.05,0.05,0.25,0.2,0.15,0.1,0.35,0.1,0.05,0.2,0.2,0.05,0.1,0,0.35,0.4,0.1,0.3,0.4,0.4,0.3,0.2,0.35,0.1,0.15,0.2,0.2,0.3,0.15,0.25,0.1,0.35,0.35,0.25
"35",35,"M00035","Methionine degradation",0.375,0.25,0.375,0.25,0.5,0.375,0.25,0.375,0.125,0.25,0.5,0.25,0.375,0.375,0.375,0.5,0.375,0.375,0.375,0.375,0.25,0.375,0.5,0.375,0.25,0.5,0.375,0.25,0.375,0.5,0.375,0,0,0.5,0.375,0.375,0.25,0.25,0.375,0.375,0.25,0.5,0.5,0.5,0,0.25,0.375,0.375,0.375,0.125,0,0.25,0.375,0.375,0.125,0.5,0.25,0.375,0.375,0.25,0.375,0.5,0.375,0.25,0.5
"36",36,"M00036","Leucine degradation, leucine => acetoacetate + acetyl-CoA",0.692307692307692,0.538461538461538,0.615384615384615,0.615384615384615,0.846153846153846,0.384615384615385,0.615384615384615,0.615384615384615,0.153846153846154,0.538461538461538,0.461538461538462,0.307692307692308,0.615384615384615,0.692307692307692,0.615384615384615,0.384615384615385,0.615384615384615,0.615384615384615,0.384615384615385,0.615384615384615,0.615384615384615,0.461538461538462,0.384615384615385,0.615384615384615,0.538461538461538,0.307692307692308,0.538461538461538,0.615384615384615,0.153846153846154,0.384615384615385,0.615384615384615,0.0769230769230769,0.0769230769230769,0.538461538461538,0.846153846153846,0.384615384615385,0.0769230769230769,0.230769230769231,0.384615384615385,0.461538461538462,0.307692307692308,0.615384615384615,0.461538461538462,0.384615384615385,0,0.615384615384615,0.692307692307692,0.461538461538462,0.692307692307692,0.692307692307692,0.230769230769231,0.846153846153846,0.538461538461538,0.384615384615385,0.769230769230769,0.384615384615385,0.769230769230769,0.923076923076923,0.615384615384615,0.307692307692308,0.692307692307692,0.384615384615385,0.769230769230769,0.615384615384615,0.538461538461538
"37",37,"M00037","Melatonin biosynthesis, animals, tryptophan => serotonin => melatonin",0,0,0,0,0,0,0,0,0,0.25,0,0,0,0,0,0,0,0,0,0,0,0,0,0,0,0,0,0,0,0,0,0,0,0,0,0,0,0,0,0,0.25,0,0,0,0,0,0,0,0,0,0,0,0,0,0,0,0.25,0,0,0,0,0,0.25,0,0
"38",38,"M00038","Tryptophan metabolism, tryptophan => kynurenine => 2-aminomuconate",0.363636363636364,0.272727272727273,0.272727272727273,0.454545454545455,0.363636363636364,0.0909090909090909,0.363636363636364,0.0909090909090909,0,0.272727272727273,0,0.0909090909090909,0.454545454545455,0.454545454545455,0.363636363636364,0.363636363636364,0.272727272727273,0,0.272727272727273,0.454545454545455,0.454545454545455,0.545454545454545,0.545454545454545,0.181818181818182,0.272727272727273,0.181818181818182,0.0909090909090909,0.0909090909090909,0,0.545454545454545,0.181818181818182,0,0,0.272727272727273,0.363636363636364,0.272727272727273,0,0,0.363636363636364,0,0.272727272727273,0.545454545454545,0.181818181818182,0.181818181818182,0,0.0909090909090909,0.0909090909090909,0,0.454545454545455,0.0909090909090909,0,0.454545454545455,0.0909090909090909,0.545454545454545,0,0.363636363636364,0.363636363636364,0.272727272727273,0.272727272727273,0.0909090909090909,0.181818181818182,0.363636363636364,0.363636363636364,0,0.272727272727273
"39",39,"M00039","Monolignol biosynthesis, phenylalanine/tyrosine => monolignol",0,0,0,0,0,0.0833333333333333,0,0,0,0,0.0833333333333333,0.0833333333333333,0,0.0833333333333333,0,0.0833333333333333,0,0.0833333333333333,0,0,0,0.0833333333333333,0.0833333333333333,0.0833333333333333,0,0,0.0833333333333333,0,0.0833333333333333,0.0833333333333333,0,0,0,0,0,0.0833333333333333,0,0,0.0833333333333333,0,0,0,0,0.0833333333333333,0,0,0,0,0.0833333333333333,0,0,0.0833333333333333,0,0.0833333333333333,0,0.0833333333333333,0,0.0833333333333333,0,0.0833333333333333,0,0.0833333333333333,0,0.0833333333333333,0
"40",40,"M00040","Tyrosine biosynthesis, chorismate => arogenate => tyrosine",0.25,0.25,0.25,0.375,0.25,0.125,0.25,0.125,0,0.375,0.125,0.125,0.25,0.375,0.25,0,0.25,0.375,0.125,0.25,0.25,0,0,0,0.25,0.125,0,0.125,0.125,0,0.375,0,0,0.25,0.25,0,0,0.375,0,0,0.375,0.125,0,0,0,0.25,0.125,0,0.25,0.25,0.125,0.375,0.125,0,0.25,0,0.25,0.375,0.25,0,0.125,0,0.25,0.375,0.25
"41",41,"M00042","Catecholamine biosynthesis, tyrosine => dopamine => noradrenaline => adrenaline",0,0,0,0,0,0,0,0,0,0.2,0,0,0,0,0,0,0,0,0,0,0,0,0.2,0,0,0,0,0,0,0,0,0,0,0.2,0,0,0,0,0,0,0.2,0,0,0,0,0,0.2,0,0,0,0,0,0,0,0,0,0.2,0,0,0,0,0,0.2,0,0.2
"42",42,"M00043","Thyroid hormone biosynthesis, tyrosine => triiodothyronine/thyroxine",0,0,0,0,0,0,0,0,0,0,0,0,0,0,0,0,0,0,0,0,0,0,0,0,0,0,0,0,0,0,0,0,0,0,0,0,0,0,0,0,0,0,0,0,0,0,0,0,0,0,0,0,0,0,0,0,0,0,0,0,0,0,0,0,0
"43",43,"M00044","Tyrosine degradation, tyrosine => homogentisate",0.444444444444444,0.555555555555556,0.444444444444444,0.555555555555556,0.555555555555556,0.444444444444444,0.666666666666667,0.111111111111111,0,0.555555555555556,0.444444444444444,0.444444444444444,0.444444444444444,0.555555555555556,0.666666666666667,0.333333333333333,0.555555555555556,0.555555555555556,0,0.666666666666667,0.555555555555556,0.333333333333333,0.333333333333333,0.333333333333333,0.555555555555556,0.333333333333333,0.444444444444444,0,0.444444444444444,0.333333333333333,0.555555555555556,0,0,0.666666666666667,0.666666666666667,0.333333333333333,0,0.444444444444444,0.333333333333333,0.444444444444444,0.111111111111111,0.333333333333333,0.222222222222222,0.333333333333333,0,0.444444444444444,0.111111111111111,0.444444444444444,0.111111111111111,0.555555555555556,0.111111111111111,0.555555555555556,0.333333333333333,0.333333333333333,0.222222222222222,0.333333333333333,0.666666666666667,0.555555555555556,0.444444444444444,0.333333333333333,0.444444444444444,0.333333333333333,0.666666666666667,0.555555555555556,0.666666666666667
"44",44,"M00045","Histidine degradation, histidine => N-formiminoglutamate => glutamate",1,0.75,0.75,0.75,0.75,0.5,0.75,0.625,0,0.625,0,0,0.75,0.75,0.75,0.5,0.75,0.5,0.125,0.75,0.5,0.75,0.75,0.625,0.75,0.75,0.5,0,0,0.5,0.125,0,0,0.75,0.75,0.5,0,0.125,0.5,0.5,0.625,0.5,0.5,0.5,0,0.125,0.125,0,0.75,0.125,0,0.75,0.625,0.5,0.125,0.5,0.75,0.625,0.75,0.375,0.75,0.5,0.75,0.5,0.75
"45",45,"M00046","Pyrimidine degradation, uracil => beta-alanine, thymine => 3-aminoisobutanoate",0.666666666666667,0.666666666666667,0.666666666666667,0.166666666666667,0.166666666666667,0.166666666666667,0.666666666666667,0.333333333333333,0,0.666666666666667,0,0,0.666666666666667,0.166666666666667,0.666666666666667,0,0.666666666666667,0,0.333333333333333,0.5,0.166666666666667,0,0,0.166666666666667,0.666666666666667,0,0,0,0,0.666666666666667,0.666666666666667,0,0,0.666666666666667,0.166666666666667,0,0,0,0,0,0.666666666666667,0,0,0,0,0,0.833333333333333,0,0.166666666666667,0,0,0.666666666666667,0.333333333333333,0,0,0,0.166666666666667,0.666666666666667,0.666666666666667,0,0.333333333333333,0,0.166666666666667,0,0.666666666666667
"46",46,"M00047","Creatine pathway",0,0,0,0,0,0,0,0.25,0,0,0,0,0,0,0,0,0,0,0,0,0,0,0,0,0,0,0,0,0,0,0,0,0,0,0,0,0,0,0,0,0,0,0,0,0,0,0,0,0,0,0,0,0.25,0,0,0,0,0,0,0,0,0,0,0,0
"47",47,"M00048","De novo purine biosynthesis, PRPP + glutamine => IMP",0.354838709677419,0.354838709677419,0.32258064516129,0.354838709677419,0.32258064516129,0.32258064516129,0.290322580645161,0.354838709677419,0.032258064516129,0.32258064516129,0.32258064516129,0.290322580645161,0.354838709677419,0.419354838709677,0.290322580645161,0.258064516129032,0.290322580645161,0.419354838709677,0.387096774193548,0.354838709677419,0.354838709677419,0.32258064516129,0.354838709677419,0.354838709677419,0.354838709677419,0.354838709677419,0.387096774193548,0.354838709677419,0.32258064516129,0.290322580645161,0.32258064516129,0.032258064516129,0.032258064516129,0.32258064516129,0.32258064516129,0.354838709677419,0.032258064516129,0.290322580645161,0.354838709677419,0.032258064516129,0.32258064516129,0.419354838709677,0.32258064516129,0.32258064516129,0.032258064516129,0.354838709677419,0.387096774193548,0.032258064516129,0.32258064516129,0.354838709677419,0,0.419354838709677,0.354838709677419,0.354838709677419,0.32258064516129,0.354838709677419,0.32258064516129,0.32258064516129,0.32258064516129,0.161290322580645,0.32258064516129,0.354838709677419,0.32258064516129,0.419354838709677,0.32258064516129
"48",48,"M00049","Adenine ribonucleotide biosynthesis, IMP => ADP,ATP",0.571428571428571,0.571428571428571,0.571428571428571,0.571428571428571,0.571428571428571,0.571428571428571,0.571428571428571,0.428571428571429,0.285714285714286,0.571428571428571,0.571428571428571,0.571428571428571,0.571428571428571,0.571428571428571,0.571428571428571,0.571428571428571,0.571428571428571,0.571428571428571,0.571428571428571,0.571428571428571,0.571428571428571,0.571428571428571,0.714285714285714,0.571428571428571,0.571428571428571,0.571428571428571,0.571428571428571,0.571428571428571,0.571428571428571,0.571428571428571,0.571428571428571,0.142857142857143,0.142857142857143,0.571428571428571,0.571428571428571,0.571428571428571,0.285714285714286,0.571428571428571,0.571428571428571,0.571428571428571,0.571428571428571,0.571428571428571,0.428571428571429,0.571428571428571,0.285714285714286,0.571428571428571,0.571428571428571,0.571428571428571,0.571428571428571,0.571428571428571,0.285714285714286,0.571428571428571,0.571428571428571,0.571428571428571,0.571428571428571,0.571428571428571,0.571428571428571,0.571428571428571,0.571428571428571,0.571428571428571,0.571428571428571,0.571428571428571,0.571428571428571,0.571428571428571,0.571428571428571
"49",49,"M00050","Guanine ribonucleotide biosynthesis, IMP => GDP,GTP",0.8,0.8,0.8,0.8,0.8,0.8,0.8,0.8,0.4,0.8,0.8,0.8,0.8,0.8,0.8,0.8,0.6,0.8,0.8,0.8,0.6,0.8,0.8,0.8,0.8,0.8,0.8,0.8,0.8,0.8,0.8,0.4,0.4,0.8,0.8,0.8,0.4,0.8,0.8,0.8,0.8,0.8,0.8,0.6,0.2,0.8,0.8,0.8,0.8,0.8,0.6,0.8,0.8,0.8,0.8,0.8,0.8,0.8,0.8,0.6,0.8,0.8,0.8,0.8,0.8
"50",50,"M00051","De novo pyrimidine biosynthesis, glutamine (+ PRPP) => UMP",0.5,0.5625,0.5625,0.5,0.4375,0.5625,0.5625,0.5,0,0.4375,0.4375,0.5625,0.5625,0.5,0.5625,0.5,0.5625,0.5,0.5625,0.5625,0.5,0.5625,0.625,0.5625,0.5625,0.5,0.5625,0.5,0.5,0.625,0.5,0,0,0.5625,0.5,0.5,0,0.4375,0.625,0.5,0.5,0.5625,0.5625,0.5,0,0.5,0.5625,0.5,0.5,0.5,0.0625,0.5,0.4375,0.625,0.5,0.625,0.5,0.5,0.5625,0.25,0.5,0.625,0.5,0.5,0.5625
"51",51,"M00052","Pyrimidine ribonucleotide biosynthesis, UMP => UDP/UTP,CDP/CTP",0.5,0.5,0.5,0.5,0.5,0.5,0.5,0.5,0.333333333333333,0.5,0.5,0.5,0.5,0.5,0.5,0.5,0.5,0.5,0.333333333333333,0.5,0.5,0.5,0.5,0.5,0.5,0.5,0.5,0.5,0.5,0.5,0.5,0.333333333333333,0.333333333333333,0.5,0.5,0.5,0.5,0.5,0.5,0.333333333333333,0.5,0.5,0.5,0.333333333333333,0.5,0.5,0.5,0.5,0.5,0.5,0.5,0.5,0.5,0.5,0.5,0.5,0.5,0.5,0.5,0.5,0.5,0.5,0.5,0.5,0.5
"52",52,"M00053","Deoxyribonucleotide biosynthesis, ADP/GDP/CDP/UDP => dATP/dGTP/dCTP/dUTP",0.5,0.5,0.5,0.5,0.5,0.5,0.5,0.5,0.5,0.333333333333333,0.5,0.5,0.5,0.5,0.5,0.5,0.5,0.5,0.5,0.5,0.5,0.5,0.5,0.5,0.5,0.5,0.5,0.5,0.5,0.333333333333333,0.333333333333333,0.5,0.5,0.5,0.5,0.5,0.5,0.5,0.5,0.5,0.333333333333333,0.5,0.5,0.5,0.333333333333333,0.5,0.333333333333333,0.5,0.5,0.333333333333333,0.5,0.5,0.5,0.5,0.5,0.5,0.5,0.333333333333333,0.333333333333333,0.333333333333333,0.5,0.5,0.5,0.5,0.5
"53",53,"M00055","N-glycan precursor biosynthesis",0,0,0,0,0,0,0,0,0,0,0,0,0,0,0,0,0,0,0,0,0,0,0,0,0,0,0,0,0,0,0,0,0,0,0,0,0,0,0,0,0,0,0,0,0,0,0.0714285714285714,0,0,0,0,0,0,0,0,0,0,0,0,0,0,0,0,0,0
"54",54,"M00056","O-glycan biosynthesis, mucin type core",0,0,0,0,0,0,0,0,0,0,0,0,0,0,0,0,0,0,0,0,0,0,0,0,0,0,0,0,0,0,0,0,0,0,0,0,0,0,0,0,0,0,0,0,0,0,0,0,0,0,0,0,0,0,0,0,0,0,0,0,0,0,0,0,0
"55",55,"M00057","Glycosaminoglycan biosynthesis, linkage tetrasaccharide",0,0,0,0,0,0,0,0,0,0,0,0,0,0,0,0,0,0,0,0,0,0,0,0,0,0,0,0,0,0,0,0,0,0,0,0,0,0,0,0,0,0,0,0,0,0,0,0,0,0,0,0,0,0,0,0,0,0,0,0,0,0,0,0,0
"56",56,"M00058","Glycosaminoglycan biosynthesis, chondroitin sulfate backbone",0,0,0,0,0,0,0,0,0,0,0,0,0,0,0,0,0,0,0,0,0,0,0,0,0,0,0,0,0,0,0,0,0,0,0,0,0,0,0,0,0,0,0,0,0,0,0,0,0,0,0,0,0,0,0,0,0,0,0,0,0,0,0,0,0
"57",57,"M00059","Glycosaminoglycan biosynthesis, heparan sulfate backbone",0,0,0,0,0,0,0,0,0,0,0,0,0,0,0,0,0,0,0,0,0,0,0,0,0,0,0,0,0,0,0,0,0,0,0,0,0,0,0,0,0,0,0,0,0,0,0,0,0,0,0,0,0,0,0,0,0,0,0,0,0,0,0,0,0
"58",58,"M00060","KDO2-lipid A biosynthesis, Raetz pathway, LpxL-LpxM type",0.8,0.8,0.8,0.8,0.8,0.7,0.8,0,0.8,0.8,0.7,0.7,0.8,0.8,0.8,0.6,0.8,0.8,0,0.8,0.8,0.7,0.7,0.8,0.8,0.8,0.8,0.8,0.7,0.7,0.8,0.6,0,0.8,0.8,0.7,0.6,0.5,0.7,0.8,0.8,0.1,0.6,0.7,0,0.8,0.8,0.8,0.8,0.8,0.7,0.8,0,0.7,0,0.7,0.8,0.8,0.8,0.5,0.8,0.7,0.8,0.8,0.8
"59",59,"M00061","D-Glucuronate degradation, D-glucuronate => pyruvate + D-glyceraldehyde 3P",0.285714285714286,0.571428571428571,0.142857142857143,0.285714285714286,0.285714285714286,0.571428571428571,0.285714285714286,0.285714285714286,0,0.428571428571429,0,0.571428571428571,0.285714285714286,0.142857142857143,0.428571428571429,0,0.571428571428571,0.142857142857143,0.285714285714286,0.285714285714286,0.285714285714286,0,0,0,0.571428571428571,0,0,0.142857142857143,0,0.428571428571429,0.428571428571429,0,0,0.142857142857143,0.285714285714286,0,0,0.142857142857143,0,0,0.285714285714286,0,0.428571428571429,0.428571428571429,0,0,0,0,0.428571428571429,0.714285714285714,0,0.285714285714286,0.142857142857143,0,0.428571428571429,0.571428571428571,0.428571428571429,0.285714285714286,0.142857142857143,0.285714285714286,0.714285714285714,0,0.428571428571429,0.142857142857143,0.142857142857143
"60",60,"M00063","CMP-3-deoxy-D-manno-octulosonate biosynthesis, ribulose-5P => CMP-KDO",1,1,1,1,0.5,0.75,1,0,0.75,0.75,0.75,1,1,1,1,0.75,0.5,1,0,1,1,0.75,0.75,0.75,1,1,1,1,0.75,1,0.75,0.75,0,1,1,1,0.75,0.75,1,0.75,0.75,0,0.75,1,0,1,0.75,1,0.75,1,0.75,1,0,0.5,0.75,1,1,0.75,1,1,0.75,1,1,1,1
"61",61,"M00064","ADP-L-glycero-D-manno-heptose biosynthesis, sedoheptulose-7P => ADP-LDmanHep",0.285714285714286,1,0.857142857142857,1,1,0.714285714285714,0.285714285714286,0.714285714285714,0,0,0.714285714285714,0.714285714285714,0.285714285714286,0.857142857142857,0.285714285714286,0,0.857142857142857,0.714285714285714,0,0.285714285714286,0.285714285714286,0.714285714285714,0.571428571428571,0.714285714285714,1,0.142857142857143,0.714285714285714,1,0.571428571428571,0.714285714285714,0,0.428571428571429,0,0.857142857142857,0.285714285714286,0,0.714285714285714,0.285714285714286,0,0.285714285714286,0,0,0,0.571428571428571,0,0.285714285714286,0.285714285714286,0.571428571428571,0.714285714285714,0.571428571428571,0.571428571428571,0.714285714285714,0.571428571428571,0.714285714285714,0,0,0.285714285714286,0.571428571428571,0.857142857142857,0.714285714285714,0,0,0.285714285714286,0.714285714285714,0.857142857142857
"62",62,"M00065","GPI-anchor biosynthesis, core oligosaccharide",0,0,0,0,0,0,0,0,0,0,0,0,0,0,0,0,0,0,0,0,0,0,0,0,0,0,0,0,0,0.0526315789473684,0,0,0,0,0,0,0,0,0,0,0,0,0,0,0,0,0.0526315789473684,0.0526315789473684,0,0,0,0,0,0,0,0,0,0,0,0,0,0,0,0,0
"63",63,"M00066","Lactosylceramide biosynthesis",0,0,0,0,0,0,0,0.333333333333333,0,0.333333333333333,0,0,0,0,0,0,0,0,0,0,0,0,0,0,0,0,0,0,0,0,0.333333333333333,0,0,0,0,0,0,0,0,0,0.333333333333333,0,0,0,0,0,0,0,0,0,0,0,0.333333333333333,0,0,0,0,0.333333333333333,0,0,0.333333333333333,0,0,0,0
"64",64,"M00067","Sulfoglycolipids biosynthesis, ceramide/1-alkyl-2-acylglycerol => sulfatide/seminolipid",0,0,0,0,0,0,0,0,0,0,0,0,0,0,0,0,0,0,0,0,0,0,0,0,0,0,0,0,0,0,0,0,0,0,0,0,0,0,0,0,0,0,0,0,0,0,0,0,0,0,0,0,0,0,0,0,0,0,0,0,0,0,0,0,0
"65",65,"M00068","Glycosphingolipid biosynthesis, globo-series, LacCer => Gb4Cer",0,0,0,0,0,0,0,0,0,0,0,0,0,0,0,0,0,0,0,0,0,0,0,0,0,0,0,0,0,0,0,0,0,0,0,0,0,0,0,0,0,0,0,0,0,0,0,0,0,0,0,0,0,0,0,0,0,0,0,0,0,0,0,0,0
"66",66,"M00069","Glycosphingolipid biosynthesis, ganglio series, LacCer => GT3",0,0,0,0,0,0,0,0,0,0,0,0,0,0,0,0,0,0,0,0,0,0,0,0,0,0,0,0,0,0,0,0,0,0,0,0,0,0,0,0,0,0,0,0,0,0,0,0,0,0,0,0,0,0,0,0,0,0,0,0,0,0,0,0,0
"67",67,"M00070","Glycosphingolipid biosynthesis, lacto-series, LacCer => Lc4Cer",0,0,0,0,0,0,0,0,0,0,0,0,0,0,0,0,0,0,0,0,0,0,0,0,0,0,0,0,0,0,0,0,0,0,0,0,0,0,0,0,0,0,0,0,0,0,0,0,0,0,0,0,0,0,0,0,0,0,0,0,0,0,0,0,0
"68",68,"M00071","Glycosphingolipid biosynthesis, neolacto-series, LacCer => nLc4Cer",0,0,0,0,0,0,0,0,0,0,0,0,0,0,0,0,0,0,0,0,0,0,0,0,0,0,0,0,0,0,0,0,0,0,0,0,0,0,0,0,0,0,0,0,0,0,0,0,0,0,0,0,0,0,0,0,0,0,0,0,0,0,0,0,0
"69",69,"M00072","N-glycosylation by oligosaccharyltransferase",0,0,0,0,0,0,0,0,0,0,0,0,0,0,0,0,0,0,0,0,0,0,0,0,0,0,0,0,0,0,0,0,0,0,0,0,0,0,0,0,0,0,0,0,0,0,0,0,0,0,0,0,0,0,0,0,0,0,0,0,0,0,0,0,0
"70",70,"M00073","N-glycan precursor trimming",0,0,0.25,0,0,0,0,0,0,0,0,0,0,0,0,0,0,0,0,0,0,0,0,0,0,0,0,0,0,0,0,0,0,0.25,0.25,0,0,0,0,0,0,0,0,0,0,0,0,0,0,0,0,0,0,0,0,0,0.25,0,0.25,0,0,0,0.25,0,0.25
"71",71,"M00074","N-glycan biosynthesis, high-mannose type",0,0,0.0833333333333333,0,0,0,0,0,0,0,0,0,0,0,0,0,0,0,0,0,0,0,0,0,0,0,0,0,0,0,0,0,0,0.0833333333333333,0.0833333333333333,0,0,0,0,0,0,0,0,0,0,0,0,0,0,0,0.166666666666667,0,0,0,0,0,0.0833333333333333,0,0.0833333333333333,0,0,0,0.0833333333333333,0,0.0833333333333333
"72",72,"M00075","N-glycan biosynthesis, complex type",0,0,0,0,0,0,0,0,0,0,0,0,0,0,0,0,0,0,0,0,0,0,0,0,0,0,0,0,0,0,0,0,0,0,0,0,0,0,0,0,0,0,0,0,0,0,0,0,0,0,0,0,0,0,0,0,0,0,0,0,0,0,0,0,0
"73",73,"M00076","Dermatan sulfate degradation",0,0,0,0,0,0.2,0,0,0,0,0,0,0,0,0,0,0,0,0,0,0,0,0,0,0,0,0,0,0,0,0,0,0,0,0,0,0,0,0,0,0,0,0.2,0.2,0.2,0,0,0,0.2,0,0,0,0,0,0,0.2,0,0,0,0,0,0,0,0,0
"74",74,"M00077","Chondroitin sulfate degradation",0,0,0,0,0,0.25,0,0,0,0,0,0,0,0,0,0,0,0,0,0,0,0,0,0,0,0,0,0,0,0,0,0,0,0,0,0,0,0,0,0,0,0,0.25,0.25,0.25,0,0,0,0.25,0,0,0,0,0,0,0.25,0,0,0,0,0,0,0,0,0
"75",75,"M00078","Heparan sulfate degradation",0,0,0,0,0.111111111111111,0.111111111111111,0,0,0,0,0,0.111111111111111,0,0,0,0,0,0,0,0,0,0,0,0,0,0,0,0,0,0,0,0,0,0.111111111111111,0,0,0,0,0,0,0,0,0.222222222222222,0.222222222222222,0.111111111111111,0,0,0,0.111111111111111,0.111111111111111,0,0,0,0,0,0.111111111111111,0,0,0,0,0,0,0,0,0.111111111111111
"76",76,"M00079","Keratan sulfate degradation",0.25,0,0.25,0,0.25,0.25,0,0,0,0.25,0,0.25,0,0,0.25,0,0,0,0,0,0,0.25,0.25,0,0,0,0,0,0,0,0,0,0,0,0.25,0,0,0,0.25,0,0,0,0.25,0.25,0,0,0,0,0,0.25,0,0,0,0.25,0,0,0,0,0,0.25,0,0.25,0.25,0,0
"77",77,"M00081","Pectin degradation",0,0,0.333333333333333,0,0,0.333333333333333,0.333333333333333,0,0,0,0,0.333333333333333,0,0,0,0,0,0,0,0,0,0,0,0,0,0,0,0,0,0.333333333333333,0,0,0,0.333333333333333,0.333333333333333,0,0,0,0,0,0,0,0.333333333333333,0.333333333333333,0,0,0,0,0,0.333333333333333,0,0,0,0,0,0.333333333333333,0.333333333333333,0,0.333333333333333,0,0,0,0.333333333333333,0,0
"78",78,"M00082","Fatty acid biosynthesis, initiation",0.428571428571429,0.428571428571429,0.428571428571429,0.428571428571429,0.428571428571429,0.428571428571429,0.428571428571429,0.428571428571429,0.142857142857143,0.5,0.142857142857143,0.428571428571429,0.428571428571429,0.5,0.5,0.428571428571429,0.428571428571429,0.428571428571429,0.142857142857143,0.5,0.428571428571429,0.428571428571429,0.428571428571429,0.214285714285714,0.428571428571429,0.428571428571429,0.428571428571429,0.428571428571429,0.142857142857143,0.428571428571429,0.428571428571429,0.428571428571429,0.428571428571429,0.428571428571429,0.428571428571429,0.428571428571429,0.357142857142857,0.428571428571429,0.428571428571429,0.428571428571429,0.428571428571429,0.571428571428571,0.428571428571429,0.357142857142857,0,0.428571428571429,0.357142857142857,0.428571428571429,0.428571428571429,0.428571428571429,0.428571428571429,0.428571428571429,0.428571428571429,0.428571428571429,0.357142857142857,0.428571428571429,0.428571428571429,0.428571428571429,0.428571428571429,0.428571428571429,0.428571428571429,0.428571428571429,0.428571428571429,0.5,0.428571428571429
"79",79,"M00083","Fatty acid biosynthesis, elongation",0.5,0.285714285714286,0.285714285714286,0.357142857142857,0.428571428571429,0.285714285714286,0.285714285714286,0.5,0.285714285714286,0.428571428571429,0.357142857142857,0.285714285714286,0.5,0.428571428571429,0.357142857142857,0.357142857142857,0.285714285714286,0.428571428571429,0.142857142857143,0.428571428571429,0.357142857142857,0.285714285714286,0.571428571428571,0.142857142857143,0.285714285714286,0.357142857142857,0.428571428571429,0.357142857142857,0.214285714285714,0.357142857142857,0.428571428571429,0.357142857142857,0.357142857142857,0.285714285714286,0.357142857142857,0.285714285714286,0.142857142857143,0.428571428571429,0.357142857142857,0.428571428571429,0.428571428571429,0.357142857142857,0.428571428571429,0.428571428571429,0,0.285714285714286,0.357142857142857,0.428571428571429,0.357142857142857,0.428571428571429,0.285714285714286,0.5,0.5,0.357142857142857,0.285714285714286,0.428571428571429,0.285714285714286,0.428571428571429,0.285714285714286,0.214285714285714,0.5,0.357142857142857,0.285714285714286,0.428571428571429,0.285714285714286
"80",80,"M00085","Fatty acid elongation in mitochondria",0,0,0,0,0,0,0,0,0,0,0,0,0,0,0,0,0,0,0,0,0,0,0,0.166666666666667,0,0,0,0,0,0,0,0,0,0,0,0,0,0,0,0,0,0,0,0,0,0,0,0,0,0,0,0,0,0,0,0,0,0,0,0,0,0,0,0,0
"81",81,"M00086","beta-Oxidation, acyl-CoA synthesis",0.5,0.5,0.5,0.5,0.5,0.5,0.5,0.5,0,0.5,0.5,0.5,0.5,0.5,0.5,0,0.5,0.5,0.5,0.5,0.5,0.5,0.5,0.5,0.5,0.5,0.5,0.5,0.5,0.5,0.5,0,0,0.5,0.5,0.5,0.5,0.5,0.5,0.5,0.5,0.5,0.5,0.5,0,0.5,0.5,0.5,0.5,0.5,0,0.5,0.5,0.5,0.5,0.5,0.5,0.5,0.5,0.5,0.5,0.5,0.5,0.5,0.5
"82",82,"M00087","beta-Oxidation",0.263157894736842,0.263157894736842,0.210526315789474,0.210526315789474,0.263157894736842,0.263157894736842,0.263157894736842,0.263157894736842,0.105263157894737,0.263157894736842,0.105263157894737,0.210526315789474,0.263157894736842,0.315789473684211,0.263157894736842,0.157894736842105,0.263157894736842,0.315789473684211,0.157894736842105,0.315789473684211,0.263157894736842,0.0526315789473684,0.105263157894737,0.263157894736842,0.263157894736842,0.0526315789473684,0.105263157894737,0.315789473684211,0.105263157894737,0.105263157894737,0.210526315789474,0,0,0.210526315789474,0.263157894736842,0.157894736842105,0.105263157894737,0.315789473684211,0.105263157894737,0.210526315789474,0.157894736842105,0.315789473684211,0.105263157894737,0.157894736842105,0,0.263157894736842,0.368421052631579,0.105263157894737,0.263157894736842,0.157894736842105,0,0.315789473684211,0.263157894736842,0.105263157894737,0.315789473684211,0.157894736842105,0.210526315789474,0.263157894736842,0.210526315789474,0.263157894736842,0.263157894736842,0.105263157894737,0.210526315789474,0.315789473684211,0.210526315789474
"83",83,"M00088","Ketone body biosynthesis, acetyl-CoA => acetoacetate/3-hydroxybutyrate/acetone",0.6,0.6,0.6,0.6,0.6,0.4,0.6,0.8,0.4,0.6,0.6,0.4,0.6,0.6,0.6,0.6,0.6,0.4,0.4,0.8,0.6,0.4,0.6,0.6,0.6,0.4,0.6,0.6,0.4,0.4,0.6,0.4,0.2,0.6,0.6,0.8,0.4,0.2,0.4,0.4,0.4,0.6,0.6,0.4,0,0.6,0.4,0.8,0.6,0.4,0.4,0.6,0.8,0.4,0.4,0.8,0.6,0.6,0.6,0.6,0.4,0.6,0.6,0.4,0.6
"84",84,"M00089","Triacylglycerol biosynthesis",0.0416666666666667,0.0416666666666667,0.0416666666666667,0.0416666666666667,0.0416666666666667,0.0416666666666667,0.0416666666666667,0.0416666666666667,0.0416666666666667,0.0416666666666667,0.0416666666666667,0.0416666666666667,0.0416666666666667,0.0416666666666667,0.0416666666666667,0.0833333333333333,0.0416666666666667,0.0416666666666667,0.0416666666666667,0.0416666666666667,0.0416666666666667,0.0416666666666667,0.0833333333333333,0.0833333333333333,0.0416666666666667,0.0416666666666667,0.0416666666666667,0.0416666666666667,0,0.0416666666666667,0.0416666666666667,0.0416666666666667,0.0833333333333333,0.0416666666666667,0.0416666666666667,0.0416666666666667,0.0416666666666667,0.0416666666666667,0.0416666666666667,0.0416666666666667,0.0416666666666667,0.0416666666666667,0.0416666666666667,0.0416666666666667,0,0.0416666666666667,0.0833333333333333,0.0416666666666667,0.0416666666666667,0.0416666666666667,0.0833333333333333,0.0416666666666667,0.0416666666666667,0.0416666666666667,0.0416666666666667,0.0416666666666667,0.0416666666666667,0.0416666666666667,0.0416666666666667,0.0416666666666667,0.0416666666666667,0.0416666666666667,0.0416666666666667,0.0416666666666667,0.0416666666666667
"85",85,"M00090","Phosphatidylcholine (PC) biosynthesis, choline => PC",0,0,0,0.2,0.2,0,0,0,0,0,0,0,0,0,0,0,0,0,0,0,0,0,0,0,0,0,0,0,0,0,0,0,0,0,0,0,0,0,0,0,0,0,0,0,0,0,0.2,0,0,0,0,0,0,0,0,0,0,0,0,0,0,0,0,0,0
"86",86,"M00091","Phosphatidylcholine (PC) biosynthesis, PE => PC",0,0,0,0.25,0,0,0,0.25,0,0.25,0,0,0,0,0,0,0,0,0,0,0,0,0,0,0,0,0,0,0,0,0.25,0.25,0,0,0,0,0,0,0,0,0.25,0,0,0,0,0,0,0,0.25,0,0,0,0.25,0,0,0,0,0.25,0,0,0.25,0,0,0,0
"87",87,"M00092","Phosphatidylethanolamine (PE) biosynthesis, ethanolamine => PE",0,0,0,0,0,0,0,0,0,0,0,0,0,0,0,0,0,0,0,0,0,0,0,0,0,0,0,0,0,0,0,0,0,0,0,0,0,0,0,0,0,0,0,0,0,0,0,0,0,0,0.2,0,0,0,0,0,0,0,0,0,0,0,0,0,0
"88",88,"M00093","Phosphatidylethanolamine (PE) biosynthesis, PA => PS => PE",0.75,0.75,0.75,0.75,0.75,0.75,0.75,0.75,0.75,0.75,0,0.75,0.75,0.75,0.75,0.75,0.75,0.75,0,0.75,0.75,0.75,0.75,0.75,0.75,0.75,0.75,0.75,0.25,0.75,0.75,0.75,0.75,1,0.75,0.75,0.75,0.5,0.75,0.5,0.75,0.75,0.75,0.75,0,0.75,0.75,0.75,0.75,0.75,0.75,1,0.5,0.75,0.75,0.75,0.75,0.75,0.75,0.75,0.75,0.75,0.75,0.75,1
"89",89,"M00094","Ceramide biosynthesis",0,0,0,0,0,0,0,0.125,0,0,0,0.125,0,0,0,0,0,0,0,0,0,0,0,0,0,0,0,0,0,0.125,0,0,0,0,0,0,0,0,0,0,0,0,0,0,0,0,0.125,0,0,0,0,0,0.125,0,0,0,0,0,0,0,0,0,0,0,0
"90",90,"M00095","C5 isoprenoid biosynthesis, mevalonate pathway",0.125,0.125,0.125,0.125,0.125,0.375,0.125,0.125,0.125,0.125,0.125,0.125,0.125,0.5,0.125,0.625,0.125,0.25,0.25,0.25,0.125,0.25,0.375,0.5,0.125,0.125,0.5,0.25,0.125,0.125,0.125,0.75,0.25,0.125,0.125,0.625,0.625,0.25,0.5,0.5,0.125,0.125,0.25,0.5,0,0.125,0.125,0.625,0.125,0.125,0,0.25,0.125,0.375,0.125,0.625,0.125,0.125,0.125,0.375,0.125,0.625,0.125,0.25,0.125
"91",91,"M00096","C5 isoprenoid biosynthesis, non-mevalonate pathway",0.9,0.9,0.9,0.9,0.9,0.7,0.9,0.7,0,0.8,0.7,0.7,0.9,0.8,0.9,0.2,0.7,0.8,0.5,0.9,0.9,0.8,0.8,0.1,0.9,0.7,0.1,0.9,0.4,0.7,0.8,0.1,0.1,0.9,0.9,0.2,0.1,0.4,0.2,0.1,0.8,0.9,0.8,0.7,0.1,0.9,0.9,0.1,0.7,0.7,0.9,0.8,0.7,0.8,0.5,0.2,0.9,0.8,0.9,0.5,0.8,0.2,0.9,0.8,0.9
"92",92,"M00097","beta-Carotene biosynthesis, GGAP => beta-carotene",0.166666666666667,0.166666666666667,0.166666666666667,0.166666666666667,0.166666666666667,0.166666666666667,0.166666666666667,0.166666666666667,0,0.166666666666667,0.166666666666667,0.166666666666667,0.166666666666667,0.166666666666667,0.166666666666667,0.166666666666667,0.166666666666667,0.166666666666667,0,0.166666666666667,0.166666666666667,0,0,0.333333333333333,0.166666666666667,0,0,0.166666666666667,0.166666666666667,0.166666666666667,0.166666666666667,0,0,0.166666666666667,0.166666666666667,0.166666666666667,0.166666666666667,0,0.166666666666667,0,0.166666666666667,0.333333333333333,0,0,0.166666666666667,0.166666666666667,0,0.166666666666667,0.333333333333333,0,0,0,0.166666666666667,0,0.333333333333333,0.166666666666667,0.166666666666667,0.166666666666667,0.166666666666667,0.166666666666667,0.166666666666667,0.166666666666667,0.166666666666667,0.166666666666667,0.166666666666667
"93",93,"M00098","Acylglycerol degradation",0.0625,0.0625,0.0625,0,0,0.0625,0,0,0,0,0,0,0.0625,0.0625,0.0625,0,0,0.0625,0,0.0625,0,0,0,0.0625,0.0625,0.0625,0.0625,0,0,0,0,0,0,0.0625,0,0,0,0.0625,0,0,0,0.0625,0,0,0,0.0625,0.0625,0,0,0,0,0.0625,0,0,0,0,0,0,0.0625,0,0,0,0,0.0625,0.0625
"94",94,"M00099","Sphingosine biosynthesis",0,0,0,0,0,0,0,0.0909090909090909,0,0,0,0.0909090909090909,0,0,0,0,0,0,0,0,0,0,0,0,0,0,0,0.0909090909090909,0,0.0909090909090909,0,0,0,0,0,0,0,0,0,0,0,0.0909090909090909,0,0,0,0,0.181818181818182,0,0,0,0,0,0.0909090909090909,0,0,0,0,0,0,0,0,0,0,0,0
"95",95,"M00100","Sphingosine degradation",0,0,0,0,0,0,0,0,0,0,0,0,0,0,0,0,0,0,0,0.5,0,0,0,0,0,0,0,0,0,0,0,0,0,0,0,0,0,0,0,0,0,0.5,0,0,0,0,0.5,0,0,0,0,0,0,0,0,0,0,0,0,0,0,0,0,0,0
"96",96,"M00101","Cholesterol biosynthesis, FPP => cholesterol",0,0,0,0,0,0,0,0,0,0,0,0,0,0.0769230769230769,0,0,0,0,0,0,0,0,0,0.0769230769230769,0,0,0,0,0,0,0,0,0,0,0,0,0,0,0,0.0769230769230769,0,0.0769230769230769,0,0,0,0,0.0769230769230769,0.153846153846154,0,0,0,0,0,0.0769230769230769,0,0,0,0,0,0,0,0,0.0769230769230769,0,0
"97",97,"M00102","Ergocalciferol biosynthesis, FPP => ergosterol/ergocalciferol",0,0,0,0,0,0,0,0,0,0,0,0,0,0,0,0,0,0,0,0,0,0,0.0769230769230769,0.0769230769230769,0,0,0,0,0,0,0,0,0,0,0,0,0,0,0,0,0,0.0769230769230769,0,0,0,0,0.0769230769230769,0.153846153846154,0,0,0,0,0,0.153846153846154,0,0,0,0,0,0,0,0,0,0,0
"98",98,"M00103","Cholecalciferol biosynthesis",0,0,0,0,0,0,0,0,0,0,0,0,0,0,0,0,0,0,0,0,0,0,0,0,0,0,0,0,0,0,0,0,0,0,0,0,0,0,0,0,0,0,0,0,0,0,0,0,0,0,0,0,0,0,0,0,0,0,0,0,0,0,0,0,0
"99",99,"M00104","Bile acid biosynthesis, cholesterol => cholate/chenodeoxycholate",0,0,0.0833333333333333,0,0.0833333333333333,0,0.0833333333333333,0.0833333333333333,0,0,0,0,0,0,0.0833333333333333,0,0,0,0,0.0833333333333333,0.0833333333333333,0,0,0,0,0.0833333333333333,0,0,0,0,0.0833333333333333,0,0,0.0833333333333333,0.0833333333333333,0,0,0,0,0,0,0.0833333333333333,0,0,0,0.0833333333333333,0,0,0,0,0,0,0.0833333333333333,0,0.0833333333333333,0,0.0833333333333333,0.0833333333333333,0.0833333333333333,0,0,0,0.0833333333333333,0,0.0833333333333333
"100",100,"M00106","Conjugated bile acid biosynthesis, cholate => taurocholate/glycocholate",0,0,0,0,0,0,0,0,0,0,0,0,0,0,0,0,0,0,0,0,0,0,0,0,0,0,0,0,0,0,0,0,0,0,0,0,0,0,0,0,0,0,0,0,0,0,0,0,0,0,0,0,0,0,0,0,0,0,0,0,0,0,0,0,0
"101",101,"M00107","Steroid hormone biosynthesis, cholesterol => pregnenolone => progesterone",0,0,0,0,0,0,0,0,0,0,0,0,0,0,0,0,0,0,0,0,0,0,0,0,0,0,0,0,0,0,0,0,0,0,0,0,0,0,0,0,0,0,0,0,0,0,0,0,0,0,0,0,0,0,0,0,0,0,0,0,0,0,0,0,0
"102",102,"M00108","C21-Steroid hormone biosynthesis, progesterone => corticosterone/aldosterone",0,0,0,0,0,0,0,0,0,0,0,0,0,0,0,0,0,0,0,0,0,0,0,0,0,0,0,0,0,0,0,0,0,0,0,0,0,0,0,0,0,0,0,0,0,0,0,0,0,0,0,0,0,0,0,0,0,0,0,0,0,0,0,0,0
"103",103,"M00109","C21-Steroid hormone biosynthesis, progesterone => cortisol/cortisone",0,0,0,0,0,0,0,0,0,0,0,0,0,0,0,0,0,0,0,0,0,0,0,0,0,0,0,0,0,0,0,0,0,0,0,0,0,0,0,0,0,0,0,0,0,0,0,0,0,0,0,0,0,0,0,0,0,0,0,0,0,0,0,0,0
"104",104,"M00110","C19/C18-Steroid hormone biosynthesis, pregnenolone => androstenedione => estrone",0,0,0,0,0,0,0,0,0,0,0,0,0,0,0,0,0,0,0,0,0,0,0,0,0,0,0,0,0,0,0,0,0,0,0,0,0,0,0,0,0,0,0,0,0,0,0,0,0,0,0,0,0,0,0,0,0,0,0,0,0,0,0,0,0
"105",105,"M00112","Tocopherol/tocotorienol biosynthesis, homogentisate + phytyl/geranylgeranyl-PP => tocopherol/tocotorienol",0,0,0,0,0,0,0,0,0,0,0,0,0,0,0,0,0,0,0,0,0,0,0,0,0,0,0,0,0,0,0,0,0,0,0,0,0,0,0,0,0,0,0,0,0,0,0,0,0,0,0,0,0,0,0,0,0,0,0,0,0,0,0,0,0
"106",106,"M00113","Jasmonic acid biosynthesis",0,0,0,0,0,0,0,0,0,0,0,0,0,0,0,0.125,0,0,0.125,0,0,0,0,0,0,0,0,0,0,0,0,0,0,0,0,0.125,0,0,0,0,0,0.125,0,0,0,0,0,0,0,0,0,0,0,0,0,0.125,0,0,0,0,0,0,0,0,0
"107",107,"M00114","Ascorbate biosynthesis, plants, fructose-6P => ascorbate",0,0.125,0.125,0,0,0,0.125,0,0.125,0.125,0,0,0,0.125,0,0.125,0.125,0.125,0.125,0.125,0,0,0,0,0.125,0,0,0,0.125,0.125,0.125,0,0,0,0,0.125,0,0.125,0.125,0,0.125,0.25,0,0,0,0,0.25,0.125,0,0,0,0.125,0,0,0.125,0.125,0,0.125,0.125,0,0.25,0.125,0,0.125,0
"108",108,"M00115","NAD biosynthesis, aspartate => quinolinate => NAD",0.625,0.75,0.875,0.75,0.75,0.625,0.75,0.75,0.375,0.75,0.375,0.625,0.75,0.625,0.75,0.625,0.75,0.625,0.625,0.875,0.875,0.375,0.625,0.625,0.75,0.75,0.625,0.75,0.375,0.625,0.625,0.25,0,0.75,0.75,0.375,0,0.625,0.375,0.5,0.25,0.625,0.625,0.625,0,0.75,0.625,0.625,0.375,0.625,0.25,0.75,0.625,0.375,0.625,0.375,0.75,0.25,0.875,0.25,0.5,0.375,0.75,0.625,0.75
"109",109,"M00116","Menaquinone biosynthesis, chorismate (+ polyprenyl-PP) => menaquinol",0.222222222222222,0.222222222222222,0.222222222222222,0.222222222222222,0.111111111111111,0.777777777777778,0.333333333333333,0.111111111111111,0.111111111111111,0.222222222222222,0,0.777777777777778,0.222222222222222,0.222222222222222,0.222222222222222,0.666666666666667,0.111111111111111,0.222222222222222,0.777777777777778,0.444444444444444,0.333333333333333,0.777777777777778,0.222222222222222,0.888888888888889,0.222222222222222,0.222222222222222,0.111111111111111,0.222222222222222,0,0.111111111111111,0.222222222222222,0.111111111111111,0,0.111111111111111,0.111111111111111,0.777777777777778,0.111111111111111,0.222222222222222,0.777777777777778,0.111111111111111,0.111111111111111,0.777777777777778,0.222222222222222,0.222222222222222,0,0.111111111111111,0.111111111111111,0.222222222222222,0.111111111111111,0.111111111111111,0.888888888888889,0.222222222222222,0.111111111111111,0.777777777777778,0.333333333333333,0.777777777777778,0.111111111111111,0.222222222222222,0.222222222222222,0.222222222222222,0.111111111111111,0.777777777777778,0.111111111111111,0.222222222222222,0.111111111111111
"110",110,"M00117","Ubiquinone biosynthesis, prokaryotes, chorismate (+ polyprenyl-PP) => ubiquinol",0.666666666666667,0.416666666666667,0.833333333333333,0.75,0.666666666666667,0.333333333333333,0.75,0.666666666666667,0.583333333333333,0.583333333333333,0.416666666666667,0.166666666666667,0.5,0.916666666666667,0.833333333333333,0.166666666666667,0.416666666666667,0.916666666666667,0.0833333333333333,0.416666666666667,0.416666666666667,0.333333333333333,0.333333333333333,0.0833333333333333,0.416666666666667,0.75,0.583333333333333,0.75,0.166666666666667,0.5,0.416666666666667,0.5,0.25,0.833333333333333,0.75,0.166666666666667,0.5,0.666666666666667,0.166666666666667,0.666666666666667,0.416666666666667,0.25,0.5,0.5,0,0.416666666666667,0.333333333333333,0.666666666666667,0.666666666666667,0.833333333333333,0.0833333333333333,0.916666666666667,0.5,0.166666666666667,0.5,0.166666666666667,0.833333333333333,0.416666666666667,0.75,0.5,0.416666666666667,0.166666666666667,0.833333333333333,0.916666666666667,0.833333333333333
"111",111,"M00118","Glutathione biosynthesis, glutamate => glutathione",0.4,0.4,0.4,0.4,0.4,0,0.4,0.4,0,0.4,0.4,0,0.4,0.4,0.4,0,0.4,0.4,0,0.4,0.4,0,0,0.2,0.4,0.2,0.4,0.4,0.4,0,0.4,0.4,0,0.4,0.4,0,0.4,0.4,0,0.4,0.4,0.2,0,0,0,0.4,0.4,0.4,0.4,0.4,0,0.4,0.4,0,0.4,0,0.4,0.4,0.4,0.4,0.4,0,0.4,0.4,0.4
"112",112,"M00119","Pantothenate biosynthesis, valine/L-aspartate => pantothenate",0.833333333333333,0.666666666666667,0.5,0.833333333333333,0.833333333333333,0.666666666666667,0.666666666666667,0.666666666666667,0.166666666666667,0.5,0.666666666666667,0.666666666666667,0.666666666666667,0.833333333333333,0.666666666666667,0.5,0.5,0.5,0.666666666666667,0.666666666666667,0.833333333333333,0.666666666666667,0.666666666666667,0.666666666666667,0.666666666666667,0.5,0.666666666666667,0.833333333333333,0.5,0.666666666666667,0.666666666666667,0,0,0.5,0.666666666666667,0.666666666666667,0,0.5,0.666666666666667,0.333333333333333,0.666666666666667,0.666666666666667,0.833333333333333,0.666666666666667,0,0.833333333333333,0.833333333333333,0.5,0.666666666666667,0.5,0,0.666666666666667,0.666666666666667,0.666666666666667,0.5,0.666666666666667,0.5,0.666666666666667,0.5,0.333333333333333,0.5,0.666666666666667,0.5,0.5,0.5
"113",113,"M00120","Coenzyme A biosynthesis, pantothenate => CoA",0.416666666666667,0.416666666666667,0.416666666666667,0.416666666666667,0.416666666666667,0.333333333333333,0.416666666666667,0.333333333333333,0.166666666666667,0.416666666666667,0.416666666666667,0.333333333333333,0.416666666666667,0.25,0.416666666666667,0.166666666666667,0.416666666666667,0.25,0.25,0.416666666666667,0.416666666666667,0.333333333333333,0.333333333333333,0.416666666666667,0.416666666666667,0.416666666666667,0.333333333333333,0.416666666666667,0.25,0.333333333333333,0.416666666666667,0,0,0.416666666666667,0.416666666666667,0.333333333333333,0.166666666666667,0.25,0.333333333333333,0.333333333333333,0.416666666666667,0.416666666666667,0.333333333333333,0.333333333333333,0,0.416666666666667,0.333333333333333,0.333333333333333,0.25,0.333333333333333,0.166666666666667,0.333333333333333,0.166666666666667,0.333333333333333,0.333333333333333,0.333333333333333,0.416666666666667,0.416666666666667,0.416666666666667,0.333333333333333,0.416666666666667,0.333333333333333,0.416666666666667,0.333333333333333,0.416666666666667
"114",114,"M00121","Heme biosynthesis, plants and bacteria, glutamate => heme",0.733333333333333,0.733333333333333,0.733333333333333,0.666666666666667,0.733333333333333,0.733333333333333,0.733333333333333,0.6,0.6,0.533333333333333,0.6,0.733333333333333,0.733333333333333,0.8,0.666666666666667,0.666666666666667,0.6,0.8,0.666666666666667,0.733333333333333,0.733333333333333,0.133333333333333,0.733333333333333,0.533333333333333,0.733333333333333,0.733333333333333,0.666666666666667,0.666666666666667,0.466666666666667,0.133333333333333,0.6,0.533333333333333,0.0666666666666667,0.733333333333333,0.666666666666667,0.666666666666667,0.666666666666667,0.6,0.733333333333333,0.6,0.6,0.666666666666667,0.733333333333333,0.733333333333333,0.0666666666666667,0.733333333333333,0.666666666666667,0.666666666666667,0.533333333333333,0.733333333333333,0.6,0.8,0.6,0.733333333333333,0.6,0.666666666666667,0.733333333333333,0.6,0.733333333333333,0.666666666666667,0.6,0.666666666666667,0.733333333333333,0.8,0.733333333333333
"115",115,"M00122","Cobalamin biosynthesis, cobyrinate a,c-diamide => cobalamin",0.8,0.8,0.9,0.8,0.7,0.1,0.8,1,0,0.8,0.1,0.5,0.8,0.8,0.5,0.1,0.5,0.9,0.1,0.8,0.8,0.1,0.1,0.1,0.8,0.1,0,0.2,0.1,0.1,0.8,0,0,0.8,0.8,0.1,0,0.6,0.5,0,0.8,0.9,0.1,0.1,0.1,0.8,0.3,0.1,0.8,0.2,0.1,0.9,0.9,0.1,0.1,0.2,0.8,0.6,0.9,0.4,0.8,0.1,0.8,0.9,0.8
"116",116,"M00123","Biotin biosynthesis, pimeloyl-ACP/CoA => biotin",0.666666666666667,0,0.666666666666667,0.166666666666667,0.666666666666667,0.166666666666667,0.666666666666667,0.166666666666667,0,0.666666666666667,0.666666666666667,0.666666666666667,0.666666666666667,0.666666666666667,0.666666666666667,0.5,0,0.666666666666667,0,0.166666666666667,0.666666666666667,0,0.666666666666667,0,0,0.666666666666667,0,0.666666666666667,0.666666666666667,0.166666666666667,0,0,0,0.666666666666667,0.666666666666667,0.666666666666667,0,0.666666666666667,0.666666666666667,0.666666666666667,0,0.666666666666667,0.666666666666667,0.666666666666667,0,0.666666666666667,0.666666666666667,0.666666666666667,0,0.666666666666667,0.5,0.666666666666667,0.166666666666667,0.666666666666667,0.333333333333333,0.666666666666667,0.666666666666667,0.166666666666667,0.666666666666667,0.166666666666667,0,0.666666666666667,0.666666666666667,0.666666666666667,0.666666666666667
"117",117,"M00124","Pyridoxal-P biosynthesis, erythrose-4P => pyridoxal-P",0.666666666666667,0.666666666666667,0.666666666666667,0.666666666666667,0.666666666666667,0.666666666666667,0.666666666666667,0.666666666666667,0,0.666666666666667,0.5,0.666666666666667,0.666666666666667,1,0.666666666666667,0.333333333333333,0.5,1,0.333333333333333,0.666666666666667,0.666666666666667,0.666666666666667,0.666666666666667,0.5,0.666666666666667,0.666666666666667,0.833333333333333,0.666666666666667,0.333333333333333,0.666666666666667,0.666666666666667,0.166666666666667,0,0.666666666666667,0.666666666666667,0.666666666666667,0,1,0.666666666666667,1,0.666666666666667,0.5,0.5,0.666666666666667,0,0.666666666666667,0.833333333333333,0.833333333333333,0.666666666666667,1,0,1,0.666666666666667,0.666666666666667,0.666666666666667,0.666666666666667,0.666666666666667,0.666666666666667,0.666666666666667,0.166666666666667,0.666666666666667,0.666666666666667,0.666666666666667,1,0.666666666666667
"118",118,"M00125","Riboflavin biosynthesis, plants and bacteria, GTP => riboflavin/FMN/FAD",0.388888888888889,0.388888888888889,0.444444444444444,0.444444444444444,0.388888888888889,0.388888888888889,0.444444444444444,0.444444444444444,0,0.333333333333333,0.333333333333333,0.333333333333333,0.388888888888889,0.5,0.333333333333333,0.277777777777778,0.388888888888889,0.5,0.333333333333333,0.388888888888889,0.388888888888889,0.333333333333333,0.333333333333333,0.333333333333333,0.388888888888889,0.388888888888889,0.333333333333333,0.333333333333333,0.277777777777778,0.0555555555555556,0.444444444444444,0,0,0.5,0.333333333333333,0.333333333333333,0,0.5,0.333333333333333,0.333333333333333,0.388888888888889,0.388888888888889,0.277777777777778,0.333333333333333,0.0555555555555556,0.388888888888889,0.333333333333333,0.333333333333333,0.388888888888889,0.444444444444444,0,0.5,0.277777777777778,0.333333333333333,0.333333333333333,0.333333333333333,0.333333333333333,0.444444444444444,0.444444444444444,0.111111111111111,0.388888888888889,0.333333333333333,0.333333333333333,0.5,0.5
"119",119,"M00126","Tetrahydrofolate biosynthesis, GTP => THF",0.5,0.5,0.5,0.555555555555556,0.5,0.444444444444444,0.555555555555556,0.444444444444444,0.111111111111111,0.555555555555556,0.388888888888889,0.5,0.5,0.444444444444444,0.555555555555556,0.333333333333333,0.444444444444444,0.444444444444444,0.5,0.555555555555556,0.388888888888889,0.5,0.555555555555556,0.222222222222222,0.5,0.444444444444444,0.166666666666667,0.555555555555556,0.444444444444444,0.444444444444444,0.555555555555556,0.0555555555555556,0.0555555555555556,0.5,0.666666666666667,0.444444444444444,0.166666666666667,0.444444444444444,0.388888888888889,0.277777777777778,0.5,0.555555555555556,0.333333333333333,0.555555555555556,0.0555555555555556,0.5,0.388888888888889,0.444444444444444,0.388888888888889,0.5,0.0555555555555556,0.5,0.444444444444444,0.444444444444444,0.444444444444444,0.444444444444444,0.555555555555556,0.5,0.5,0.388888888888889,0.611111111111111,0.388888888888889,0.555555555555556,0.5,0.5
"120",120,"M00127","Thiamine biosynthesis, prokaryotes, AIR (+ DXP/tyrosine) => TMP/TPP",0.545454545454545,0.545454545454545,0.545454545454545,0.545454545454545,0.545454545454545,0.181818181818182,0.545454545454545,0.454545454545455,0.0909090909090909,0.454545454545455,0.545454545454545,0.636363636363636,0.545454545454545,0.636363636363636,0.545454545454545,0.0909090909090909,0.545454545454545,0.636363636363636,0.181818181818182,0.545454545454545,0.545454545454545,0.0909090909090909,0.636363636363636,0.0909090909090909,0.545454545454545,0.545454545454545,0.0909090909090909,0.545454545454545,0.363636363636364,0.0909090909090909,0.181818181818182,0,0.272727272727273,0.545454545454545,0.545454545454545,0.0909090909090909,0,0.636363636363636,0.636363636363636,0.0909090909090909,0.0909090909090909,0.545454545454545,0.272727272727273,0,0,0.545454545454545,0.454545454545455,0,0.272727272727273,0.727272727272727,0,0.636363636363636,0.454545454545455,0.636363636363636,0.454545454545455,0.0909090909090909,0.545454545454545,0.0909090909090909,0.545454545454545,0.272727272727273,0.545454545454545,0.0909090909090909,0.545454545454545,0.636363636363636,0.545454545454545
"121",121,"M00128","Ubiquinone biosynthesis, eukaryotes, 4-hydroxybenzoate + polyprenyl-PP => ubiquinol",0.166666666666667,0.166666666666667,0.166666666666667,0.166666666666667,0.166666666666667,0,0.166666666666667,0.166666666666667,0.333333333333333,0.166666666666667,0.333333333333333,0,0.166666666666667,0.166666666666667,0.166666666666667,0,0.166666666666667,0.166666666666667,0,0.166666666666667,0.166666666666667,0,0,0,0.166666666666667,0.166666666666667,0,0.166666666666667,0.333333333333333,0,0.166666666666667,0.166666666666667,0.666666666666667,0.166666666666667,0.166666666666667,0,0.166666666666667,0.166666666666667,0,0.166666666666667,0.166666666666667,0,0,0,0,0.166666666666667,0,0.166666666666667,0.166666666666667,0,0.333333333333333,0.166666666666667,0.166666666666667,0,0.166666666666667,0,0.166666666666667,0.166666666666667,0.166666666666667,0.166666666666667,0.166666666666667,0,0.166666666666667,0.166666666666667,0.166666666666667
"122",122,"M00129","Ascorbate biosynthesis, animals, glucose-1P => ascorbate",0.285714285714286,0.142857142857143,0.285714285714286,0.428571428571429,0.428571428571429,0.714285714285714,0.285714285714286,0.571428571428571,0.142857142857143,0.428571428571429,0.142857142857143,0.285714285714286,0.142857142857143,0.285714285714286,0.285714285714286,0,0.142857142857143,0.142857142857143,0.285714285714286,0.428571428571429,0.428571428571429,0.142857142857143,0.142857142857143,0.285714285714286,0.142857142857143,0.142857142857143,0.285714285714286,0.285714285714286,0.142857142857143,0.142857142857143,0.285714285714286,0.285714285714286,0,0.285714285714286,0.285714285714286,0.142857142857143,0.285714285714286,0.285714285714286,0.142857142857143,0,0.285714285714286,0.428571428571429,0.285714285714286,0.428571428571429,0.142857142857143,0.285714285714286,0.142857142857143,0.142857142857143,0.714285714285714,0.428571428571429,0.142857142857143,0.285714285714286,0.571428571428571,0.285714285714286,0.428571428571429,0.428571428571429,0.285714285714286,0.285714285714286,0.285714285714286,0.142857142857143,0.571428571428571,0.142857142857143,0.428571428571429,0.285714285714286,0.285714285714286
"123",123,"M00130","Inositol phosphate metabolism, PI=> PIP2 => Ins(1,4,5)P3 => Ins(1,3,4,5)P4",0,0,0,0,0,0,0,0,0,0,0,0,0,0,0,0,0,0,0,0,0,0,0,0,0,0,0,0,0,0,0,0,0,0,0,0,0,0,0,0,0,0,0,0,0,0,0,0.0833333333333333,0,0,0,0,0,0,0,0,0,0,0,0,0,0,0,0,0
"124",124,"M00131","Inositol phosphate metabolism, Ins(1,3,4,5)P4 => Ins(1,3,4)P3 => myo-inositol",0.25,0.25,0.25,0.25,0.25,0.25,0.25,0.25,0.25,0.25,0.25,0.25,0.25,0.25,0.25,0,0.25,0.25,0.25,0.25,0.25,0.25,0.25,0.25,0.25,0.25,0.25,0.25,0.25,0.25,0.25,0.25,0.25,0.25,0,0.25,0.25,0.25,0,0.25,0.25,0.25,0.25,0.25,0,0.25,0.25,0.25,0.25,0.25,0.25,0.25,0.25,0,0.25,0,0.25,0.25,0.25,0.25,0.25,0,0.25,0.25,0.25
"125",125,"M00132","Inositol phosphate metabolism, Ins(1,3,4)P3 => phytate",0,0,0,0,0,0,0,0,0,0,0,0,0,0,0,0,0,0,0,0,0,0,0,0,0,0,0,0,0,0,0,0,0,0,0,0,0,0,0,0,0,0,0,0,0,0,0,0,0,0,0,0,0,0,0,0,0,0,0,0,0,0,0,0,0
"126",126,"M00133","Polyamine biosynthesis, arginine => agmatine => putrescine => spermidine",0.666666666666667,0.5,0.5,0.5,0.5,0.166666666666667,0.5,0.333333333333333,0.166666666666667,0.333333333333333,0.333333333333333,0.166666666666667,0.666666666666667,0.833333333333333,0.5,0.333333333333333,0.666666666666667,0.666666666666667,0,0.666666666666667,0.5,0.666666666666667,0.5,0.5,0.5,0.5,0.333333333333333,0.333333333333333,0,0.333333333333333,0.166666666666667,0,0,0.5,0.5,0.5,0,0.666666666666667,0.5,0.333333333333333,0.166666666666667,0.333333333333333,0.166666666666667,0.166666666666667,0.333333333333333,0.5,0.5,0.166666666666667,0.5,0.666666666666667,0.5,0.666666666666667,0.166666666666667,0.5,0,0.333333333333333,0.5,0.166666666666667,0.5,0.166666666666667,0.333333333333333,0.5,0.5,0.666666666666667,0.5
"127",127,"M00134","Polyamine biosynthesis, arginine => ornithine => putrescine",0.333333333333333,0.333333333333333,0,0.333333333333333,0.333333333333333,0,0.333333333333333,0.333333333333333,0,0.666666666666667,0.333333333333333,0.333333333333333,0.333333333333333,0.333333333333333,0.333333333333333,0,0.333333333333333,0.333333333333333,0.333333333333333,0.333333333333333,0.333333333333333,0.333333333333333,0.333333333333333,0,0.333333333333333,0,0,0,0,0.333333333333333,0.666666666666667,0,0,0.333333333333333,0.333333333333333,0,0,0.333333333333333,0.333333333333333,0,0.666666666666667,0,0,0,0,0,0.333333333333333,0.333333333333333,0.333333333333333,0.333333333333333,0,0.333333333333333,0.333333333333333,0.333333333333333,0.333333333333333,0,0.333333333333333,0.666666666666667,0,0,0.666666666666667,0,0.333333333333333,0.333333333333333,0.333333333333333
"128",128,"M00135","GABA biosynthesis, eukaryotes, putrescine => GABA",0.4,0.2,0.4,0.2,0.2,0.2,0.2,0.6,0.2,0.2,0,0.4,0.2,0.4,0.2,0.2,0.2,0.4,0.6,0.2,0.2,0.4,0.4,0.2,0.2,0.4,0.2,0.2,0.2,0.2,0.2,0,0.2,0.6,0,0.4,0,0.2,0.4,0.2,0.2,0.6,0.2,0.2,0,0.2,0.4,0,0.2,0.2,0.2,0.4,0.4,0.4,0.2,0.4,0.4,0.2,0.4,0.4,0.6,0.4,0.4,0.6,0.6
"129",129,"M00136","GABA biosynthesis, prokaryotes, putrescine => GABA",0,0.75,0.25,0.5,0.75,0,0.5,0.25,0,0.5,0,0,0,0.75,0.5,0,0.5,0.75,0,0,0.5,0,0,0,0.75,0,0,0,0,0,0.5,0,0,0,0.5,0,0,0.75,0,0,0.5,0.25,0,0,0,0,0,0.25,0.25,0.25,0,0.75,0.25,0,0.25,0,0.5,0.5,0.25,0,0.25,0,0.5,0.75,0
"130",130,"M00137","Flavanone biosynthesis, phenylalanine => naringenin",0,0,0,0,0,0,0,0,0,0,0,0,0,0,0,0,0,0,0,0,0,0,0,0,0,0,0,0,0,0,0,0,0,0,0,0,0,0,0,0,0,0,0,0,0,0,0,0,0,0,0,0,0,0,0,0,0,0.2,0,0,0,0,0,0,0
"131",131,"M00138","Flavonoid biosynthesis, naringenin => pelargonidin",0,0,0,0,0,0,0,0,0,0,0,0,0,0,0,0,0,0,0,0,0,0,0,0,0,0,0,0,0,0,0,0,0,0,0,0,0,0,0,0,0,0,0,0,0,0,0,0,0,0,0,0,0,0,0,0,0,0,0,0,0,0,0,0,0
"132",132,"M00140","C1-unit interconversion, prokaryotes",0.4,0.4,0.4,0.4,0.4,0.4,0.4,0.6,0.4,0.6,0.4,0.4,0.4,0.4,0.4,0.4,0.4,0.4,0.4,0.4,0.4,0.6,0.4,0.4,0.4,0.4,0.4,0.4,0.4,0.4,0.6,0.4,0.4,0.4,0.6,0.4,0.4,0.4,0.4,0.4,0.6,0.4,0.4,0.4,0.4,0.4,0.6,0.4,0.6,0.4,0.4,0.4,0.6,0.4,0.4,0.4,0.6,0.6,0.4,0.4,0.6,0.4,0.6,0.4,0.4
"133",133,"M00141","C1-unit interconversion, eukaryotes",0.25,0.25,0.25,0.25,0.25,0.25,0.25,0.25,0.25,0.25,0.25,0.25,0.25,0.25,0.25,0.25,0.25,0.25,0.25,0.25,0.25,0.25,0.25,0.25,0.25,0.25,0.25,0.25,0.25,0.25,0.25,0.25,0.25,0.25,0.25,0.25,0.25,0.25,0.25,0.25,0.25,0.25,0.25,0.25,0.25,0.25,0.25,0.25,0.25,0.25,0.25,0.25,0.25,0.25,0.25,0.25,0.25,0.25,0.25,0.25,0.25,0.25,0.25,0.25,0.25
"134",134,"M00142","NADH:ubiquinone oxidoreductase, mitochondria",0,0,0,0,0,0,0,0,0,0,0,0,0,0,0,0,0,0,0,0,0,0,0,0,0,0,0,0,0,0,0,0,0,0,0,0,0,0,0,0,0,0,0,0,0,0,0,0,0,0,0,0,0,0,0,0,0,0,0,0,0,0,0,0,0
"135",135,"M00143","NADH dehydrogenase (ubiquinone) Fe-S protein/flavoprotein complex, mitochondria",0,0,0,0.0909090909090909,0,0,0,0.0909090909090909,0.272727272727273,0.0909090909090909,0.363636363636364,0,0,0,0,0,0,0,0,0,0,0,0,0,0,0,0.0909090909090909,0,0.363636363636364,0,0.181818181818182,0.272727272727273,0,0,0,0,0,0,0,0,0.181818181818182,0,0,0,0,0,0,0,0.0909090909090909,0,0,0,0.0909090909090909,0,0,0,0,0.181818181818182,0,0,0.181818181818182,0,0,0,0
"136",136,"M00144","NADH:quinone oxidoreductase, prokaryotes",0.882352941176471,0.882352941176471,0.882352941176471,0.882352941176471,0.882352941176471,0.882352941176471,0.882352941176471,0.882352941176471,0.882352941176471,0.764705882352941,0.823529411764706,0.882352941176471,0.882352941176471,0.823529411764706,0.882352941176471,0.588235294117647,0.882352941176471,0.823529411764706,0,0.882352941176471,0.882352941176471,0.882352941176471,0.882352941176471,0.941176470588235,0.882352941176471,0.764705882352941,0.882352941176471,0.882352941176471,0.588235294117647,0.882352941176471,0.882352941176471,0.764705882352941,0,0.882352941176471,0.705882352941177,0.882352941176471,0,0.823529411764706,0.882352941176471,0.882352941176471,0.882352941176471,0.882352941176471,0.764705882352941,0.588235294117647,0,0.882352941176471,0.941176470588235,0.882352941176471,0.529411764705882,0.0588235294117647,0,0.823529411764706,0.882352941176471,0.882352941176471,0.647058823529412,0.882352941176471,0.882352941176471,0.882352941176471,0.882352941176471,0.647058823529412,0.882352941176471,0.882352941176471,0.882352941176471,0.823529411764706,0.882352941176471
"137",137,"M00145","NAD(P)H:quinone oxidoreductase, chloroplasts and cyanobacteria",0,0.0714285714285714,0.0714285714285714,0,0,0,0,0,0,0,0,0,0,0,0,0,0,0,0,0,0,0,0,0,0.0714285714285714,0,0.0714285714285714,0,0,0,0,0.0714285714285714,0.0714285714285714,0,0,0,0,0,0,0,0,0.0714285714285714,0,0,0,0,0,0.0714285714285714,0,0,0,0,0,0,0,0,0,0,0.0714285714285714,0,0,0,0,0,0
"138",138,"M00146","NADH dehydrogenase (ubiquinone) 1 alpha subcomplex",0,0,0,0,0,0,0,0,0,0,0,0,0,0,0,0,0,0,0,0,0,0,0,0,0,0,0,0,0,0.0714285714285714,0,0,0,0,0,0,0,0,0,0,0,0,0,0,0,0,0,0,0,0,0,0,0,0,0,0,0,0,0,0,0,0,0,0,0
"139",139,"M00147","NADH dehydrogenase (ubiquinone) 1 beta subcomplex",0,0,0,0,0,0,0,0,0,0,0,0,0,0,0,0,0,0,0,0,0,0,0,0,0,0,0,0,0,0,0,0,0,0,0,0,0,0,0,0,0,0,0,0,0,0,0,0,0,0,0,0,0,0,0,0,0,0,0,0,0,0,0,0,0
"140",140,"M00148","Succinate dehydrogenase (ubiquinone)",0,0,0,0,0,0,0,0,0,0,0,0,0,0,0,0,0,0,0,0,0,0,0,0,0,0,0,0,0,0,0,0.2,0,0,0,0,0,0,0,0,0,0,0,0,0,0,0,0,0,0,0,0,0,0,0,0,0,0,0,0,0,0,0,0,0
"141",141,"M00149","Succinate dehydrogenase, prokaryotes",0.666666666666667,0.666666666666667,0.666666666666667,0.666666666666667,0.666666666666667,0.5,0.666666666666667,0.666666666666667,0.666666666666667,0.666666666666667,0.666666666666667,0.5,0.666666666666667,0.666666666666667,0.666666666666667,0.5,0.666666666666667,0.666666666666667,0.666666666666667,0.666666666666667,0.666666666666667,0.5,0.5,0.5,0.666666666666667,0.5,0.666666666666667,0.666666666666667,0.5,0.5,0.666666666666667,0.5,0,0.666666666666667,0.666666666666667,0.5,0.666666666666667,0.666666666666667,0.5,0.666666666666667,0.666666666666667,0.666666666666667,0.333333333333333,0.5,0,0.666666666666667,0.5,0.666666666666667,0.666666666666667,0.666666666666667,0.5,0.666666666666667,0.666666666666667,0.5,0.666666666666667,0.5,0.666666666666667,0.666666666666667,0.666666666666667,0.666666666666667,0.666666666666667,0.5,0.666666666666667,0.666666666666667,0.666666666666667
"142",142,"M00150","Fumarate reductase, prokaryotes",0,0.25,0,0,0,0,0,0,0,0,0,0,0,0,0,0,0.25,0,0,0.25,0.25,0,0,0,0.25,0,0,0,0,0,0,0,0,0,0,0,0,0,0,0,0,0.25,0,0,0,0,0,0,0.25,0,0,0,0,0,0,0,0,0,0,0,0,0,0,0,0
"143",143,"M00151","Cytochrome bc1 complex respiratory unit",0.3,0.3,0.3,0.3,0.3,0,0.3,0.3,0.3,0.4,0.2,0,0.3,0.3,0.3,0,0.3,0.3,0.3,0.3,0.3,0,0,0,0.3,0.3,0.3,0.3,0.3,0,0.4,0,0,0.3,0.3,0,0.3,0.3,0,0.3,0.4,0.5,0,0,0,0.3,0,0.3,0.3,0.3,0,0.3,0.3,0,0.1,0,0.3,0.4,0.3,0,0.3,0,0.3,0.3,0.3
"144",144,"M00152","Cytochrome bc1 complex",0.3,0.3,0.3,0.3,0.3,0,0.3,0.3,0.3,0.3,0.2,0,0.3,0.3,0.3,0,0.3,0.3,0,0.3,0.3,0,0,0,0.3,0.3,0.3,0.3,0.2,0,0.3,0,0,0.3,0.3,0,0.3,0.3,0,0.3,0.3,0.1,0,0,0,0.3,0,0.3,0.3,0.3,0,0.3,0.3,0,0.1,0,0.3,0.3,0.3,0,0.2,0,0.3,0.3,0.3
"145",145,"M00153","Cytochrome bd ubiquinol oxidase",0,0,0.5,0,0,0,0.5,0.5,0,0.5,0.25,0.5,0.75,0.5,0.5,0,0,0.5,0.5,0.75,0.5,0,0,0.5,0,0.75,0.5,0.5,0,0,0,0.5,0,0.75,0.5,0.5,0.5,0.5,0,0.5,0,0.5,0.25,0.5,0,0.5,0.25,0.5,0,0.5,0.5,0.5,0.5,0,0.5,0,0.5,0.75,0.5,0.5,0.5,0.5,0.5,0.75,0
"146",146,"M00154","Cytochrome c oxidase",0.176470588235294,0.176470588235294,0.176470588235294,0.176470588235294,0.176470588235294,0.117647058823529,0.176470588235294,0.176470588235294,0.176470588235294,0.176470588235294,0.176470588235294,0.117647058823529,0.176470588235294,0.176470588235294,0.176470588235294,0.0588235294117647,0.117647058823529,0.176470588235294,0.117647058823529,0.176470588235294,0.176470588235294,0.117647058823529,0.117647058823529,0.117647058823529,0.176470588235294,0.176470588235294,0.176470588235294,0.176470588235294,0.176470588235294,0.117647058823529,0.176470588235294,0,0,0.176470588235294,0.176470588235294,0.117647058823529,0.176470588235294,0.176470588235294,0.117647058823529,0.117647058823529,0.176470588235294,0.117647058823529,0.117647058823529,0.117647058823529,0,0.176470588235294,0.117647058823529,0.176470588235294,0.176470588235294,0.176470588235294,0.0588235294117647,0.176470588235294,0.0588235294117647,0.117647058823529,0.176470588235294,0.117647058823529,0.176470588235294,0.176470588235294,0.176470588235294,0.176470588235294,0.0588235294117647,0.117647058823529,0.176470588235294,0.176470588235294,0.176470588235294
"147",147,"M00155","Cytochrome c oxidase, prokaryotes",0.5,0.5,0.5,0.5,0.666666666666667,0.5,0.5,0.5,0.5,0.5,0.333333333333333,0.5,0.666666666666667,0.666666666666667,0.5,0.5,0.5,0.5,0.5,0.666666666666667,0.666666666666667,0.5,0.5,0.666666666666667,0.5,0.5,0.5,0.5,0.5,0.5,0.5,0,0,0.5,0.333333333333333,0.5,0.5,0.5,0.5,0.5,0.5,0.5,0.5,0.5,0,0.5,0.5,0.5,0.5,0.666666666666667,0,0.666666666666667,0.166666666666667,0.5,0.5,0.5,0.5,0.5,0.5,0.5,0.333333333333333,0.5,0.5,0.5,0.5
"148",148,"M00156","Cytochrome c oxidase, cbb3-type",0.8,0.8,0.8,0.8,0.8,0.4,0.8,0.8,0,0.8,0.6,0.6,0.8,0.8,0.8,0.2,0.8,0.8,0,0,0.8,0.4,0.4,0.6,0.8,0.6,0,0.8,0,0.4,0.8,0,0,0.8,0.8,0.4,0,0.8,0.4,0,0.8,0,0.4,0.4,0,0.8,0.4,0,0.8,0.8,0,0.8,0.8,0.4,0,0.4,0.8,0.8,0.8,0.2,0.8,0.4,0.8,0.8,0.8
"149",149,"M00157","F-type ATPase, prokaryotes and chloroplasts",1,1,1,1,1,1,1,1,1,1,1,0.75,1,1,1,0.5,1,1,0.375,1,1,1,1,0.875,1,1,1,1,0.625,1,1,0.75,0.875,1,0.625,1,1,1,1,1,1,1,1,1,1,1,1,1,0.875,1,0,1,1,1,1,1,1,1,1,0.875,1,1,1,1,1
"150",150,"M00158","F-type ATPase, eukaryotes",0,0,0,0,0,0,0,0,0,0,0,0,0,0,0,0,0,0,0,0,0,0,0,0.05,0,0,0,0,0,0,0,0.05,0,0,0,0,0,0,0,0,0,0,0,0,0,0,0,0,0.05,0,0,0,0,0,0,0,0,0,0,0,0,0,0,0,0
"151",151,"M00159","V/A-type ATPase, prokaryotes",0,0,0,0,0,0,0,0,0,0,0,0,0,0,0,0,0,0,0,0,0,0,0,0,0,0,0,0,0,0,0,0.111111111111111,0,0,0,0,0,0,0,0,0,0,0,0,0,0,0,0,0,0,0.666666666666667,0,0,0,0,0,0,0,0,0,0,0,0,0,0
"152",152,"M00160","V-type ATPase, eukaryotes",0,0,0,0,0,0,0,0,0,0,0,0,0,0,0,0.0714285714285714,0,0,0,0,0,0,0,0,0,0,0,0,0,0,0,0,0,0,0,0,0,0,0,0,0,0,0,0,0,0,0,0,0,0,0,0,0,0,0,0,0,0,0,0,0,0,0,0,0
"153",153,"M00161","Photosystem II",0,0,0,0,0,0,0,0,0,0,0,0,0,0,0,0,0,0,0,0,0,0,0,0,0,0,0,0,0,0,0,0,0,0,0,0,0,0,0,0,0,0,0,0,0,0,0,0,0,0,0,0,0,0,0,0,0,0,0,0,0,0,0,0,0
"154",154,"M00162","Cytochrome b6f complex",0,0,0,0,0,0.125,0,0,0,0,0,0.125,0,0,0,0,0,0,0,0,0,0.125,0.125,0,0,0,0,0,0,0,0,0,0,0,0,0,0,0,0,0,0,0.25,0,0,0,0,0,0,0,0,0,0,0,0,0,0,0,0,0,0,0,0,0,0,0
"155",155,"M00163","Photosystem I",0,0,0,0,0,0,0,0,0,0,0,0,0,0,0,0,0,0,0,0,0,0,0,0,0,0,0,0,0,0,0,0,0,0,0,0,0,0,0,0,0,0,0,0,0,0,0,0,0,0,0,0,0,0,0,0,0,0,0,0,0,0,0,0,0
"156",156,"M00165","Reductive pentose phosphate cycle (Calvin cycle)",0.380952380952381,0.380952380952381,0.380952380952381,0.571428571428571,0.619047619047619,0.428571428571429,0.428571428571429,0.380952380952381,0.19047619047619,0.428571428571429,0.333333333333333,0.380952380952381,0.380952380952381,0.380952380952381,0.380952380952381,0.333333333333333,0.380952380952381,0.380952380952381,0.285714285714286,0.476190476190476,0.571428571428571,0.333333333333333,0.333333333333333,0.380952380952381,0.380952380952381,0.333333333333333,0.333333333333333,0.380952380952381,0.333333333333333,0.333333333333333,0.571428571428571,0.19047619047619,0.0476190476190476,0.380952380952381,0.380952380952381,0.333333333333333,0.333333333333333,0.333333333333333,0.380952380952381,0.380952380952381,0.619047619047619,0.380952380952381,0.428571428571429,0.428571428571429,0.333333333333333,0.380952380952381,0.380952380952381,0.333333333333333,0.380952380952381,0.428571428571429,0.285714285714286,0.380952380952381,0.380952380952381,0.380952380952381,0.380952380952381,0.380952380952381,0.380952380952381,0.761904761904762,0.380952380952381,0.333333333333333,0.476190476190476,0.380952380952381,0.380952380952381,0.380952380952381,0.380952380952381
"157",157,"M00168","CAM (Crassulacean acid metabolism), dark",0.5,0.5,0.5,0.5,0.5,0.5,0.5,0.25,0.25,0.25,0.25,0.25,0.5,0.25,0.5,0.5,0.5,0.25,0.5,0.5,0.5,0.25,0.25,0.5,0.5,0.25,0.25,0.5,0.25,0.5,0.25,0.25,0.25,0.5,0.5,0.25,0.25,0.25,0.25,0.25,0.25,0.5,0.5,0.5,0,0.25,0.5,0.25,0.5,0.5,0.25,0.25,0.25,0.25,0.25,0.5,0.5,0.25,0.5,0,0.5,0.5,0.5,0.25,0.5
"158",158,"M00169","CAM (Crassulacean acid metabolism), light",0.5,0.5,0.5,0.5,0.5,0.5,0.5,1,1,1,1,0.5,0.5,0.5,0.5,0.5,0.5,0.5,0,1,0.5,0.5,0.5,1,0.5,0.5,0,0.5,1,0.5,1,0.5,1,0.5,1,0.5,0.5,0.5,0.5,0.5,1,0,0.5,0.5,0,0.5,0.5,0.5,1,0.5,0.5,0.5,1,0.5,1,0.5,0.5,1,0.5,0.5,1,0.5,0.5,0.5,0.5
"159",159,"M00170","C4-dicarboxylic acid cycle, phosphoenolpyruvate carboxykinase type",0.5,0.25,0.25,0.25,0.25,0.5,0.25,0.25,0,0.25,0,0.25,0.25,0.5,0.25,0.5,0.25,0.5,0.25,0.25,0.25,0.25,0.25,0.25,0.25,0,0,0.25,0,0.5,0.25,0,0,0.25,0.25,0.5,0,0.5,0.25,0,0.25,0.25,0.5,0.5,0,0,0.25,0,0.25,0.5,0,0.5,0.25,0.25,0.25,0.5,0.25,0.25,0.25,0.25,0.5,0.5,0.25,0.5,0.25
"160",160,"M00171","C4-dicarboxylic acid cycle, NAD - malic enzyme type",0.111111111111111,0.111111111111111,0.111111111111111,0.111111111111111,0.111111111111111,0.111111111111111,0.111111111111111,0.111111111111111,0.111111111111111,0.111111111111111,0.111111111111111,0,0.111111111111111,0.111111111111111,0.111111111111111,0.111111111111111,0.111111111111111,0.111111111111111,0.111111111111111,0.222222222222222,0.111111111111111,0,0,0.222222222222222,0.111111111111111,0,0,0.111111111111111,0.111111111111111,0.111111111111111,0.111111111111111,0,0.111111111111111,0.111111111111111,0.222222222222222,0.111111111111111,0,0.111111111111111,0,0,0.111111111111111,0.111111111111111,0.111111111111111,0.111111111111111,0,0,0.222222222222222,0,0.222222222222222,0.111111111111111,0.111111111111111,0.111111111111111,0.111111111111111,0,0.111111111111111,0.111111111111111,0.111111111111111,0.111111111111111,0.111111111111111,0,0.222222222222222,0.111111111111111,0.111111111111111,0.111111111111111,0.111111111111111
"161",161,"M00172","C4-dicarboxylic acid cycle, NADP - malic enzyme type",0.5,0.5,0.5,0.5,0.5,0.5,0.5,0.5,0.5,0.5,0.5,0.25,0.5,0.5,0.5,0.5,0.5,0.5,0.25,0.75,0.5,0.25,0.25,0.75,0.5,0.25,0,0.5,0.5,0.5,0.5,0.25,0.5,0.5,0.75,0.5,0.25,0.5,0.25,0.25,0.5,0.25,0.5,0.5,0,0.25,0.5,0.25,0.75,0.5,0.25,0.5,0.5,0.25,0.5,0.5,0.5,0.5,0.5,0.25,0.75,0.5,0.5,0.5,0.5
"162",162,"M00173","Reductive citrate cycle (Arnon-Buchanan cycle)",0.375,0.325,0.35,0.35,0.325,0.325,0.4,0.375,0.275,0.3,0.275,0.3,0.35,0.375,0.375,0.25,0.325,0.375,0.325,0.4,0.35,0.325,0.275,0.3,0.325,0.275,0.275,0.3,0.2,0.3,0.3,0.225,0.05,0.325,0.35,0.275,0.25,0.35,0.275,0.325,0.3,0.375,0.2,0.3,0,0.325,0.375,0.35,0.325,0.325,0.275,0.375,0.375,0.3,0.3,0.275,0.35,0.3,0.35,0.2,0.375,0.25,0.35,0.375,0.325
"163",163,"M00174","Methane oxidation, methanotroph, methane => formaldehyde",0,0,0,0,0,0,0,0,0,0,0,0,0,0.0833333333333333,0,0,0,0,0,0,0,0,0,0,0,0,0,0,0,0,0,0,0,0,0,0,0,0,0,0,0,0,0,0,0,0,0,0,0,0,0,0.0833333333333333,0,0,0,0,0,0,0,0,0,0,0,0,0
"164",164,"M00175","Nitrogen fixation, nitrogen => ammonia",0,0,0,0.375,0,0,0,0,0,0,0,0,0,0,0,0,0,0,0,0,0,0,0,0,0,0,0,0,0,0,0,0,0,0,0,0,0,0,0,0,0,0,0,0,0,0,0,0,0,0,0,0,0,0,0,0,0,0,0,0,0,0,0,0,0
"165",165,"M00176","Assimilatory sulfate reduction, sulfate => H2S",0.818181818181818,0.727272727272727,0.909090909090909,0.545454545454545,0.636363636363636,0.636363636363636,0.545454545454545,0.454545454545455,0,0.454545454545455,0,0.727272727272727,0.818181818181818,0.909090909090909,0.636363636363636,0,0.818181818181818,0.818181818181818,0,0.818181818181818,0.636363636363636,0,0.818181818181818,0,0.727272727272727,0.454545454545455,0.0909090909090909,0.454545454545455,0,0,0.454545454545455,0,0,0.909090909090909,0.363636363636364,0.0909090909090909,0.272727272727273,0.454545454545455,0.727272727272727,0,0.272727272727273,0.636363636363636,0.454545454545455,0.363636363636364,0,0.636363636363636,0.727272727272727,0.363636363636364,0.181818181818182,0.818181818181818,0.0909090909090909,0.636363636363636,0.545454545454545,0.545454545454545,0.545454545454545,0.636363636363636,0.545454545454545,0.272727272727273,0.909090909090909,0.545454545454545,0.636363636363636,0.0909090909090909,0.545454545454545,0.636363636363636,0.909090909090909
"166",166,"M00307","Pyruvate oxidation, pyruvate => acetyl-CoA",0.25,0.416666666666667,0.333333333333333,0.25,0.25,0.333333333333333,0.25,0.416666666666667,0.333333333333333,0.416666666666667,0.333333333333333,0.333333333333333,0.25,0.416666666666667,0.25,0.166666666666667,0.25,0.25,0.416666666666667,0.416666666666667,0.25,0.333333333333333,0.333333333333333,0.25,0.416666666666667,0.333333333333333,0.416666666666667,0.25,0.333333333333333,0.333333333333333,0.333333333333333,0.333333333333333,0.333333333333333,0.25,0.25,0.333333333333333,0.25,0.25,0.333333333333333,0.333333333333333,0.333333333333333,0.416666666666667,0.333333333333333,0.333333333333333,0,0.25,0.333333333333333,0.416666666666667,0.333333333333333,0.25,0.333333333333333,0.25,0.416666666666667,0.333333333333333,0.416666666666667,0.333333333333333,0.25,0.333333333333333,0.25,0.166666666666667,0.333333333333333,0.333333333333333,0.25,0.25,0.25
"167",167,"M00308","Semi-phosphorylative Entner-Doudoroff pathway, gluconate => glycerate-3P",0.571428571428571,0.571428571428571,0.428571428571429,0.571428571428571,0.428571428571429,0.714285714285714,0.571428571428571,0.571428571428571,0,0.714285714285714,0.285714285714286,0.714285714285714,0.571428571428571,0.571428571428571,0.571428571428571,0.428571428571429,0.571428571428571,0.428571428571429,0.428571428571429,0.571428571428571,0.571428571428571,0.285714285714286,0.285714285714286,0.285714285714286,0.571428571428571,0.285714285714286,0.285714285714286,0.428571428571429,0.285714285714286,0.571428571428571,0.571428571428571,0.285714285714286,0,0.428571428571429,0.571428571428571,0.428571428571429,0.285714285714286,0.428571428571429,0.285714285714286,0.285714285714286,0.428571428571429,0.285714285714286,0.714285714285714,0.571428571428571,0.285714285714286,0.285714285714286,0.285714285714286,0.285714285714286,0.428571428571429,0.714285714285714,0.285714285714286,0.714285714285714,0.428571428571429,0.285714285714286,0.571428571428571,0.714285714285714,0.571428571428571,0.428571428571429,0.428571428571429,0.428571428571429,0.571428571428571,0.285714285714286,0.571428571428571,0.428571428571429,0.428571428571429
"168",168,"M00309","Non-phosphorylative Entner-Doudoroff pathway, gluconate/galactonate => glycerate",0,0,0,0.125,0,0,0,0,0,0,0,0,0,0,0,0,0,0,0,0,0,0,0,0,0,0,0,0,0,0,0,0,0,0,0,0,0,0,0,0,0,0,0,0,0,0.125,0,0,0,0,0,0,0,0,0,0,0,0,0,0,0,0,0,0,0
"169",169,"M00338","Cysteine biosynthesis, homocysteine + serine => cysteine",0.333333333333333,0,0,0,0.666666666666667,0.333333333333333,0,0,0,0,0.666666666666667,0.333333333333333,0.333333333333333,0,0,0.333333333333333,0,0,0.333333333333333,0,0,0.666666666666667,0.666666666666667,0.666666666666667,0,0.666666666666667,0.666666666666667,0,0.666666666666667,0.666666666666667,0,0,0,0.666666666666667,0,0.666666666666667,0,0,0.666666666666667,0.666666666666667,0,0.666666666666667,0.666666666666667,0.666666666666667,0,0,0,0.666666666666667,0.333333333333333,0,0,0,0,0.666666666666667,0,0.666666666666667,0,0,0,0.333333333333333,0,0.666666666666667,0,0,0.666666666666667
"170",170,"M00344","Formaldehyde assimilation, xylulose monophosphate pathway",0.5,0.5,0.5,0.5,0.5,0.5,0.5,0.25,0,0.5,0,0.5,0.5,0.5,0.5,0.5,0.5,0.5,0.25,0.5,0.5,0.25,0.25,0,0.5,0.25,0,0.5,0,0.25,0.5,0,0,0.5,0.5,0.5,0.25,0.5,0.5,0,0.75,0.5,0.5,0.25,0.25,0.5,0,0,0,0.5,0,0.5,0.25,0.5,0,0.5,0.5,0.75,0.5,0.25,0.25,0.5,0.5,0.5,0.5
"171",171,"M00345","Formaldehyde assimilation, ribulose monophosphate pathway",0.25,0.125,0.25,0.375,0.25,0.375,0.25,0.125,0,0.25,0,0.25,0.25,0.25,0.375,0.375,0.125,0.125,0.625,0.25,0.125,0.125,0.125,0.25,0.125,0.125,0.125,0.125,0,0.25,0.125,0.125,0,0.375,0.375,0.375,0.375,0.25,0.25,0.125,0.25,0.375,0.25,0.25,0.125,0.375,0.25,0.125,0,0.25,0.125,0.25,0.125,0.25,0,0.375,0.375,0.25,0.25,0.25,0.125,0.25,0.375,0.125,0.375
"172",172,"M00346","Formaldehyde assimilation, serine pathway",0.5,0.6,0.8,0.7,0.6,0.5,0.7,0.6,0.2,0.5,0.3,0.4,0.5,0.7,0.5,0.4,0.5,0.6,0.5,0.7,0.6,0.4,0.4,0.6,0.6,0.3,0.5,0.6,0.3,0.4,0.6,0.3,0.2,0.6,0.5,0.3,0.3,0.4,0.3,0.3,0.6,0.4,0.4,0.5,0.3,0.4,0.4,0.3,0.7,0.6,0.3,0.7,0.5,0.3,0.4,0.4,0.5,0.6,0.8,0.2,0.7,0.4,0.5,0.6,0.6
"173",173,"M00356","Methanogenesis, methanol => methane",0,0,0,0,0,0,0,0,0,0,0,0,0,0,0,0,0,0,0,0,0,0,0,0,0,0,0,0,0,0,0,0,0,0,0,0,0,0,0,0,0,0,0,0,0,0,0,0,0,0,0,0,0,0,0,0,0,0.272727272727273,0,0,0,0,0,0,0
"174",174,"M00357","Methanogenesis, acetate => methane",0.0303030303030303,0.0303030303030303,0.0909090909090909,0.0909090909090909,0.0303030303030303,0.0303030303030303,0.0303030303030303,0.0909090909090909,0,0.0909090909090909,0.0303030303030303,0.0303030303030303,0.0303030303030303,0.0606060606060606,0.0303030303030303,0.0303030303030303,0.0303030303030303,0.0606060606060606,0.0606060606060606,0.0909090909090909,0.0909090909090909,0.0303030303030303,0.0303030303030303,0.0303030303030303,0.0303030303030303,0.0303030303030303,0.0606060606060606,0.0303030303030303,0.0303030303030303,0.0303030303030303,0.0909090909090909,0,0,0.0909090909090909,0.0909090909090909,0.0303030303030303,0,0.0303030303030303,0.0303030303030303,0.0303030303030303,0.0606060606060606,0.0606060606060606,0.0303030303030303,0.0303030303030303,0,0.0303030303030303,0.0909090909090909,0.0909090909090909,0.0303030303030303,0.0303030303030303,0.0606060606060606,0.0303030303030303,0.0303030303030303,0.0303030303030303,0.0303030303030303,0.0303030303030303,0.0606060606060606,0.272727272727273,0.0909090909090909,0,0.0909090909090909,0.0303030303030303,0.0909090909090909,0.0606060606060606,0.0909090909090909
"175",175,"M00358","Coenzyme M biosynthesis",0,0,0,0,0,0.4,0,0,0,0,0,0.4,0,0,0,0,0,0,0.2,0,0,0.4,0.4,0,0,0,0,0,0,0.4,0,0,0,0,0,0,0,0,0,0,0,0.2,0.2,0.2,0,0,0,0,0,0,0,0,0,0.4,0,0,0,0,0,0.4,0,0,0,0,0
"176",176,"M00363","EHEC pathogenicity signature, Shiga toxin",0,0,0,0,0,0,0,0,0,0,0,0,0,0,0,0,0,0,0,0,0,0,0,0,0,0,0,0,0,0,0,0,0,0,0,0,0,0,0,0,0,0,0,0,0,0,0,0,0,0,0,0,0,0,0,0,0,0,0,0,0,0,0,0,0
"177",177,"M00364","C10-C20 isoprenoid biosynthesis, bacteria",0.25,0.25,0.25,0.25,0.25,0.25,0.25,0.25,0,0.25,0.25,0.25,0.25,0.75,0.25,0.5,0.25,0.75,0.75,0.25,0.25,0.5,0.5,0.75,0.25,0.25,0.75,0.25,0.25,0.25,0.25,0.25,0.25,0.25,0.25,0.5,0.5,0.75,0.5,0.5,0.25,0.25,0.25,0.5,0.25,0.25,0.25,0.5,0.5,0.5,0.25,0.75,0.25,0.5,0.25,0.5,0.25,0.25,0.25,0.25,0.25,0.5,0.25,0.75,0.25
"178",178,"M00365","C10-C20 isoprenoid biosynthesis, archaea",0,0,0,0,0,0,0,0,0,0,0,0,0,0.5,0,0.5,0,0.5,1,0,0,0.5,0.5,0.5,0,0,0.5,0,0,0,0,0.5,0.5,0,0,0.5,0.5,0.5,0.5,0.5,0,0.5,0.5,0.5,0.5,0,0,0.5,0,0,0,0.5,0,0.5,0,0.5,0,0,0,0,0,0.5,0,0.5,0
"179",179,"M00366","C10-C20 isoprenoid biosynthesis, plants",0,0,0,0,0,0.25,0,0,0,0,0,0.25,0,0.5,0,0.5,0,0.5,0.5,0,0,0.5,0.5,0.5,0,0,0.5,0,0,0.25,0,0.25,0.25,0,0,0.5,0.25,0.5,0.5,0.25,0,0,0.25,0.5,0,0,0,0.25,0.25,0.25,0.25,0.5,0,0.5,0,0.5,0,0,0,0.25,0,0.5,0,0.5,0
"180",180,"M00367","C10-C20 isoprenoid biosynthesis, non-plant eukaryotes",0,0,0,0,0,0,0,0,0,0,0,0,0,0.333333333333333,0,0.333333333333333,0,0.333333333333333,0.333333333333333,0,0,0.333333333333333,0.333333333333333,0.333333333333333,0,0,0.333333333333333,0,0,0,0,0.333333333333333,0.333333333333333,0,0,0.333333333333333,0.333333333333333,0.333333333333333,0.333333333333333,0.333333333333333,0,0,0.333333333333333,0.333333333333333,0,0,0,0.333333333333333,0,0,0,0.333333333333333,0,0.333333333333333,0,0.333333333333333,0,0,0,0,0,0.333333333333333,0,0.333333333333333,0
"181",181,"M00368","Ethylene biosynthesis, methionine => ethylene",0.25,0.25,0.25,0.25,0.25,0.25,0.25,0.25,0,0.25,0.25,0.25,0.25,0.25,0.25,0.25,0.25,0.25,0.25,0.25,0.25,0.25,0.25,0.25,0.25,0.25,0.25,0.25,0.25,0.25,0.25,0,0,0.25,0.25,0.25,0.25,0.25,0.25,0.25,0.25,0.25,0.25,0.25,0,0.25,0.25,0.25,0.25,0.25,0,0.25,0.25,0.25,0.25,0.25,0.25,0.25,0.25,0.25,0.25,0.25,0.25,0.25,0.25
"182",182,"M00369","Cyanogenic glycoside biosynthesis, tyrosine => dhurrin",0,0,0,0,0,0,0,0,0,0,0,0,0,0,0,0,0,0,0,0,0,0,0,0,0,0,0,0,0,0,0,0,0,0,0,0,0,0,0,0,0,0,0,0,0,0,0,0,0,0,0,0,0,0,0,0,0,0,0,0,0,0,0,0,0
"183",183,"M00370","Glucosinolate biosynthesis, tryptophan => glucobrassicin",0,0,0,0,0,0,0,0,0,0,0,0,0,0,0,0,0,0,0,0,0,0,0,0,0,0,0,0,0,0,0,0,0,0,0,0,0,0,0,0,0,0,0,0,0,0,0,0,0,0,0,0,0,0,0,0,0,0,0,0,0,0,0,0,0
"184",184,"M00371","Castasterone biosynthesis, campesterol => castasterone",0,0,0,0,0,0,0,0,0,0,0,0,0,0,0,0,0,0,0,0,0,0,0,0,0,0,0,0,0,0,0,0,0,0,0,0,0,0,0,0,0,0,0,0,0,0,0,0,0,0,0,0,0,0,0,0,0,0,0,0,0,0,0,0,0
"185",185,"M00372","Abscisic acid biosynthesis, beta-carotene => abscisic acid",0,0,0,0,0,0.142857142857143,0,0,0,0,0,0.142857142857143,0,0,0,0.142857142857143,0,0,0,0,0,0.142857142857143,0,0,0,0,0,0,0,0.142857142857143,0,0,0,0,0,0.142857142857143,0,0,0.142857142857143,0,0,0,0.142857142857143,0,0,0,0,0,0,0,0,0,0,0.142857142857143,0.142857142857143,0.142857142857143,0,0,0,0,0,0.142857142857143,0,0,0
"186",186,"M00373","Ethylmalonyl pathway",0.384615384615385,0.384615384615385,0.384615384615385,0.538461538461538,0.461538461538462,0.461538461538462,0.538461538461538,0.923076923076923,0.307692307692308,0.461538461538462,0.307692307692308,0.461538461538462,0.384615384615385,0.153846153846154,0.384615384615385,0.307692307692308,0.384615384615385,0.0769230769230769,0.230769230769231,0.461538461538462,0.538461538461538,0.307692307692308,0.538461538461538,0.461538461538462,0.384615384615385,0.153846153846154,0.153846153846154,0.230769230769231,0.307692307692308,0.153846153846154,1,0.153846153846154,0.153846153846154,0.153846153846154,0.384615384615385,0.384615384615385,0.153846153846154,0.0769230769230769,0.384615384615385,0.153846153846154,1,0.384615384615385,0.230769230769231,0.307692307692308,0,0.384615384615385,0.538461538461538,0.230769230769231,0.692307692307692,0.0769230769230769,0,0.0769230769230769,0.923076923076923,0.384615384615385,0.461538461538462,0.230769230769231,0.384615384615385,1,0.384615384615385,0.0769230769230769,1,0.230769230769231,0.461538461538462,0.0769230769230769,0.153846153846154
"187",187,"M00374","Dicarboxylate-hydroxybutyrate cycle",0.416666666666667,0.375,0.375,0.375,0.291666666666667,0.333333333333333,0.375,0.333333333333333,0.291666666666667,0.291666666666667,0.291666666666667,0.291666666666667,0.375,0.333333333333333,0.375,0.291666666666667,0.375,0.333333333333333,0.375,0.416666666666667,0.416666666666667,0.291666666666667,0.333333333333333,0.333333333333333,0.375,0.333333333333333,0.333333333333333,0.375,0.208333333333333,0.333333333333333,0.291666666666667,0.25,0.0833333333333333,0.375,0.375,0.291666666666667,0.291666666666667,0.333333333333333,0.291666666666667,0.333333333333333,0.291666666666667,0.375,0.25,0.333333333333333,0,0.375,0.416666666666667,0.333333333333333,0.333333333333333,0.375,0.291666666666667,0.333333333333333,0.333333333333333,0.333333333333333,0.291666666666667,0.375,0.375,0.291666666666667,0.375,0.208333333333333,0.416666666666667,0.333333333333333,0.375,0.333333333333333,0.375
"188",188,"M00375","Hydroxypropionate-hydroxybutylate cycle",0.05,0.05,0.1,0.05,0.05,0.1,0.1,0.1,0.05,0.1,0.05,0.1,0.05,0.05,0.05,0.05,0.05,0.05,0.05,0.1,0.2,0.2,0.1,0.2,0.05,0.05,0.05,0.05,0.05,0.2,0.1,0.05,0.05,0.05,0.05,0.1,0.05,0.05,0.1,0.05,0.1,0.1,0.1,0.2,0,0.1,0.1,0.05,0.15,0.05,0,0.05,0.1,0.1,0.05,0.1,0.05,0.1,0.1,0.05,0.1,0.1,0.1,0.05,0.05
"189",189,"M00376","3-Hydroxypropionate bi-cycle",0.428571428571429,0.380952380952381,0.571428571428571,0.523809523809524,0.523809523809524,0.476190476190476,0.571428571428571,0.619047619047619,0.19047619047619,0.476190476190476,0.19047619047619,0.476190476190476,0.476190476190476,0.380952380952381,0.523809523809524,0.428571428571429,0.380952380952381,0.380952380952381,0.19047619047619,0.523809523809524,0.666666666666667,0.523809523809524,0.476190476190476,0.380952380952381,0.380952380952381,0.380952380952381,0.380952380952381,0.333333333333333,0.0952380952380952,0.523809523809524,0.571428571428571,0.333333333333333,0.19047619047619,0.380952380952381,0.428571428571429,0.476190476190476,0.333333333333333,0.333333333333333,0.428571428571429,0.380952380952381,0.571428571428571,0.523809523809524,0.380952380952381,0.523809523809524,0,0.523809523809524,0.333333333333333,0.380952380952381,0.619047619047619,0.380952380952381,0.380952380952381,0.380952380952381,0.619047619047619,0.428571428571429,0.476190476190476,0.476190476190476,0.428571428571429,0.571428571428571,0.571428571428571,0.380952380952381,0.619047619047619,0.428571428571429,0.476190476190476,0.380952380952381,0.380952380952381
"190",190,"M00377","Reductive acetyl-CoA pathway (Wood-Ljungdahl pathway)",0.1875,0.1875,0.125,0.125,0.1875,0.125,0.125,0.1875,0.0625,0.1875,0.125,0.125,0.1875,0.125,0.125,0.125,0.125,0.125,0.0625,0.1875,0.1875,0.1875,0.125,0.125,0.1875,0.125,0.0625,0.125,0.125,0.125,0.1875,0.0625,0.0625,0.125,0.25,0.125,0.0625,0.125,0.125,0.0625,0.1875,0.125,0.125,0.125,0.0625,0.1875,0.1875,0.0625,0.1875,0.0625,0.0625,0.125,0.1875,0.125,0.125,0.125,0.1875,0.1875,0.125,0.0625,0.1875,0.125,0.1875,0.125,0.125
"191",191,"M00378","F420 biosynthesis, archaea",0,0,0,0,0,0,0,0,0,0,0,0,0,0,0,0,0,0,0.6,0,0,0,0,0.2,0,0,0,0,0,0,0,0.2,0,0,0,0,0.2,0,0,0,0,0.6,0,0,0,0,0.4,0,0,0,0.2,0,0,0,0,0,0,0,0,0.2,0,0,0,0,0
"192",192,"M00415","Fatty acid elongation in endoplasmic reticulum",0,0,0,0,0,0,0,0,0,0,0,0,0,0,0,0,0,0,0,0,0,0,0,0,0,0,0,0,0,0,0,0,0,0,0,0,0,0,0,0,0,0,0,0,0,0,0,0,0,0,0,0,0,0,0,0,0,0,0,0,0,0,0,0,0
"193",193,"M00416","Cytochrome aa3-600 menaquinol oxidase",0,0,0,0,0,0,0,0,0,0,0,0,0,0,0,0,0,0,0,0,0,0,0,0,0,0,0,0,0,0,0,0,0,0,0,0,0,0,0,0,0,0,0,0,0,0,0,0,0,0,0,0,0,0,0,0,0,0,0,0,0,0,0,0,0
"194",194,"M00417","Cytochrome o ubiquinol oxidase",1,1,1,0,1,0,0,0.75,0,1,0,0,1,0,0,0,1,0,0.25,1,0,0,0,0.5,1,1,0,1,0,0,0,0,0,1,0,0,0.25,0,0,0,0,0.25,0,0,0,0,0,1,0,0,1,1,0.75,0,0,0,0,0,1,0.25,1,0,0,0,1
"195",195,"M00418","Toluene degradation, anaerobic, toluene => benzoyl-CoA",0,0,0.111111111111111,0,0,0,0.111111111111111,0,0,0,0,0,0,0,0,0,0,0,0,0.333333333333333,0.111111111111111,0,0,0,0,0,0,0,0,0,0,0,0,0,0,0,0,0,0,0,0,0,0,0,0,0,0,0,0,0,0,0,0,0,0,0,0,0,0.222222222222222,0,0,0,0,0,0
"196",196,"M00419","Cymene degradation, p-cymene => p-cumate",0,0,0,0,0,0,0,0,0,0,0,0,0,0,0,0,0,0,0,0.25,0,0,0,0,0,0,0,0,0,0,0,0,0,0,0,0,0,0,0,0,0,0,0,0,0,0,0,0,0,0,0,0,0,0,0,0,0,0,0,0,0.25,0,0,0,0
"197",197,"M00422","Acetyl-CoA pathway, CO2 => acetyl-CoA",0,0,0,0,0,0,0,0,0,0,0,0,0,0,0,0,0,0,0,0,0,0,0,0,0,0,0,0,0,0,0,0,0,0,0,0,0,0,0,0,0,0,0,0,0,0,0,0,0,0,0,0,0,0,0,0,0,0,0,0,0,0,0,0,0
"198",198,"M00432","Leucine biosynthesis, 2-oxoisovalerate => 2-oxoisocaproate",0.8,0.8,0.8,0.8,0.8,0.8,0.8,0.8,0,0.8,1,0.8,0.8,0.8,0.8,0.2,0.8,0.8,0.8,0.8,0.8,0.2,0,0,0.8,0.6,0.2,0.8,0.8,0.2,0.8,0,0,0.8,0.8,0.8,0,0.8,0,0,0.8,0.8,0.6,0.8,0,0.8,0.6,0,0.8,0.8,0,0.8,0.8,0,0.8,0,0.8,0.8,0.8,0.6,0.8,0,0.8,0.8,0.8
"199",199,"M00433","Lysine biosynthesis, 2-oxoglutarate => 2-oxoadipate",0,0,0,0,0,0,0,0,0,0,0,0,0,0,0,0,0,0,0,0.166666666666667,0,0,0,0,0,0,0,0,0,0,0,0,0,0,0,0,0,0,0,0,0,0,0,0,0,0,0,0,0,0,0,0,0,0,0,0,0,0,0,0,0,0,0,0,0
"200",200,"M00525","Lysine biosynthesis, acetyl-DAP pathway, aspartate => lysine",0.666666666666667,0.666666666666667,0.666666666666667,0.666666666666667,0.666666666666667,0.666666666666667,0.666666666666667,0.666666666666667,0.444444444444444,0.666666666666667,0.666666666666667,0.666666666666667,0.666666666666667,0.666666666666667,0.666666666666667,0.333333333333333,0.666666666666667,0.666666666666667,0.555555555555556,0.666666666666667,0.666666666666667,0.666666666666667,0.666666666666667,0.666666666666667,0.666666666666667,0.555555555555556,0.555555555555556,0.666666666666667,0.666666666666667,0.666666666666667,0.666666666666667,0.666666666666667,0.555555555555556,0.666666666666667,0.666666666666667,0.666666666666667,0.555555555555556,0.444444444444444,0.666666666666667,0.444444444444444,0.666666666666667,0.666666666666667,0.666666666666667,0.666666666666667,0.222222222222222,0.666666666666667,0.666666666666667,0.444444444444444,0.777777777777778,0.666666666666667,0.555555555555556,0.666666666666667,0.666666666666667,0.666666666666667,0.444444444444444,0.666666666666667,0.666666666666667,0.666666666666667,0.666666666666667,0.444444444444444,0.666666666666667,0.666666666666667,0.666666666666667,0.666666666666667,0.666666666666667
"201",201,"M00526","Lysine biosynthesis, DAP dehydrogenase pathway, aspartate => lysine",0.7,0.5,0.6,0.5,0.5,0.6,0.5,0.5,0.4,0.5,0.5,0.6,0.5,0.6,0.5,0.3,0.5,0.6,0.5,0.5,0.5,0.5,0.5,0.6,0.5,0.5,0.4,0.5,0.5,0.6,0.5,0.5,0.4,0.6,0.5,0.6,0.4,0.4,0.6,0.5,0.5,0.6,0.6,0.6,0.2,0.5,0.5,0.5,0.5,0.7,0.4,0.6,0.5,0.5,0.4,0.6,0.5,0.5,0.6,0.4,0.5,0.6,0.5,0.6,0.6
"202",202,"M00527","Lysine biosynthesis, DAP aminotransferase pathway, aspartate => lysine",0.636363636363636,0.545454545454545,0.636363636363636,0.545454545454545,0.545454545454545,0.727272727272727,0.545454545454545,0.545454545454545,0.363636363636364,0.545454545454545,0.545454545454545,0.727272727272727,0.545454545454545,0.636363636363636,0.545454545454545,0.272727272727273,0.545454545454545,0.636363636363636,0.545454545454545,0.545454545454545,0.545454545454545,0.545454545454545,0.545454545454545,0.636363636363636,0.545454545454545,0.545454545454545,0.454545454545455,0.545454545454545,0.545454545454545,0.636363636363636,0.545454545454545,0.545454545454545,0.454545454545455,0.636363636363636,0.545454545454545,0.727272727272727,0.454545454545455,0.454545454545455,0.727272727272727,0.545454545454545,0.545454545454545,0.636363636363636,0.636363636363636,0.636363636363636,0.181818181818182,0.545454545454545,0.545454545454545,0.545454545454545,0.545454545454545,0.727272727272727,0.545454545454545,0.636363636363636,0.545454545454545,0.545454545454545,0.363636363636364,0.636363636363636,0.545454545454545,0.545454545454545,0.636363636363636,0.363636363636364,0.545454545454545,0.727272727272727,0.545454545454545,0.636363636363636,0.636363636363636
"203",203,"M00528","Nitrification, ammonia => nitrite",0,0,0,0,0,0,0,0,0,0,0,0,0,0,0,0,0,0,0,0,0,0,0,0,0,0,0,0,0,0,0,0,0,0,0,0,0,0,0,0,0,0,0,0,0,0,0,0,0,0,0,0,0,0,0,0,0,0,0,0,0,0,0,0,0
"204",204,"M00529","Denitrification, nitrate => nitrogen",0.5,0,0,0.3,0.9,0.1,0.4,0,0,0.9,0,0.2,0.3,0.3,0.6,0,0.3,0,0,0,0,0,0.1,0,0,0,0,0,0,0,0.1,0,0,0,0.6,0,0,0,0,0,0,0.1,0.2,0,0,0,0.3,0,0,0.3,0,0.2,0.3,0.2,0,0,0.6,0,0,0.2,0.1,0,0.7,0.6,0.3
"205",205,"M00530","Dissimilatory nitrate reduction, nitrate => ammonia",0.555555555555556,0.222222222222222,0.222222222222222,0.555555555555556,0.777777777777778,0.222222222222222,0.555555555555556,0.222222222222222,0,0.777777777777778,0,0.222222222222222,0.555555555555556,0.222222222222222,0.555555555555556,0,0.555555555555556,0.222222222222222,0,0.222222222222222,0.222222222222222,0,0,0.111111111111111,0.222222222222222,0,0,0.222222222222222,0,0,0.333333333333333,0,0,0,0.222222222222222,0,0,0,0,0,0.222222222222222,0.333333333333333,0,0.222222222222222,0,0.222222222222222,0,0,0.111111111111111,0.555555555555556,0,0.444444444444444,0.555555555555556,0,0,0,0.222222222222222,0,0.222222222222222,0.222222222222222,0.222222222222222,0,0.222222222222222,0.555555555555556,0.333333333333333
"206",206,"M00531","Assimilatory nitrate reduction, nitrate => ammonia",0.111111111111111,0.111111111111111,0.111111111111111,0.111111111111111,0.111111111111111,0.111111111111111,0.111111111111111,0.222222222222222,0,0.111111111111111,0,0.111111111111111,0.111111111111111,0.111111111111111,0.111111111111111,0,0.111111111111111,0.111111111111111,0,0.111111111111111,0.111111111111111,0,0,0,0.111111111111111,0,0,0.111111111111111,0,0,0.111111111111111,0,0,0,0,0,0,0,0.111111111111111,0,0.111111111111111,0.111111111111111,0,0.111111111111111,0,0.111111111111111,0.111111111111111,0,0.222222222222222,0.111111111111111,0,0.222222222222222,0.222222222222222,0,0,0,0,0,0.111111111111111,0.111111111111111,0.222222222222222,0,0,0.111111111111111,0
"207",207,"M00532","Photorespiration",0.333333333333333,0.333333333333333,0.466666666666667,0.4,0.533333333333333,0.4,0.466666666666667,0.466666666666667,0.133333333333333,0.4,0.133333333333333,0.4,0.4,0.466666666666667,0.333333333333333,0.266666666666667,0.333333333333333,0.333333333333333,0.333333333333333,0.533333333333333,0.533333333333333,0.333333333333333,0.4,0.4,0.333333333333333,0.333333333333333,0.333333333333333,0.266666666666667,0.133333333333333,0.333333333333333,0.4,0.133333333333333,0.133333333333333,0.4,0.333333333333333,0.4,0.2,0.333333333333333,0.333333333333333,0.333333333333333,0.4,0.4,0.4,0.466666666666667,0.0666666666666667,0.4,0.466666666666667,0.333333333333333,0.4,0.4,0.2,0.466666666666667,0.4,0.333333333333333,0.266666666666667,0.4,0.333333333333333,0.533333333333333,0.466666666666667,0.333333333333333,0.4,0.333333333333333,0.333333333333333,0.333333333333333,0.4
"208",208,"M00533","Homoprotocatechuate degradation, homoprotocatechuate => 2-oxohept-3-enedioate",1,0.75,0,1,0,0,0,0.5,0,0.75,0.25,0,0.75,1,0,0,0.25,0,0.25,0.75,1,0,0,0,0.75,0,0,0.25,0.25,0,0,0,0,0,0,0,0,0,0,0,0.5,0,0,0,0,0,0,0,0.25,0,0,0.25,0.5,0,0,0,0,0,0,0,0.25,0,0,0,0
"209",209,"M00534","Naphthalene degradation, naphthalene => salicylate",0.222222222222222,0.111111111111111,0.111111111111111,0.333333333333333,0.111111111111111,0,0.111111111111111,0.222222222222222,0,0.111111111111111,0,0,0,0.222222222222222,0,0,0,0.111111111111111,0,0.222222222222222,0.111111111111111,0,0,0,0.111111111111111,0,0,0,0,0,0,0,0,0,0.111111111111111,0,0,0.111111111111111,0,0,0.111111111111111,0,0,0,0,0,0,0,0,0,0,0.222222222222222,0.111111111111111,0,0,0,0.111111111111111,0.111111111111111,0.111111111111111,0,0,0,0.111111111111111,0.111111111111111,0
"210",210,"M00535","Isoleucine biosynthesis, pyruvate => 2-oxobutanoate",0.75,0.75,0.75,0.75,0.75,1,0.75,0.75,0,0.75,0.75,1,0.75,0.75,0.75,0.25,0.75,0.75,0.75,0.75,0.75,0.25,0,0,0.75,0.75,0,0.75,0.75,0.25,0.75,0,0,0.75,0.75,0.75,0,0.75,0,0,0.75,0.75,0.5,0.75,0,0.75,1,0,0.75,0.75,0,0.75,0.75,0,0.75,0,0.75,0.75,0.75,0.5,0.75,0,0.75,0.75,0.75
"211",211,"M00537","Xylene degradation, xylene => methylbenzoate",0.25,0.25,0.25,0,0.25,0,0.25,0,0,0,0,0,0.25,0,0,0,0.25,0,0.25,0.5,0.25,0,0,0,0.25,0,0,0,0,0,0,0,0,0,0,0,0,0,0,0,0,0.5,0,0,0,0,0,0,0,0,0,0,0,0,0,0,0,0,0,0,0,0,0,0,0
"212",212,"M00538","Toluene degradation, toluene => benzoate",0.125,0.125,0.125,0.125,0.125,0,0.125,0,0,0.125,0,0,0.125,0,0,0,0.125,0,0.125,0.375,0.125,0,0,0,0.125,0,0,0,0,0,0,0,0,0.375,0,0,0,0,0,0,0,0.25,0,0,0,0,0.125,0,0,0,0,0,0,0,0,0,0,0,0,0,0,0,0,0,0
"213",213,"M00539","Cumate degradation, p-cumate => 2-oxopent-4-enoate + 2-methylpropanoate",0,0,0,0,0,0,0,0,0,0,0,0,0.125,0,0,0,0,0,0,0,0,0,0,0,0,0,0,0,0,0,0,0,0,0,0,0,0,0,0,0,0,0,0,0,0,0,0,0,0,0,0,0,0,0,0,0,0,0,0,0,0,0,0,0,0
"214",214,"M00540","Benzoate degradation, cyclohexanecarboxylic acid =>pimeloyl-CoA",0,0,0.2,0.2,0.4,0,0.2,0.2,0,0,0,0,0,0,0.4,0,0.2,0,0,0.8,0.6,0,0,0,0,0,0,0,0,0,0.2,0,0,0,0.4,0,0,0,0,0,0,0,0,0,0,0.2,0,0,0,0,0,0,0.4,0,0,0,0.4,0,0.2,0,0,0,0.4,0,0
"215",215,"M00541","Benzoyl-CoA degradation, benzoyl-CoA => 3-hydroxypimeloyl-CoA",0,0,0,0,0,0,0,0,0,0,0,0,0,0.111111111111111,0,0,0,0,0,0,0,0,0,0,0,0,0,0,0,0,0,0,0,0,0,0,0,0,0,0,0,0,0,0,0,0,0,0,0,0,0,0,0,0,0,0,0,0,0,0,0,0,0,0,0
"216",216,"M00542","EHEC/EPEC pathogenicity signature, T3SS and effectors",0.0588235294117647,0.117647058823529,0.0588235294117647,0.0588235294117647,0.529411764705882,0,0.117647058823529,0,0,0,0,0,0.0588235294117647,0,0.0588235294117647,0,0.117647058823529,0,0,0,0.117647058823529,0,0,0.117647058823529,0.117647058823529,0,0,0.352941176470588,0,0,0,0,0,0.0588235294117647,0.0588235294117647,0,0,0,0,0.0588235294117647,0,0,0,0,0,0.0588235294117647,0,0.0588235294117647,0,0,0.470588235294118,0,0,0,0,0,0.529411764705882,0,0.0588235294117647,0,0,0,0.529411764705882,0,0.0588235294117647
"217",217,"M00543","Biphenyl degradation, biphenyl => 2-oxopent-4-enoate + benzoate",0,0,0,0,0,0,0,0,0,0,0,0,0,0,0,0,0,0,0.142857142857143,0.142857142857143,0,0,0,0,0,0,0,0,0,0,0,0,0,0,0,0,0,0,0,0,0,0,0,0,0,0,0,0,0,0,0,0,0,0,0,0,0,0,0,0,0,0,0,0,0
"218",218,"M00544","Carbazole degradation, carbazole => 2-oxopent-4-enoate + anthranilate",0,0,0,0,0,0,0,0,0,0,0,0,0,0,0,0,0,0,0,0,0,0,0,0,0,0,0,0,0,0,0,0,0,0,0,0,0,0,0,0,0,0,0,0,0,0,0,0,0,0,0,0,0,0,0,0,0,0,0,0,0,0,0,0,0
"219",219,"M00545","Trans-cinnamate degradation, trans-cinnamate => acetyl-CoA",0.363636363636364,0.0909090909090909,0.272727272727273,0.454545454545455,0.0909090909090909,0,0.181818181818182,0.181818181818182,0,0.272727272727273,0,0,0.181818181818182,0.454545454545455,0.0909090909090909,0,0.0909090909090909,0,0.272727272727273,0.727272727272727,0.272727272727273,0,0,0,0.0909090909090909,0.0909090909090909,0,0.181818181818182,0,0.0909090909090909,0.181818181818182,0,0,0.181818181818182,0,0,0,0,0,0,0.181818181818182,0.636363636363636,0.0909090909090909,0.0909090909090909,0,0,0.0909090909090909,0,0.0909090909090909,0.0909090909090909,0,0.272727272727273,0.181818181818182,0,0.0909090909090909,0,0.0909090909090909,0.181818181818182,0.272727272727273,0,0,0,0.0909090909090909,0,0.0909090909090909
"220",220,"M00546","Purine degradation, xanthine => urea",0.142857142857143,0.142857142857143,0.142857142857143,0.142857142857143,0.142857142857143,0.0952380952380952,0.142857142857143,0.142857142857143,0,0.380952380952381,0,0.0476190476190476,0.142857142857143,0.476190476190476,0.142857142857143,0,0.142857142857143,0.285714285714286,0.19047619047619,0.333333333333333,0.285714285714286,0,0,0,0.142857142857143,0,0,0,0,0.19047619047619,0.142857142857143,0,0,0.238095238095238,0.142857142857143,0,0,0.142857142857143,0,0,0.142857142857143,0.19047619047619,0,0.142857142857143,0,0.142857142857143,0.285714285714286,0,0.142857142857143,0,0,0.285714285714286,0.285714285714286,0,0,0,0.142857142857143,0.142857142857143,0.142857142857143,0.0476190476190476,0.19047619047619,0,0.142857142857143,0.285714285714286,0.238095238095238
"221",221,"M00547","Benzene/toluene degradation, benzene => catechol / toluene => 3-methylcatechol",0,0,0,0,0,0,0,0,0,0,0,0,0,0,0,0,0,0,0,0.2,0,0,0,0,0,0,0,0,0,0,0,0,0,0,0,0,0,0,0,0,0,0,0,0,0,0,0,0,0,0,0,0,0,0,0,0,0,0,0,0,0,0,0,0,0
"222",222,"M00548","Benzene degradation, benzene => catechol",0,0,0,1,0,0,0,0,0,0,0,0,0,0,0,0,0,0,0,1,0,0,0,0,0,0,0,0,0,0,0,0,0,0,0,0,0,0,0,0,0,0,0,0,0,0,0,0,0,0,0,0,0,0,0,0,0,0.166666666666667,0,0,0,0,0,0,0
"223",223,"M00549","Nucleotide sugar biosynthesis, glucose => UDP-glucose",0.4,0.3,0.4,0.4,0.4,0.3,0.4,0.2,0,0.3,0.2,0.2,0.4,0.3,0.4,0,0.3,0.4,0.3,0.4,0.4,0.1,0.1,0.2,0.3,0.4,0.2,0.4,0,0.2,0.3,0.1,0,0.4,0.4,0.1,0.2,0.4,0.1,0.1,0.3,0.4,0.3,0.3,0,0.3,0.3,0.1,0.2,0.3,0.2,0.4,0.2,0.2,0.2,0.1,0.4,0.3,0.4,0.3,0.3,0.1,0.4,0.4,0.4
"224",224,"M00550","Ascorbate degradation, ascorbate => D-xylulose-5P",0.285714285714286,0.142857142857143,0.142857142857143,0.142857142857143,0.142857142857143,0.285714285714286,0.142857142857143,0,0,0,0,0,0.142857142857143,0,0.142857142857143,0,0.142857142857143,0,0.285714285714286,0.285714285714286,0.142857142857143,0,0,0,0.142857142857143,0.142857142857143,0.142857142857143,0,0,0,0,0,0,0.142857142857143,0.142857142857143,0.142857142857143,0,0,0,0,0,0,0.142857142857143,0,0,0.142857142857143,0,0,0,0,0,0,0,0.142857142857143,0,0,0.142857142857143,0,0.142857142857143,0,0,0,0.285714285714286,0,0.142857142857143
"225",225,"M00551","Benzoate degradation, benzoate => catechol / methylbenzoate => methylcatechol",0,0,0,0,0,0.25,0,0,0,0,0,0.25,0,1,0,0,0,0,0,0.25,0,0.25,0,0,0,0,0,0,0,0.25,0,0,0,0,0,0,0,0,0,0,0,0,0,0,0,0,0,0,0,0,0,1,0,0,0,0,0,0,0,0,0,0,0,0,0
"226",226,"M00552","D-galactonate degradation, De Ley-Doudoroff pathway, D-galactonate => glycerate-3P",1,0.8,0.8,0.4,1,0.6,0.4,1,0,1,0.4,0.4,0.4,0.6,1,0.4,0.4,0.4,0.2,0.8,0.8,0.4,0.4,0.4,0.8,0.4,0.4,0.4,0.4,0.4,0.4,0.4,0,0.4,0.4,0.4,0.4,0.4,0.4,0.4,0.8,0.4,0.4,0.4,0.4,0.4,0.4,0.4,0.6,0.6,0.4,0.4,0.8,0.4,0.6,0.4,0.8,0.8,0.8,0.4,0.8,0.4,0.8,0.4,0.4
"227",227,"M00554","Nucleotide sugar biosynthesis, galactose => UDP-galactose",0,0,0,1,0,0.5,0,0,0,0,0,1,0,0,0,0,0,0,1,0,0,0,0,0,0,0,0,0,0,0,0,0,0,0,0,1,0,0,0,0,0,1,0.5,0.5,0,0,0.5,0,0,1,0,0,0,0,1,1,0,0,0,0.5,0,1,0,0,0
"228",228,"M00555","Betaine biosynthesis, choline => betaine",0.333333333333333,0.5,0.5,0.5,0.5,0.166666666666667,0.5,0.166666666666667,0,0.5,0,0.166666666666667,0.333333333333333,0.5,0.5,0,0.5,0.333333333333333,0.166666666666667,0.5,0.5,0,0.166666666666667,0.166666666666667,0.5,0.166666666666667,0,0.166666666666667,0,0,0.333333333333333,0,0,0.333333333333333,0.5,0,0,0,0,0,0.333333333333333,0.5,0,0,0,0.5,0,0.166666666666667,0.333333333333333,0,0,0.5,0.166666666666667,0,0.333333333333333,0,0.5,0.333333333333333,0.5,0,0.166666666666667,0,0.5,0.333333333333333,0.333333333333333
"229",229,"M00563","Methanogenesis, methylamine/dimethylamine/trimethylamine => methane",0,0,0,0,0,0,0,0,0,0.0384615384615385,0,0,0,0,0,0,0,0,0,0,0,0,0,0,0,0,0,0,0,0,0.0384615384615385,0,0,0,0,0,0,0,0,0,0.0384615384615385,0,0,0,0,0,0,0,0,0,0,0,0,0,0,0,0,0.269230769230769,0,0,0,0,0,0,0
"230",230,"M00564","Helicobacter pylori pathogenicity signature, cagA pathogenicity island",0,0,0,0,0,0,0.037037037037037,0,0.037037037037037,0.037037037037037,0.037037037037037,0,0,0,0.037037037037037,0,0,0,0,0,0,0,0,0.037037037037037,0,0,0.037037037037037,0,0.037037037037037,0,0,0,0,0,0,0,0,0,0,0.037037037037037,0,0,0,0,0,0,0,0,0,0,0,0,0,0,0.037037037037037,0,0,0,0,0,0,0,0,0,0
"231",231,"M00565","Trehalose biosynthesis, D-glucose 1P => trehalose",0,0.571428571428571,0,0.571428571428571,0.142857142857143,0.428571428571429,0.142857142857143,0,0,0.571428571428571,0,0.428571428571429,0,0.714285714285714,0.142857142857143,0.285714285714286,0.571428571428571,0,0.571428571428571,0.857142857142857,0,0.285714285714286,0.142857142857143,0,0.571428571428571,0,0,0,0,0.428571428571429,0.571428571428571,0,0,0,0.142857142857143,0.142857142857143,0,0,0.142857142857143,0,0.571428571428571,0.857142857142857,0.428571428571429,0.428571428571429,0,0,0.285714285714286,0,0,0.571428571428571,0.571428571428571,0.714285714285714,0.571428571428571,0.142857142857143,0,0.428571428571429,0.142857142857143,0.571428571428571,0,0.142857142857143,0,0.285714285714286,0.142857142857143,0,0
"232",232,"M00567","Methanogenesis, CO2 => methane",0,0,0,0.125,0.125,0,0,0,0,0,0,0,0,0,0,0,0,0,0,0,0,0,0,0,0,0,0,0,0,0,0,0,0,0,0,0,0,0,0,0,0,0,0,0,0,0,0,0,0,0,0,0,0,0,0,0,0,0.15,0,0,0,0,0.025,0,0
"233",233,"M00568","Catechol ortho-cleavage, catechol => 3-oxoadipate",0,0,0.8,0,0,0.4,0.8,0.2,0,0.4,0,0.2,0,0.8,0.2,0,0,0.2,0.4,0.8,0.6,0.2,0.2,0,0,0,0,0,0,0,0.4,0,0,0,0,0,0,0.2,0,0,0.2,1,0,0,0,0,0,0,0.4,0,0,1,0.2,0.2,0.8,0,0,0.4,0.8,0,0.8,0,0.2,0.2,0
"234",234,"M00569","Catechol meta-cleavage, catechol => acetyl-CoA / 4-methylcatechol => propanoyl-CoA",0.25,0.0833333333333333,0.333333333333333,0.916666666666667,0,0.0833333333333333,0.0833333333333333,0.0833333333333333,0.0833333333333333,0.333333333333333,0,0.0833333333333333,0.166666666666667,0.5,0.0833333333333333,0.0833333333333333,0.0833333333333333,0,0.0833333333333333,0.833333333333333,0,0.166666666666667,0.0833333333333333,0,0.0833333333333333,0.166666666666667,0,0.0833333333333333,0,0.0833333333333333,0.166666666666667,0,0,0.0833333333333333,0.0833333333333333,0,0,0.0833333333333333,0.0833333333333333,0,0.166666666666667,0.416666666666667,0,0.0833333333333333,0.0833333333333333,0.0833333333333333,0.0833333333333333,0,0.166666666666667,0.0833333333333333,0,0.666666666666667,0.0833333333333333,0.0833333333333333,0,0,0,0.0833333333333333,0.333333333333333,0,0.25,0,0,0.0833333333333333,0.0833333333333333
"235",235,"M00570","Isoleucine biosynthesis, threonine => 2-oxobutanoate => isoleucine",0.75,0.875,0.75,0.875,0.875,0.75,0.75,0.75,0.25,0.75,0.75,0.75,0.75,0.875,0.875,0.125,0.875,0.75,0.75,0.75,0.75,0.125,0.125,0.25,0.875,0.75,0.25,0.75,0.625,0.125,0.75,0.125,0,0.75,0.625,0.75,0,0.75,0.125,0,0.75,0.75,0.75,0.75,0,0.75,0.75,0.375,0.75,0.75,0.125,0.75,0.625,0.75,0.75,0.125,0.75,0.75,0.75,0.625,0.75,0.125,0.75,0.75,0.75
"236",236,"M00572","Pimeloyl-ACP biosynthesis, BioC-BioH pathway, malonyl-ACP => pimeloyl-ACP",0.6,0.5,0.5,0.6,0.6,0.3,0.5,0.5,0.4,0.6,0.6,0.2,0.6,0.7,0.6,0.2,0.5,0.7,0.2,0.6,0.6,0.3,0.5,0.2,0.5,0.5,0.7,0.5,0.3,0.4,0.5,0.4,0.4,0.6,0.6,0.2,0.2,0.7,0.2,0.7,0.5,0.3,0.3,0.3,0,0.5,0.4,0.6,0.4,0.5,0.4,0.7,0.5,0.3,0.3,0.3,0.5,0.5,0.5,0.3,0.5,0.2,0.5,0.7,0.6
"237",237,"M00573","Biotin biosynthesis, BioI pathway, long-chain-acyl-ACP => pimeloyl-ACP => biotin",0.6,0,0.6,0.2,0.6,0.2,0.6,0.2,0,0.6,0.6,0.6,0.6,0.6,0.6,0.6,0,0.6,0,0.2,0.6,0,0.6,0,0,0.6,0,0.6,0.6,0.2,0,0,0,0.6,0.6,0.6,0,0.6,0.6,0.6,0,0.6,0.6,0.6,0,0.6,0.6,0.6,0,0.6,0.4,0.6,0.2,0.6,0.4,0.6,0.6,0.2,0.6,0.2,0,0.6,0.6,0.6,0.6
"238",238,"M00574","Pertussis pathogenicity signature, pertussis toxin",0,0,0,0,0,0,0,0,0,0,0,0,0,0,0,0,0,0,0,0,0,0,0,0,0,0,0,0,0,0,0,0,0,0,0,0,0,0,0,0,0,0,0,0,0,0,0,0,0,0,0,0,0,0,0,0,0,0,0,0,0,0,0,0,0
"239",239,"M00575","Pertussis pathogenicity signature, T1SS",0.4,0.6,0.4,0.6,0.4,0.2,0.2,0.2,0.2,0.2,0.4,0.2,0.4,0.6,0.6,0.2,0.2,0.4,0,0.6,0.6,0.2,0.2,0.2,0.6,0.2,0.2,0.4,0.2,0.2,0.2,0.2,0.2,0.4,0.2,0.2,0.2,0,0.2,0.2,0.2,0,0.2,0.2,0,0.4,0.2,0.2,0.2,0.4,0,0.2,0.2,0,0.2,0.2,0.2,0.2,0.4,0.2,0.2,0.2,0.4,0.2,0.4
"240",240,"M00576","ETEC pathogenicity signature, heat-labile and heat-stable enterotoxins",0,0,0,0,0,0,0,0,0,0,0,0,0,0,0,0,0,0,0,0,0,0,0,0,0,0,0,0,0,0,0,0,0,0,0,0,0,0,0,0,0,0,0,0,0,0,0,0,0,0,0,0,0,0,0,0,0,0,0,0,0,0,0,0,0
"241",241,"M00577","Biotin biosynthesis, BioW pathway, pimelate => pimeloyl-CoA => biotin",0.666666666666667,0,0.666666666666667,0.166666666666667,0.666666666666667,0.166666666666667,0.666666666666667,0.166666666666667,0,0.666666666666667,0.666666666666667,0.666666666666667,0.666666666666667,0.666666666666667,0.666666666666667,0.5,0,0.666666666666667,0,0.166666666666667,0.666666666666667,0,0.666666666666667,0,0,0.666666666666667,0,0.666666666666667,0.666666666666667,0.166666666666667,0,0,0,0.666666666666667,0.666666666666667,0.666666666666667,0,0.666666666666667,0.666666666666667,0.666666666666667,0,0.833333333333333,0.666666666666667,0.666666666666667,0,0.666666666666667,0.833333333333333,0.666666666666667,0,0.666666666666667,0.5,0.666666666666667,0.166666666666667,0.666666666666667,0.333333333333333,0.666666666666667,0.666666666666667,0.166666666666667,0.666666666666667,0.166666666666667,0,0.666666666666667,0.666666666666667,0.666666666666667,0.666666666666667
"242",242,"M00579","Phosphate acetyltransferase-acetate kinase pathway, acetyl-CoA => acetate",0,0,0.5,0.5,0,0,0,0.5,0,0.75,0,0,0,0.5,0,0,0,0.5,0.5,0.5,0.5,0,0,0,0,0,0.25,0,0,0,0.5,0,0,0.5,0.5,0,0,0,0,0,0.25,0.5,0,0,0,0,0.5,0.5,0,0,0.25,0.25,0,0,0,0,0.25,0.5,0.5,0,0.5,0,0.5,0.5,0.5
"243",243,"M00580","Pentose phosphate pathway, archaea, fructose 6P => ribose 5P",0.2,0.2,0.2,0.2,0.2,0,0.2,0,0,0.2,0,0,0.2,0.2,0.2,0,0.2,0.2,0.4,0.2,0,0,0,0,0.2,0.2,0.2,0.2,0,0,0.2,0,0,0.2,0.2,0,0.2,0.2,0,0.2,0.2,0,0,0.2,0,0.2,0,0.2,0,0.2,0.2,0.2,0,0,0,0,0.2,0.2,0.2,0,0.2,0,0.2,0.2,0.2
"244",244,"M00595","Sulfur oxidation, SOX system, thiosulfate => sulfate",0.142857142857143,0,0.714285714285714,0.857142857142857,0.857142857142857,0.142857142857143,0.857142857142857,0.571428571428571,0,0,0,0,0.285714285714286,0.142857142857143,0.857142857142857,0,0,0,0,0.857142857142857,0.857142857142857,0,0,0,0,0,0,0.714285714285714,0,0,0,0,0,0,0.142857142857143,0,0,0.142857142857143,0,0,0,0,0,0,0,0.285714285714286,0,0,0.285714285714286,0,0,0.142857142857143,0.428571428571429,0,0,0,0,0.857142857142857,0.714285714285714,0,0,0,0,0.142857142857143,0
"245",245,"M00596","Dissimilatory sulfate reduction, sulfate => H2S",0,0,0,0,0,0,0,0,0,0,0,0,0,0.0909090909090909,0,0,0.0909090909090909,0,0,0,0,0,0.0909090909090909,0,0,0.0909090909090909,0.0909090909090909,0,0,0,0,0,0,0,0,0,0,0,0,0,0.0909090909090909,0,0,0,0,0.0909090909090909,0,0.0909090909090909,0,0,0,0,0,0,0,0,0,0.0909090909090909,0,0,0,0,0,0,0
"246",246,"M00597","Anoxygenic photosystem II",0,0,0,0,0,0,0,0,0,0,0,0,0,0,0,0,0,0,0,0,0,0,0,0,0,0,0,0,0,0,0,0,0,0,0,0,0,0,0,0,0,0,0,0,0,0,0,0,0,0,0,0,0,0,0,0,0,0,0,0,0,0,0,0,0
"247",247,"M00598","Anoxygenic photosystem I",0,0,0,0,0,0,0,0,0,0,0,0,0,0,0,0,0,0,0,0,0,0,0,0,0,0,0,0,0,0,0,0,0,0,0,0,0,0,0,0,0,0,0,0,0,0,0,0,0,0,0,0,0,0,0,0,0,0,0,0,0,0,0,0,0
"248",248,"M00608","2-Oxocarboxylic acid chain extension, 2-oxoglutarate => 2-oxoadipate => 2-oxopimelate => 2-oxosuberate",0,0,0,0,0,0,0,0,0,0,0,0,0,0,0,0,0,0,0,0,0,0,0,0,0,0,0,0,0,0,0,0,0,0,0,0,0,0,0,0,0,0,0,0,0,0,0,0,0,0,0,0,0,0,0,0,0,0,0,0,0,0,0,0,0
"249",249,"M00609","Cysteine biosynthesis, methionine => cysteine",0.333333333333333,0.333333333333333,0.333333333333333,0.333333333333333,0.333333333333333,0.333333333333333,0.166666666666667,0.166666666666667,0,0.333333333333333,0.333333333333333,0.333333333333333,0.333333333333333,0.166666666666667,0.166666666666667,0.166666666666667,0.333333333333333,0.166666666666667,0.5,0.333333333333333,0.333333333333333,0.166666666666667,0.166666666666667,0.166666666666667,0.333333333333333,0.166666666666667,0.166666666666667,0.166666666666667,0.166666666666667,0.166666666666667,0.166666666666667,0,0,0.333333333333333,0.166666666666667,0.166666666666667,0.166666666666667,0.166666666666667,0.166666666666667,0.166666666666667,0.166666666666667,0.333333333333333,0.166666666666667,0.333333333333333,0,0.333333333333333,0.333333333333333,0.166666666666667,0.166666666666667,0.5,0.166666666666667,0.333333333333333,0.166666666666667,0.166666666666667,0.166666666666667,0.333333333333333,0.166666666666667,0.166666666666667,0.333333333333333,0.333333333333333,0.166666666666667,0.166666666666667,0.166666666666667,0.166666666666667,0.333333333333333
"250",250,"M00615","Nitrate assimilation",0.8,0.6,0.8,0.8,0.8,0.8,0.8,0.6,0,0.6,0,0.8,0.8,0.6,0.8,0,0.8,0.6,0,0.8,0.6,0,0,0,0.6,0,0,0.6,0,0,0.6,0,0,0,0,0,0,0.8,0,0,0.6,0.2,0,0.2,0,0.8,0.2,0,0.6,0.8,0,0.4,0.8,0,0,0,0,0,0.8,0.2,0.6,0,0,0.8,0.2
"251",251,"M00616","Sulfate-sulfur assimilation",0.8,0.8,0.8,0.8,0.8,0,0.8,0,0,0.8,0,0,0.8,0.8,0.8,0,0.8,0.8,0.2,0.8,0.8,0,0,0,0.8,0.8,0,0.8,0,0,0.8,0,0,0.8,0.2,0,0,0.6,0,0,0.8,0.8,0,0,0,0.8,0.8,0,0.2,0.8,0,0.8,0,0.2,0,0,0.6,0.8,0.6,0,0.6,0,0.8,0.8,0.8
"252",252,"M00620","Incomplete reductive citrate cycle, acetyl-CoA => oxoglutarate",0.235294117647059,0.176470588235294,0.176470588235294,0.176470588235294,0.176470588235294,0.352941176470588,0.294117647058824,0.294117647058824,0.176470588235294,0.176470588235294,0.176470588235294,0.235294117647059,0.176470588235294,0.235294117647059,0.294117647058824,0.176470588235294,0.176470588235294,0.235294117647059,0.176470588235294,0.176470588235294,0.176470588235294,0.352941176470588,0.235294117647059,0.235294117647059,0.176470588235294,0.176470588235294,0.176470588235294,0.176470588235294,0.117647058823529,0.294117647058824,0.176470588235294,0.176470588235294,0.0588235294117647,0.176470588235294,0.176470588235294,0.117647058823529,0.176470588235294,0.235294117647059,0.235294117647059,0.294117647058824,0.176470588235294,0.294117647058824,0.117647058823529,0.176470588235294,0,0.176470588235294,0.294117647058824,0.352941176470588,0.176470588235294,0.176470588235294,0.176470588235294,0.235294117647059,0.294117647058824,0.235294117647059,0.176470588235294,0.176470588235294,0.176470588235294,0.176470588235294,0.176470588235294,0.117647058823529,0.294117647058824,0.176470588235294,0.176470588235294,0.235294117647059,0.176470588235294
"253",253,"M00621","Glycine cleavage system",1,0.6,0.6,0.6,0.6,0.8,0.6,1,0.2,0.8,0.2,0.8,1,0.8,1,0.6,0.6,0.8,0.6,1,0.6,0.8,0.6,0.6,0.6,1,0.8,0.2,0.2,0.8,0.8,0.2,0.2,0.6,1,0.8,0.2,0.8,0.8,0.8,0.8,0.8,0.8,0.8,0,0.6,0.8,0.8,1,0.6,0.2,0.8,1,0.8,0.8,0.8,0.6,0.8,0.6,0.4,1,0.8,0.6,0.8,0.6
"254",254,"M00622","Nicotinate degradation, nicotinate => fumarate",0.428571428571429,0,0,0,0,0,0,0,0,0.285714285714286,0,0,0.285714285714286,0,0,0,0,0,0,0.571428571428571,0.571428571428571,0,0,0,0,0,0,0,0,0,0.142857142857143,0,0,0,0,0,0,0,0.142857142857143,0,0,0,0,0,0,0,0,0,0.142857142857143,0,0,0,0,0,0,0.142857142857143,0.142857142857143,0,0,0,0.142857142857143,0.142857142857143,0.142857142857143,0,0
"255",255,"M00623","Phthalate degradation, phthalate => protocatechuate",0.25,0.25,0.25,0.25,0.25,0,0,0,0,0,0,0,0.25,0,0,0,0.25,0,0,0.75,0.75,0,0,0,0.25,0,0,0,0,0,0,0,0,0,0,0,0,0,0,0,0,0,0,0,0,0,0,0,0,0,0,0,0,0,0,0,0,0,0.25,0,0,0,0,0,0
"256",256,"M00624","Terephthalate degradation, terephthalate => 3,4-dihydroxybenzoate",0,0,0,0,0,0,0,0,0,0,0,0,0,0,0,0,0,0,0,1,0.25,0,0,0,0,0,0,0,0,0,0,0,0,0,0,0,0,0,0,0,0,0,0,0,0,0.25,0,0,0,0,0,0,0,0,0,0,0,0,0,0,0,0,0,0,0
"257",257,"M00625","Methicillin resistance",0,0,0,0,0,0,0,0,0,0,0,0,0,0,0,0,0,0,0,0,0,0,0,0,0,0,0,0,0,0,0,0,0,0,0,0,0,0,0,0,0,0,0,0,0,0,0,0,0,0,0,0,0,0,0,0,0,0,0,0,0,0,0,0,0
"258",258,"M00627","beta-Lactam resistance, Bla system",0.25,0,0.25,0,0.25,0.25,0.25,0,0,0.25,0,0.25,0.25,0,0.25,0,0,0,0.25,0.25,0.25,0,0,0,0,0,0.25,0,0,0.25,0,0,0,0.25,0.25,0,0,0.25,0,0,0,0.25,0,0,0,0,0,0,0,0,0,0.25,0.25,0.25,0.25,0,0.5,0,0.25,0.25,0.25,0,0.5,0.25,0.25
"259",259,"M00630","D-Galacturonate degradation (fungi), D-galacturonate => glycerol",0,0,0,0,0,0,0,0,0,0,0,0,0,0,0,0,0,0,0,0,0,0,0,0,0,0,0,0,0,0,0,0,0,0,0,0,0,0,0,0,0,0,0,0,0,0,0,0,0,0,0,0,0,0,0,0,0,0,0,0,0,0,0,0,0
"260",260,"M00631","D-Galacturonate degradation (bacteria), D-galacturonate => pyruvate + D-glyceraldehyde 3P",0.25,0.375,0.125,0.375,0.25,0.625,0.375,0.375,0,0.5,0,0.625,0.5,0.125,0.375,0,0.375,0.125,0.25,0.375,0.25,0,0,0,0.375,0,0,0.125,0,0.625,0.375,0,0,0.25,0.25,0,0,0.125,0,0,0.25,0,0.625,0.5,0,0,0,0,0.5,0.5,0,0.25,0.25,0,0.25,0.625,0.25,0.25,0.125,0.25,0.5,0,0.25,0.125,0.125
"261",261,"M00632","Galactose degradation, Leloir pathway, galactose => alpha-D-glucose-1P",0.5,0.5,0.5,1,0.5,0.75,0.25,0.5,0,0.5,0.25,1,0.5,0.25,0.5,0.25,0.5,0.25,1,0.5,0.5,0.25,0.25,0.25,0.5,0,0.25,0.25,0.25,0.5,0.5,0.25,0,0.25,0.25,1,0.25,0.25,0.25,0,0.5,1,0.75,0.75,0,0.25,0.5,0.25,0.5,1,0.25,0.25,0.5,0.25,1,1,0.25,0.5,0.25,0.25,0.5,1,0.25,0.25,0.25
"262",262,"M00633","Semi-phosphorylative Entner-Doudoroff pathway, gluconate/galactonate => glycerate-3P",0,0,0,0,0,0,0,0,0,0,0,0,0,0,0,0,0,0,0,0,0,0,0,0,0,0,0,0,0,0,0,0,0,0,0,0,0,0,0,0,0,0,0,0,0,0,0,0,0,0,0,0,0,0,0,0,0,0,0,0,0,0,0,0,0
"263",263,"M00636","Phthalate degradation, phthalate => protocatechuate",0,0,0,0,0,0,0,0,0,0,0,0,0,0,0,0,0,0,0,0,0,0,0,0,0,0,0,0,0,0,0,0,0,0,0,0,0,0,0,0,0,0,0,0,0,0,0,0,0,0,0,0,0,0,0,0,0,0,0,0,0,0,0,0,0
"264",264,"M00637","Anthranilate degradation, anthranilate => catechol",0.285714285714286,0,0,0.285714285714286,0,0,0,0,0,0.142857142857143,0,0,0.142857142857143,0.428571428571429,0,0,0,0,0,0.428571428571429,0.285714285714286,0,0,0,0,0,0,0.142857142857143,0,0,0,0,0,0,0,0,0,0,0,0,0.142857142857143,0,0,0,0,0.285714285714286,0,0,0,0,0,0.428571428571429,0,0,0,0,0,0,0,0,0,0,0,0,0
"265",265,"M00638","Salicylate degradation, salicylate => gentisate",1,0,0,1,0,0,0,0.25,0,0.25,0,0,0.25,0.5,0,0,0,0,0,1,0.5,0,0,0,0,0,0,0,0,0,0,0,0,0,0,0,0,0,0,0,0.25,0,0,0,0,0.5,0,0,0,0,0,0.25,0,0,0,0,0,0.25,0,0,0,0,0,0,0
"266",266,"M00639","Multidrug resistance, efflux pump MexCD-OprJ",0,0,0.25,0.25,0,0,0,0,0,0,0,0,0,1,0,0,0,0,0,0,0,0,0,0,0,0,0,0,0,0,0,0,0,0,0,0,0,0,0,0,0,0,0,0,0,0,0,0,0,0.25,0,0,0,0,0,0,0,0,0,0,0,0,0,0.75,0
"267",267,"M00641","Multidrug resistance, efflux pump MexEF-OprN",0,0,0,0,0,0,0,0,0,0.25,0.25,0,0,1,0,0,0,1,0,0,0,0,0,0,0,0.75,0,0,0,0,0,0,0,0,0,0,0,0.5,0,0,0,0,0.25,0.25,0,0,0,0,0,0.5,0,1,0,0,0,0,0,0,0,0,0.25,0,0,1,0
"268",268,"M00642","Multidrug resistance, efflux pump MexJK-OprM",0.25,0.5,0.25,0.25,0.25,0,0.25,0,0,0.25,0.5,0,0.25,1,0.25,0,0.25,0.75,0,0.25,0.25,0,0,0,0.5,0.5,0.25,0.25,0,0,0,0,0,0.25,0.25,0,0,0.75,0,0,0,0,0.25,0.25,0,0.25,0,0,0,0.25,0.25,1,0,0,0,0,0.25,0.25,0.25,0,0,0,0.25,1,0.25
"269",269,"M00643","Multidrug resistance, efflux pump MexXY-OprM",0.25,0.25,0.25,0.25,0.25,0,0.25,0,0,0,0.25,0,0.25,0.25,0.25,0,0.25,0,0,0.25,0.25,0,0,0,0.25,0,0.25,0.25,0,0,0,0,0,0.25,0.25,0,0,0,0,0,0,0,0.25,0.25,0,0.25,0,0,0,0,0.25,0.25,0,0,0,0,0.25,0,0.25,0,0,0,0.25,0.25,0.25
"270",270,"M00649","Multidrug resistance, efflux pump AdeABC",0,0.2,0,0.8,0,0,0.2,0,0,0,0,0,0.2,0.2,0,0,0,0,0,0,0.2,0,0,0,0.2,0,0,0.2,0,0,0,0,0,0.2,0,0,0,0,0,0,0,0,0,0,0,0.2,0,0,0,0.8,0,0.2,0,0,0,0,0,0,0,0,0,0,0,0.8,0.2
"271",271,"M00651","Vancomycin resistance, D-Ala-D-Lac type",0.0909090909090909,0.0909090909090909,0,0.0909090909090909,0.0909090909090909,0.0909090909090909,0.0909090909090909,0.181818181818182,0.0909090909090909,0,0.0909090909090909,0.0909090909090909,0,0.0909090909090909,0.181818181818182,0.181818181818182,0,0,0.272727272727273,0.0909090909090909,0,0.0909090909090909,0.0909090909090909,0,0.0909090909090909,0.0909090909090909,0.0909090909090909,0,0,0,0,0,0,0.0909090909090909,0,0.0909090909090909,0,0,0,0,0,0,0.0909090909090909,0.0909090909090909,0.0909090909090909,0,0.0909090909090909,0,0.0909090909090909,0,0.0909090909090909,0.0909090909090909,0.181818181818182,0.181818181818182,0.0909090909090909,0.181818181818182,0,0,0,0,0.0909090909090909,0.0909090909090909,0,0,0.0909090909090909
"272",272,"M00652","Vancomycin resistance, D-Ala-D-Ser type",0,0,0,0,0,0,0,0,0,0,0,0,0,0,0,0,0,0,0,0,0,0,0,0,0,0,0,0,0,0,0,0,0,0,0,0,0,0,0,0,0,0,0,0,0,0,0.2,0,0,0,0,0,0,0,0,0,0,0,0,0,0,0,0,0,0
"273",273,"M00660","Xanthomonas spp. pathogenicity signature, T3SS and effectors",0.0555555555555556,0.0555555555555556,0.0555555555555556,0.0555555555555556,0.444444444444444,0,0.0555555555555556,0,0,0,0,0,0.0555555555555556,0,0.0555555555555556,0,0.0555555555555556,0,0,0,0.166666666666667,0,0,0.0555555555555556,0.0555555555555556,0,0.0555555555555556,0.333333333333333,0,0,0,0,0,0.0555555555555556,0.0555555555555556,0,0,0,0,0.0555555555555556,0,0,0,0,0,0.0555555555555556,0,0,0,0,0.444444444444444,0,0,0,0,0,0.444444444444444,0,0.0555555555555556,0,0,0,0.444444444444444,0,0.0555555555555556
"274",274,"M00661","Paspaline biosynthesis, geranylgeranyl-PP + indoleglycerol phosphate => paspaline",0,0,0,0,0,0,0,0,0,0,0,0,0,0,0,0,0,0,0,0,0,0,0,0,0,0,0,0,0,0,0,0,0,0,0,0,0,0,0,0,0,0,0,0,0,0,0,0,0,0,0,0,0,0,0,0,0,0,0,0,0,0,0,0,0
"275",275,"M00664","Nodulation",0,0,0.25,0,0,0,0,0,0,0,0,0,0,0,0.25,0,0,0,0,0.25,0,0,0,0,0,0,0,0,0,0,0,0,0,0.25,0,0,0,0,0,0,0,0,0,0,0,0,0,0,0,0,0,0,0,0,0,0,0,0,0.25,0,0,0,0,0,0.25
"276",276,"M00672","Penicillin biosynthesis, aminoadipate + cycteine + valine => penicillin",0,0,0,0,0,0,0,0,0,0,0,0,0,0,0,0,0,0,0,0,0,0,0,0,0,0,0,0,0,0,0,0,0,0,0,0,0,0,0,0,0,0,0,0,0,0,0,0,0,0,0,0,0,0,0,0,0,0,0,0,0,0,0,0,0
"277",277,"M00673","Cephamycin C biosynthesis, aminoadipate + cycteine + valine => cephamycin C",0,0,0,0,0.125,0,0,0,0,0,0,0,0,0.125,0,0,0,0,0,0,0,0,0.125,0,0,0.125,0,0,0,0.125,0,0,0,0,0,0,0,0,0,0,0,0,0,0,0,0,0,0,0.125,0,0,0,0,0.125,0,0,0,0,0,0,0,0.125,0,0,0
"278",278,"M00674","Clavaminate biosynthesis, arginine + glyceraldehyde-3P => clavaminate",0,0,0,0,0,0,0,0,0,0,0,0,0,0,0,0,0,0,0,0,0,0,0,0,0,0,0,0,0,0,0,0,0,0,0,0,0,0,0,0,0,0,0,0,0,0,0,0,0,0,0,0,0,0,0,0,0,0,0,0,0,0,0,0,0
"279",279,"M00675","Carbapenem-3-carboxylate biosynthesis, pyrroline-5-carboxylate + malonyl-CoA => carbapenem-3-carboxylate",0,0,0,0,0,0,0,0,0,0,0,0,0,0,0,0,0,0,0,0,0,0,0,0,0,0,0,0,0,0,0,0,0,0,0,0,0,0,0,0.333333333333333,0,0,0,0,0,0,0,0,0,0,0,0,0,0,0,0,0,0,0,0,0,0,0,0,0
"280",280,"M00696","Multidrug resistance, efflux pump AcrEF-TolC",0.25,0.25,0.25,0.25,0.25,0.25,0.25,0.25,0.25,0.25,0.25,0.25,0.25,0.25,0.25,0.25,0.25,0.25,0,0.25,0.25,0.25,0.25,0.25,0.25,0.25,0.25,0.25,0.25,0.25,0.25,0.25,0.25,0.25,0.25,0.25,0.25,0,0.25,0.25,0.25,0,0.25,0.25,0,0.25,0.25,0.25,0,0.25,0,0.25,0.25,0,0.25,0.25,0.25,0.25,0.25,0.25,0.25,0.25,0.25,0.25,0.25
"281",281,"M00697","Multidrug resistance, efflux pump MdtEF-TolC",0.25,0.25,0.25,0.25,0.25,0.5,0.25,0.25,0.25,0.25,0.25,0.25,0.25,0.5,0.25,0.25,0.25,0.25,0,0.25,0.25,0.25,0.25,0.25,0.25,0.25,0.25,0.25,0.25,0.25,0.25,0.25,0.25,0.25,0.25,0.25,0.25,0,0.25,0.25,0.25,0,0.25,0.25,0,0.25,0.25,0.25,0,0.25,0,0.5,0.25,0,0.25,0.25,0.25,0.25,0.25,0.25,0.25,0.25,0.25,0.25,0.25
"282",282,"M00698","Multidrug resistance, efflux pump BpeEF-OprC",0.75,0,1,0.25,0.75,0,0.5,0,0,0.5,0.5,0,0.75,0.25,0.5,0,0,0,0,0.75,0.75,0,0,0,0,0.5,0,0,0.75,0,0,0,0,0,0.25,0,0,0,0,0,0,0,0,0,0,0.5,0,0,0,0,0,0,0,0,0,0,0.25,0,1,0,0.5,0,0.25,0,0
"283",283,"M00700","Multidrug resistance, efflux pump AbcA",0,0,0,0,0,0,0,0,0,0,0,0,0,0,0,0,0,0,0,0,0,0,0,0,0,0,0,0,0,0,0,0,0,0,0,0,0,0,0,0,0,0,0,0,0,0,0,0,0,0,0,0,0,0,0,0,0,0,0,0,0,0,0,0,0
"284",284,"M00702","Multidrug resistance, efflux pump NorB",0,0,0,0,0,0,0,0,0,0,0,0,0,0.333333333333333,0,0,0,0.333333333333333,0,0,0,0,0,0,0,0,0,0,0,0,0,0,0,0,0,0,0,0.333333333333333,0,0,0,0,0,0,0,0,0,0,0,0,0,0,0,0,0,0,0,0,0,0,0,0,0,0.333333333333333,0
"285",285,"M00704","Tetracycline resistance, efflux pump Tet38",0,0,0,0,0,0,0,0,0,0,0,0,0,0,0,0,0,0,0,0,0,0,0,0,0,0,0,0,0,0,0,0,0,0,0,0,0,0,0,0,0,0,0,0,0,0,0.5,0,0,0,0,0,0,0,0,0,0,0,0,0,0,0,0,0,0
"286",286,"M00705","Multidrug resistance, efflux pump MepA",0,0,0,0,0,0.5,0,0,0,0,0,0,0,0,0,0,0,0,0,0,0,0,0,0,0,0,0,0,0,0,0,0,0,0,0,0,0,0,0,0,0,0,0,0,0,0,0,0,0,0,0,0,0,0,0,0,0,0,0,0,0,0,0,0,0
"287",287,"M00714","Multidrug resistance, efflux pump QacA",0,0,0,0,0,0,0,0.5,0,0,0,0,0,0.5,0,0,0,0,0.5,0.5,0.5,0,0,0,0,0,0,0,0,0,0,0,0,0,0,0,0.5,0,0,0,0,0.5,0,0,0,0,0,0,0,0,0,0,0,0,0,0,0,0,0,0,0.5,0,0,0,0
"288",288,"M00718","Multidrug resistance, efflux pump MexAB-OprM",0.75,0.75,0.75,0.75,0.75,0.5,0.75,0.5,0.5,0.5,0.75,0.5,0.75,0.75,0.75,0.5,0.75,0.5,0,0.75,0.75,0.5,0.5,0.25,0.75,0.25,0.75,0.75,0,0.5,0.5,0.5,0.5,0.75,0.75,0.5,0.5,0.5,0.5,0.5,0.5,0,0.75,0.75,0,0.75,0.5,0.5,0.5,0.5,0.75,0.75,0.5,0.5,0.5,0.5,0.75,0.5,0.75,0.5,0.5,0.5,0.75,0.75,0.75
"289",289,"M00725","Cationic antimicrobial peptide (CAMP) resistance, dltABCD operon",0,0,0,0,0,0,0,0,0,0,0,0,0,0,0,0,0,0,0,0,0,0,0.5,0.166666666666667,0,0,0,0,0,0,0,0,0,0,0,0,0,0,0,0,0,0,0,0,0,0,0,0,0,0,0,0.333333333333333,0,0.5,0,0,0,0,0,0,0,0,0,0,0
"290",290,"M00726","Cationic antimicrobial peptide (CAMP) resistance, lysyl-phosphatidylglycerol (L-PG) synthase MprF",0,0,0,0,0,0,0,0,0,0.333333333333333,0,0.333333333333333,0,0.333333333333333,0,0,0,0,0,0.333333333333333,0,0,0,0,0,0.333333333333333,0,0,0,0,0,0,0,0,0,0,0,0,0,0,0,0,0,0,0,0,0,0,0,0,0,0.333333333333333,0,0,0,0,0,0,0,0.333333333333333,0.333333333333333,0,0,0,0
"291",291,"M00730","Cationic antimicrobial peptide (CAMP) resistance, VraFG transporter",0,0,0,0,0,0,0,0,0,0,0,0,0,0,0,0,0,0,0,0,0,0,0,0,0,0,0,0,0,0,0,0,0,0,0,0,0,0,0,0,0,0,0,0,0,0,0,0,0,0,0,0,0,0,0,0,0,0,0,0,0,0,0,0,0
"292",292,"M00736","Nocardicin A biosynthesis, L-pHPG + arginine + serine => nocardicin A",0,0,0.166666666666667,0.166666666666667,0,0,0,0,0,0,0,0.166666666666667,0,0.166666666666667,0,0,0,0,0,0.166666666666667,0,0,0,0,0,0,0,0,0,0,0,0,0,0.166666666666667,0,0,0,0,0,0,0,0.166666666666667,0,0,0,0,0,0,0,0,0,0,0,0,0,0,0,0,0.166666666666667,0,0,0,0.166666666666667,0,0.166666666666667
"293",293,"M00740","Methylaspartate cycle",0.384615384615385,0.307692307692308,0.384615384615385,0.307692307692308,0.307692307692308,0.307692307692308,0.307692307692308,0.307692307692308,0.230769230769231,0.307692307692308,0.230769230769231,0.307692307692308,0.384615384615385,0.230769230769231,0.307692307692308,0.307692307692308,0.307692307692308,0.230769230769231,0.307692307692308,0.384615384615385,0.307692307692308,0.307692307692308,0.307692307692308,0.307692307692308,0.307692307692308,0.307692307692308,0.307692307692308,0.384615384615385,0.230769230769231,0.307692307692308,0.384615384615385,0.153846153846154,0.0769230769230769,0.384615384615385,0.307692307692308,0.230769230769231,0.230769230769231,0.230769230769231,0.307692307692308,0.307692307692308,0.307692307692308,0.307692307692308,0.307692307692308,0.307692307692308,0.0769230769230769,0.230769230769231,0.384615384615385,0.307692307692308,0.230769230769231,0.307692307692308,0.230769230769231,0.230769230769231,0.307692307692308,0.307692307692308,0.230769230769231,0.307692307692308,0.307692307692308,0.384615384615385,0.384615384615385,0.230769230769231,0.307692307692308,0.307692307692308,0.307692307692308,0.230769230769231,0.384615384615385
"294",294,"M00741","Propanoyl-CoA metabolism, propanoyl-CoA => succinyl-CoA",0.2,0.2,0.133333333333333,0.2,0.2,0.266666666666667,0.266666666666667,0.266666666666667,0.133333333333333,0.333333333333333,0.133333333333333,0.266666666666667,0.2,0,0.266666666666667,0.2,0.2,0,0.2,0.266666666666667,0.333333333333333,0.333333333333333,0.266666666666667,0.333333333333333,0.2,0,0.0666666666666667,0.0666666666666667,0.133333333333333,0.2,0.266666666666667,0,0,0,0.2,0.266666666666667,0,0,0.266666666666667,0,0.266666666666667,0.4,0.2,0.333333333333333,0,0.2,0.0666666666666667,0,0.333333333333333,0,0,0,0.266666666666667,0.266666666666667,0.2,0.133333333333333,0.2,0.266666666666667,0.133333333333333,0,0.266666666666667,0.133333333333333,0.266666666666667,0,0
"295",295,"M00744","Cationic antimicrobial peptide (CAMP) resistance, protease PgtE",0,0,0,0.333333333333333,0,0,0,0,0,0,0,0,0.666666666666667,0.666666666666667,0.333333333333333,0.333333333333333,0,0.666666666666667,0,0,0.333333333333333,0,0,0,0,0.666666666666667,0,0,0,0,0,0,0,0,0,0,0,0.666666666666667,0,0,0,0,0,0,0,0,0.333333333333333,0,0,0.333333333333333,0,0.666666666666667,0,0,0,0,0,0,0,0,0,0,0,0.666666666666667,0
"296",296,"M00745","Imipenem resistance, repression of porin OprD",0.333333333333333,0.333333333333333,0.5,0.333333333333333,0.333333333333333,0.166666666666667,0.333333333333333,0,0,0,0,0.166666666666667,0.166666666666667,1,0.166666666666667,0,0,0.333333333333333,0,0.333333333333333,0.333333333333333,0,0.166666666666667,0.166666666666667,0.333333333333333,0,0,0.333333333333333,0.166666666666667,0,0,0,0,0,0.166666666666667,0.166666666666667,0,0.666666666666667,0,0,0,0.166666666666667,0,0,0,0.333333333333333,0.166666666666667,0.166666666666667,0,0.333333333333333,0,1,0,0.166666666666667,0,0,0.333333333333333,0.166666666666667,0.5,0.166666666666667,0,0,0.333333333333333,0.666666666666667,0
"297",297,"M00746","Multidrug resistance, repression of porin OmpF",0,0,0,0,0,0,0,0,0,0,0,0,0,0,0,0,0.333333333333333,0,0,0,0,0,0,0,0,0,0,0,0,0,0,0,0,0,0,0,0,0,0,0,0,0,0,0,0,0,0,0,0,0,0,0,0,0,0,0,0,0,0,0,0,0,0,0,0
"298",298,"M00761","Undecaprenylphosphate alpha-L-Ara4N biosynthesis, UDP-GlcA => undecaprenyl phosphate alpha-L-Ara4N",0,0,0,0.25,0.25,0.25,0,0.25,0,0,0,0.25,0,0,0,0,0,0.25,0,0,0,0,0.25,0.5,0,0,0,0,0,0,0,0.25,0,0.25,0,0,0,0,0,0,0,0.25,0,0,0,0,0.25,0,0.5,0,0,0.75,0.25,0.25,0,0,0.25,0,0,0,0,0,0.25,0.25,0.25
"299",299,"M00763","Ornithine biosynthesis, mediated by LysW, glutamate => ornithine",0,0,0,0,0,0,0,0,0,0,0,0,0,0,0,0,0,0,0,0,0,0,0,0,0,0,0,0,0,0,0,0,0,0,0,0,0,0,0,0,0,0,0,0,0,0,0,0,0,0,0,0,0,0,0,0,0,0,0,0,0,0,0,0,0
"300",300,"M00769","Multidrug resistance, efflux pump MexPQ-OpmE",0.2,0.2,0.2,0,0.2,0,0.2,0,0,0.2,0,0,0.2,0.2,0.2,0,0.2,0.2,0.2,0.2,0.2,0,0,0.2,0.2,0.2,0,0.2,0,0,0.2,0,0,0.2,0.2,0,0,0.4,0,0,0.2,0,0,0,0,0.2,0,0,0.2,0,0,0.4,0,0,0,0,0.2,0.2,0.2,0,0.6,0,0.2,0.2,0.2
"301",301,"M00773","Tylosin biosynthesis, methylmalonyl-CoA + malonyl-CoA => tylactone => tylosin",0,0,0,0,0,0,0,0,0,0,0,0,0,0,0,0,0,0,0,0,0,0,0,0,0,0,0,0,0,0,0,0,0,0,0,0,0,0,0,0,0,0,0,0,0,0,0,0,0,0,0,0,0,0,0,0,0,0,0,0,0,0,0,0,0
"302",302,"M00774","Erythromycin biosynthesis, propanoyl-CoA + methylmalonyl-CoA => deoxyerythronolide B => erythromycin A/B",0,0,0,0,0,0,0,0,0,0,0,0,0,0,0,0,0,0,0,0,0,0,0,0,0,0.111111111111111,0,0,0,0,0,0,0,0,0,0,0,0,0,0,0,0,0,0,0,0,0,0,0,0,0.111111111111111,0,0,0,0,0,0,0,0,0,0,0,0,0,0
"303",303,"M00775","Oleandomycin biosynthesis, malonyl-CoA + methylmalonyl-CoA => 8,8a-deoxyoleandolide => oleandomycin",0,0,0,0,0,0,0,0,0,0,0,0,0,0,0,0,0,0,0,0,0,0,0,0,0,0,0,0,0,0,0,0,0,0,0,0,0,0,0,0,0,0,0,0,0,0,0,0,0,0,0,0,0,0,0,0,0,0,0,0,0,0,0,0,0
"304",304,"M00776","Pikromycin/methymycin biosynthesis, methylmalonyl-CoA + malonyl-CoA => narbonolide/10-deoxymethynolide => pikromycin/methymycin",0,0,0,0,0,0,0,0,0,0,0,0,0,0,0,0,0,0,0,0,0,0,0,0,0,0,0,0,0,0,0,0,0,0,0,0,0,0,0,0,0,0,0,0,0,0,0,0,0,0,0,0,0,0,0,0,0,0,0,0,0,0,0,0,0
"305",305,"M00777","Avermectin biosynthesis, 2-methylbutanoyl-CoA/isobutyryl-CoA => 6,8a-Seco-6,8a-deoxy-5-oxoavermectin 1a/1b aglycone => avermectin A1a/B1a/A1b/B1b",0,0,0,0,0,0,0,0,0,0,0,0,0,0,0,0,0,0,0,0,0,0,0,0,0,0,0,0,0,0,0,0,0,0,0,0,0,0,0,0,0,0,0,0,0,0,0,0,0,0,0,0,0,0,0,0,0,0,0,0,0,0,0,0,0
"306",306,"M00778","Type II polyketide backbone biosynthesis, acyl-CoA + malonyl-CoA => polyketide",0,0,0,0,0,0,0,0,0,0,0,0,0,0,0,0,0,0,0,0,0,0,0,0,0,0.0909090909090909,0,0,0,0,0,0,0,0,0,0,0,0,0,0,0,0.0909090909090909,0,0,0,0,0,0,0,0,0,0,0,0,0,0,0,0,0,0,0,0,0,0,0
"307",307,"M00779","Dihydrokalafungin biosynthesis, octaketide => dihydrokalafungin",0,0,0,0,0,0,0,0,0,0,0,0,0,0,0,0,0,0,0,0,0,0,0,0,0,0,0,0,0,0,0,0,0,0,0,0,0,0,0,0,0,0.125,0,0,0,0,0,0,0,0,0,0,0,0,0.125,0,0,0,0,0,0,0,0,0,0
"308",308,"M00780","Tetracycline/oxytetracycline biosynthesis, pretetramide => tetracycline/oxytetracycline",0,0,0,0,0,0,0,0,0,0,0,0,0,0,0,0,0,0,0,0,0,0,0,0,0,0,0,0,0,0,0,0,0,0,0,0,0,0,0,0,0,0,0,0,0,0,0,0,0,0,0,0,0,0,0,0,0,0,0,0,0,0,0,0,0
"309",309,"M00781","Nogalavinone/aklavinone biosynthesis, deoxynogalonate/deoxyaklanonate => nogalavinone/aklavinone",0,0,0,0,0,0,0,0,0,0,0,0,0,0,0,0,0,0,0,0,0.25,0,0,0,0,0,0,0,0,0,0,0,0,0,0,0,0,0,0,0,0,0,0,0,0,0,0,0,0,0,0,0,0,0,0,0,0,0,0,0,0,0,0,0,0
"310",310,"M00782","Mithramycin biosynthesis, 4-demethylpremithramycinone => mithramycin",0,0,0,0,0,0,0,0,0,0,0,0,0,0,0,0,0,0,0,0,0,0,0,0,0,0,0,0,0,0,0,0,0,0,0,0,0,0,0,0,0,0,0,0,0,0,0,0,0,0,0,0,0,0,0,0,0,0,0,0,0,0,0,0,0
"311",311,"M00783","Tetracenomycin C/8-demethyltetracenomycin C biosynthesis, tetracenomycin F2 => tetracenomycin C/8-demethyltetracenomycin C",0,0,0,0,0,0,0,0,0,0,0,0,0,0,0,0,0,0,0,0,0,0,0,0,0,0,0,0,0,0,0,0,0,0,0,0,0,0,0,0,0,0,0,0,0,0,0,0,0,0,0,0,0,0,0,0,0,0,0,0,0,0,0,0,0
"312",312,"M00784","Elloramycin biosynthesis, 8-demethyltetracenomycin C => elloramycin A",0,0,0,0,0,0,0,0,0,0,0,0,0,0,0,0,0,0,0,0,0,0,0,0,0,0,0,0,0,0,0,0,0,0,0,0,0,0,0,0,0,0,0,0,0,0,0,0,0,0,0,0,0,0,0,0,0,0,0,0,0,0,0,0,0
"313",313,"M00785","Cycloserine biosynthesis, arginine/serine => cycloserine",0,0,0,0,0,0,0,0,0,0,0,0,0,0,0,0,0,0,0,0,0,0,0,0,0,0,0,0,0,0,0,0,0,0,0,0,0,0,0,0,0,0,0,0,0,0,0,0,0,0,0,0,0,0,0,0,0,0,0,0,0,0,0,0,0
"314",314,"M00786","Fumitremorgin alkaloid biosynthesis, tryptophan + proline => fumitremorgin C/A",0,0,0,0,0,0,0,0,0,0,0,0,0,0,0,0,0,0,0,0,0,0,0,0,0,0,0,0,0,0,0,0,0,0,0,0,0,0,0,0,0,0,0,0,0,0,0,0,0,0,0,0,0,0,0,0,0,0,0,0,0,0,0,0,0
"315",315,"M00787","Bacilysin biosynthesis, prephenate => bacilysin",0,0,0,0,0,0,0,0,0,0,0,0,0,0,0,0,0,0,0,0,0,0,0,0,0,0,0,0,0,0,0,0,0,0,0,0,0,0,0,0,0,0,0,0,0,0,0.166666666666667,0,0,0,0,0,0,0,0,0,0,0,0,0,0,0,0,0,0
"316",316,"M00788","Terpentecin biosynthesis, GGAP => terpentecin",0,0,0,0,0,0,0,0,0,0,0,0,0,0,0,0,0,0,0,0,0,0,0,0,0,0,0,0,0,0,0,0,0,0,0,0,0,0,0,0,0,0,0,0,0,0,0,0,0,0,0,0,0,0,0,0,0,0,0,0,0,0,0,0,0
"317",317,"M00789","Rebeccamycin biosynthesis, tryptophan => rebeccamycin",0,0,0,0,0.142857142857143,0,0.142857142857143,0,0,0,0,0,0,0,0.142857142857143,0,0,0,0,0,0,0,0,0,0,0,0,0,0,0,0,0,0,0,0.142857142857143,0,0,0,0,0,0,0,0,0,0,0,0,0,0,0.142857142857143,0,0,0,0,0,0,0.142857142857143,0,0,0,0,0,0.142857142857143,0,0
"318",318,"M00790","Pyrrolnitrin biosynthesis, tryptophan => pyrrolnitrin",0.25,0.25,0,0,0.25,0,0.25,0,0,0,0,0,0.25,0,0.25,0,0.25,0,0.25,0,0.25,0,0,0,0.25,0,0,0,0,0,0,0,0,0,0.25,0,0,0,0,0,0,0,0,0,0,0,0,0,0,0.25,0,0,0,0,0,0,0.25,0,0,0,0,0,0.25,0,0
"319",319,"M00793","dTDP-L-rhamnose biosynthesis, glucose-1P => dTDP-L-Rha",0.8,0.8,0.8,0.8,0.8,0.8,0.8,0.8,0.2,0.2,0.8,0.8,0.8,0.8,0.8,0.8,0.6,0.8,0.8,0.8,0.8,0.8,0.8,0.4,0.8,0.6,0,0.8,0.8,0.8,0.8,0.2,0,0.8,0.8,0.8,0.2,0.8,0.8,0.4,0.8,0.8,0.8,0.8,0,0.8,0.8,0.8,0.8,0.8,0,0.8,0.8,0.8,0.8,0.8,0.6,0.8,0.8,0,0.8,0.8,0.8,0.8,0.8
"320",320,"M00794","dTDP-6-deoxy-D-allose biosynthesis",0,0,0,0,0,0,0,0,0,0,0,0,0,0,0,0,0,0,0,0,0,0,0,0,0,0,0,0,0,0,0,0,0,0,0,0,0,0,0,0,0,0,0,0,0,0,0,0,0,0,0,0,0,0,0,0,0,0,0,0,0,0,0,0,0
"321",321,"M00795","dTDP-beta-L-noviose biosynthesis",0,0,0,0,0,0,0,0,0,0,0,0,0,0,0,0,0,0,0,0,0,0,0,0,0,0,0,0,0,0,0,0,0,0,0,0,0,0,0,0,0,0,0,0,0,0,0,0,0,0,0,0,0,0,0,0,0,0,0,0,0,0,0,0,0
"322",322,"M00796","dTDP-D-mycaminose biosynthesis",0,0,0,0,0,0,0,0,0,0,0,0,0,0,0,0,0,0,0,0,0,0,0,0,0,0,0,0,0,0,0,0,0,0,0,0,0,0,0,0,0,0,0,0,0,0,0,0,0,0,0,0,0,0,0,0,0,0,0,0,0,0,0,0,0
"323",323,"M00797","dTDP-D-desosamine biosynthesis",0,0,0,0,0,0,0,0,0,0,0,0,0,0,0,0,0,0,0,0,0,0,0,0,0,0,0,0,0,0,0,0,0,0,0,0,0,0,0,0,0,0,0,0,0,0,0,0,0,0,0,0,0,0,0,0,0,0,0,0,0,0,0,0,0
"324",324,"M00798","dTDP-L-mycarose biosynthesis",0,0,0,0,0,0,0,0,0,0,0,0,0,0,0,0,0,0,0,0,0,0,0,0,0,0,0,0,0,0,0,0,0,0,0,0,0,0,0,0,0,0,0,0,0,0,0,0,0,0,0,0,0,0,0,0,0,0,0,0,0,0,0,0,0
"325",325,"M00799","dTDP-L-oleandrose biosynthesis",0,0,0,0,0,0,0,0,0,0,0,0,0,0,0,0,0,0,0,0,0,0,0,0,0,0,0,0,0,0,0,0,0,0,0,0,0,0,0,0,0,0.2,0,0,0,0,0,0,0,0,0,0,0,0,0,0,0,0,0,0,0,0,0,0,0
"326",326,"M00800","dTDP-L-megosamine biosynthesis",0,0,0,0,0,0,0,0,0,0,0,0,0,0,0,0,0,0,0,0,0,0,0,0,0,0,0,0,0,0,0,0,0,0,0,0,0,0,0,0,0,0,0,0,0,0,0,0,0,0,0,0,0,0,0,0,0,0,0,0,0,0,0,0,0
"327",327,"M00801","dTDP-L-olivose biosynthesis",0,0,0,0,0,0,0,0,0,0,0,0,0,0,0,0,0,0,0,0,0,0,0.25,0,0,0,0,0,0,0,0,0,0,0,0,0,0,0,0,0,0,0.25,0,0,0,0,0,0,0,0,0,0,0,0,0,0,0,0,0,0,0,0,0,0,0
"328",328,"M00802","dTDP-D-forosamine biosynthesis",0,0,0,0,0,0,0,0,0,0,0,0,0,0,0,0,0,0,0,0,0,0,0.2,0,0,0,0,0,0,0,0,0,0,0,0,0,0,0,0,0,0,0.4,0,0,0,0,0,0,0,0,0,0,0,0,0,0,0,0,0,0,0,0,0,0,0
"329",329,"M00803","dTDP-D-angolosamine biosynthesis",0,0,0,0,0,0,0,0,0,0,0,0,0,0,0,0,0,0,0,0,0,0,0,0,0,0,0,0,0,0,0,0,0,0,0,0,0,0,0,0,0,0,0,0,0,0,0,0,0,0,0,0,0,0,0,0,0,0,0,0,0,0,0,0,0
"330",330,"M00804","Complete nitrification, comammox, ammonia => nitrite => nitrate",0.333333333333333,0,0,0.333333333333333,0.333333333333333,0,0.333333333333333,0,0,0.333333333333333,0,0,0.333333333333333,0,0.333333333333333,0,0.333333333333333,0,0,0,0,0,0,0,0,0,0,0,0,0,0,0,0,0,0,0,0,0,0,0,0,0,0,0,0,0,0,0,0,0.333333333333333,0,0,0.333333333333333,0,0,0,0,0,0,0,0,0,0,0.333333333333333,0.333333333333333
"331",331,"M00805","Staurosporine biosynthesis, tryptophan => staurosporine",0,0,0,0,0,0,0,0,0,0,0,0,0,0,0,0,0,0,0,0,0,0,0,0,0,0,0,0,0,0,0,0,0,0,0,0,0,0,0,0,0,0,0,0,0,0,0,0,0,0,0,0,0,0,0,0,0,0,0,0,0,0,0,0,0
"332",332,"M00808","Violacein biosynthesis, tryptophan => violacein",0,0,0,0,0,0,0,0,0,0,0,0,0,0,0,0,0,0,0,0,0,0,0,0,0,0,0,0,0,0,0,0,0,0,0,0,0,0,0,0,0,0,0,0,0,0,0,0,0,0,0,0,0,0,0,0,0,0,0,0,0,0,0,0,0
"333",333,"M00810","Nicotine degradation, pyridine pathway, nicotine => 2,6-dihydroxypyridine/succinate semialdehyde",0,0,0,0,0,0,0,0,0,0,0,0,0.1,0,0,0,0,0,0,0,0,0,0,0,0,0,0,0,0,0,0,0,0,0,0,0,0,0,0,0,0,0,0,0,0,0,0,0,0,0,0,0,0,0,0,0,0,0,0,0,0,0,0,0,0
"334",334,"M00811","Nicotine degradation, pyrrolidine pathway, nicotine => succinate semialdehyde",0,0,0,0,0,0,0,0,0,0,0,0,0,0,0,0,0,0,0,0,0,0,0,0,0,0,0,0,0,0,0,0,0,0,0,0,0,0,0,0,0,0,0,0,0,0,0,0,0,0,0,0,0,0,0,0,0,0,0,0,0,0,0,0,0
"335",335,"M00814","Acarbose biosynthesis, sedoheptulopyranose-7P => acarbose",0,0,0,0.125,0,0,0,0.125,0,0,0,0,0,0,0,0,0,0,0,0,0,0,0,0,0,0,0,0,0,0,0,0,0,0,0,0,0,0,0,0,0,0.375,0,0,0,0,0.125,0,0,0,0,0.125,0.125,0,0,0,0,0,0,0,0,0,0,0,0
"336",336,"M00815","Validamycin A biosynthesis, sedoheptulopyranose-7P => validamycin A",0,0,0,0,0,0,0,0,0,0,0,0,0,0,0,0,0,0,0.111111111111111,0,0,0,0,0,0,0,0,0,0,0,0,0,0,0,0,0,0,0,0,0,0,0.111111111111111,0,0,0,0,0.111111111111111,0,0.111111111111111,0,0,0.111111111111111,0,0,0,0,0,0,0,0,0,0,0,0,0
"337",337,"M00819","Pentalenolactone biosynthesis, farnesyl-PP => pentalenolactone",0,0,0,0,0,0,0,0,0,0,0,0,0,0,0,0,0,0,0,0,0,0,0,0,0,0,0,0,0,0,0,0,0,0,0,0,0,0,0,0,0,0,0,0,0,0,0,0,0,0,0,0,0,0,0,0,0,0,0,0,0,0,0,0,0
"338",338,"M00823","Chlortetracycline biosynthesis, pretetramide => chlortetracycline",0,0,0,0,0,0,0,0,0,0,0,0,0,0,0,0,0,0,0,0,0,0,0,0,0,0,0,0,0,0,0,0,0,0,0,0,0,0,0,0,0,0,0,0,0,0,0,0,0,0,0,0,0,0,0,0,0,0,0,0,0,0,0,0,0
"339",339,"M00824","9-membered enediyne core biosynthesis, malonyl-CoA => 3-hydroxyhexadeca-4,6,8,10,12,14-hexaenoyl-ACP => 9-membered enediyne core",0,0,0,0,0,0,0,0,0,0,0,0,0,0,0,0,0,0,0,0,0,0,0,0,0,0,0,0,0,0,0,0,0,0,0,0,0,0,0,0,0,0.111111111111111,0,0,0,0,0,0,0,0,0,0,0,0,0,0,0,0,0,0,0,0,0,0,0
"340",340,"M00825","10-membered enediyne core biosynthesis, malonyl-CoA => 3-hydroxyhexadeca-4,6,8,10,12,14-hexaenoyl-ACP => 10-membered enediyne core",0,0,0,0,0.125,0,0,0,0,0,0,0,0,0,0,0,0,0,0,0,0,0,0,0,0,0,0,0,0,0,0,0,0,0,0,0,0,0,0,0,0,0.125,0,0,0,0,0,0,0.125,0,0,0,0,0,0,0,0,0,0,0,0,0,0,0,0
"341",341,"M00826","C-1027 benzoxazolinate moiety biosynthesis, chorismate => benzoxazolinyl-CoA",0,0,0,0,0,0,0,0,0,0,0,0,0,0,0,0,0,0,0,0,0,0,0,0,0,0,0,0,0,0,0,0,0,0,0,0,0,0,0,0,0,0,0,0,0,0,0,0,0,0,0,0,0,0,0,0,0,0,0,0,0,0,0,0,0
"342",342,"M00827","C-1027 beta-amino acid moiety biosynthesis, tyrosine => 3-chloro-4,5-dihydroxy-beta-phenylalanyl-PCP",0,0,0,0,0,0,0,0,0,0,0,0,0,0,0,0,0,0,0,0,0,0,0,0,0,0,0,0,0,0,0,0,0,0,0,0,0,0,0,0,0,0,0,0,0,0,0,0,0,0,0,0,0,0,0,0,0,0,0,0,0,0,0,0,0
"343",343,"M00828","Maduropeptin beta-hydroxy acid moiety biosynthesis, tyrosine => 3-(4-hydroxyphenyl)-3-oxopropanoyl-PCP",0,0,0,0,0,0,0,0,0,0,0,0,0,0,0,0,0,0,0,0,0,0,0,0,0,0,0,0,0,0,0,0,0,0,0,0,0,0,0,0,0,0,0,0,0,0,0,0,0,0,0,0,0,0,0,0,0,0,0,0,0,0,0,0,0
"344",344,"M00829","3,6-Dimethylsalicylyl-CoA biosynthesis, malonyl-CoA => 6-methylsalicylate => 3,6-dimethylsalicylyl-CoA",0,0,0,0,0,0,0,0,0,0,0,0,0,0,0,0,0,0,0,0,0,0,0,0,0,0,0,0,0,0,0,0,0,0,0,0,0,0,0,0,0,0,0,0,0,0,0,0,0,0,0,0,0,0,0,0,0,0,0,0,0,0,0,0,0
"345",345,"M00830","Neocarzinostatin naphthoate moiety biosynthesis, malonyl-CoA => 2-hydroxy-5-methyl-1-naphthoate => 2-hydroxy-7-methoxy-5-methyl-1-naphthoyl-CoA",0,0,0,0,0,0,0,0,0,0,0,0,0,0,0,0,0,0,0,0,0,0,0,0,0,0,0,0,0,0,0,0,0,0,0,0,0,0,0,0,0,0,0,0,0,0,0.25,0,0,0,0,0,0,0,0,0,0,0,0,0,0,0,0,0,0
"346",346,"M00831","Kedarcidin 2-hydroxynaphthoate moiety biosynthesis, malonyl-CoA => 3,6,8-trihydroxy-2-naphthoate => 3-hydroxy-7,8-dimethoxy-6-isopropoxy-2-naphthoyl-CoA",0,0,0,0,0,0,0,0,0,0,0,0,0,0,0,0,0,0,0,0,0,0,0,0,0,0,0,0,0,0,0,0,0,0,0,0,0,0,0,0,0,0,0,0,0,0,0,0,0,0,0,0,0,0,0,0,0,0,0,0,0,0,0,0,0
"347",347,"M00832","Kedarcidin 2-aza-3-chloro-beta-tyrosine moiety biosynthesis, azatyrosine => 2-aza-3-chloro-beta-tyrosyl-PCP",0,0,0,0,0,0,0,0,0,0,0,0,0,0,0,0,0,0,0,0,0,0,0,0,0,0,0,0,0,0,0,0,0,0,0,0,0,0,0,0,0,0,0,0,0,0,0,0,0,0,0,0,0,0,0,0,0,0,0,0,0,0,0,0,0
"348",348,"M00833","Calicheamicin biosynthesis, calicheamicinone => calicheamicin",0,0,0,0,0,0,0,0,0,0,0,0,0,0,0,0,0,0,0,0,0,0,0,0,0,0,0,0,0,0,0,0,0,0,0,0,0,0,0,0,0,0,0,0,0,0,0,0,0,0,0,0,0,0,0,0,0,0,0,0,0,0,0,0,0
"349",349,"M00834","Calicheamicin orsellinate moiety biosynthesis, malonyl-CoA => orsellinate-ACP => 5-iodo-2,3-dimethoxyorsellinate-ACP",0,0,0,0,0,0,0,0,0,0,0,0,0,0,0,0,0,0,0,0,0,0,0,0,0,0,0,0,0,0,0,0,0,0,0,0,0,0,0,0,0,0,0,0,0,0,0,0,0,0,0,0,0,0,0,0,0,0,0,0,0,0,0,0,0
"350",350,"M00835","Pyocyanine biosynthesis, chorismate => pyocyanine",0.285714285714286,0.142857142857143,0.142857142857143,0.142857142857143,0,0.142857142857143,0.285714285714286,0.285714285714286,0,0.142857142857143,0,0,0.285714285714286,0,0.285714285714286,0,0.142857142857143,0,0.142857142857143,0.285714285714286,0.285714285714286,0,0,0,0.142857142857143,0,0,0,0,0,0.142857142857143,0,0,0.142857142857143,0.142857142857143,0,0,0,0,0,0.142857142857143,0,0,0.142857142857143,0,0.142857142857143,0.142857142857143,0,0,0,0,0,0.285714285714286,0,0,0,0.142857142857143,0,0.142857142857143,0,0.285714285714286,0,0.142857142857143,0,0.142857142857143
"351",351,"M00836","Coenzyme F430 biosynthesis, sirohydrochlorin => coenzyme F430",0,0,0,0,0,0,0,0,0,0,0,0,0,0,0,0,0,0,0,0,0,0,0,0,0,0,0,0,0,0,0,0,0,0,0,0,0,0,0,0,0,0,0,0,0,0,0,0,0,0,0,0,0,0,0,0,0,0,0,0,0,0,0,0,0
"352",352,"M00837","Prodigiosin biosynthesis, L-proline => prodigiosin",0,0,0,0,0,0,0,0,0,0,0,0,0,0,0,0,0,0,0.0909090909090909,0,0,0,0,0,0,0,0,0,0,0,0,0,0,0,0,0,0,0,0,0,0,0,0,0,0,0,0.0909090909090909,0,0,0,0,0,0,0,0,0,0,0,0,0,0,0,0.454545454545455,0,0
"353",353,"M00838","Undecylprodigiosin biosynthesis, L-proline => undecylprodigiosin",0,0,0,0,0,0,0,0,0,0,0,0,0,0,0,0,0,0,0.0909090909090909,0,0,0,0,0,0,0,0,0,0,0,0,0,0,0,0,0,0,0,0,0,0,0,0,0,0,0,0.0909090909090909,0,0,0,0,0,0,0,0,0,0,0,0,0,0,0,0.454545454545455,0,0
"354",354,"M00840","Tetrahydrofolate biosynthesis, mediated by ribA and trpF, GTP => THF",0.5,0.5,0.5,0.5,0.333333333333333,0.5,0.5,0.333333333333333,0,0.666666666666667,0.333333333333333,0.5,0.5,0.5,0.5,0.5,0.333333333333333,0.5,0.5,0.5,0.5,0.5,0.5,0.5,0.5,0.5,0.333333333333333,0.5,0.333333333333333,0.333333333333333,0.666666666666667,0.333333333333333,0.166666666666667,0.5,0.5,0.5,0.5,0.5,0.5,0.333333333333333,0.5,0.5,0.333333333333333,0.5,0.166666666666667,0.5,0.5,0.5,0.333333333333333,0.5,0.166666666666667,0.5,0.333333333333333,0.5,0.5,0.5,0.333333333333333,0.5,0.5,0.5,0.666666666666667,0.5,0.5,0.5,0.5
"355",355,"M00841","Tetrahydrofolate biosynthesis, mediated by PTPS, GTP => THF",0.4,0.4,0.4,0.4,0.4,0.4,0.4,0.4,0.4,0.6,0.4,0.4,0.4,0.4,0.4,0.2,0.4,0.4,0.4,0.4,0.4,0.4,0.4,0.2,0.4,0.4,0.4,0.4,0.4,0.4,0.4,0,0,0.4,0.4,0.4,0.2,0.4,0.4,0.4,0.4,0.4,0.4,0.4,0,0.4,0.2,0.4,0.4,0.2,0,0.4,0.4,0.4,0.4,0.4,0.4,0.4,0.4,0.6,0.6,0.4,0.4,0.4,0.4
"356",356,"M00842","Tetrahydrobiopterin biosynthesis, GTP => BH4",0.666666666666667,0.666666666666667,0.666666666666667,0.333333333333333,0.666666666666667,0.666666666666667,0.666666666666667,0.333333333333333,0.666666666666667,0.333333333333333,0.333333333333333,0.666666666666667,0.666666666666667,0.666666666666667,0.666666666666667,0.333333333333333,0.666666666666667,0.666666666666667,0.333333333333333,0.666666666666667,0.333333333333333,0.666666666666667,0.666666666666667,0.666666666666667,0.666666666666667,0.333333333333333,0.666666666666667,0.666666666666667,0.333333333333333,0.666666666666667,0,0,0,0.666666666666667,0.666666666666667,0.666666666666667,0,0.666666666666667,0.666666666666667,0.666666666666667,0,0.333333333333333,0.666666666666667,0.333333333333333,0.333333333333333,0.666666666666667,0,0.666666666666667,0.333333333333333,0,0,0.666666666666667,0.333333333333333,0.666666666666667,0.333333333333333,0.666666666666667,0.666666666666667,0,0.666666666666667,0.666666666666667,0.333333333333333,0.666666666666667,0.666666666666667,0.666666666666667,0.666666666666667
"357",357,"M00843","L-threo-Tetrahydrobiopterin biosynthesis, GTP => L-threo-BH4",0.666666666666667,0.666666666666667,0.666666666666667,0.333333333333333,0.666666666666667,0.666666666666667,0.666666666666667,0.333333333333333,0.666666666666667,0.333333333333333,0.333333333333333,0.666666666666667,0.666666666666667,0.666666666666667,0.666666666666667,0.333333333333333,0.666666666666667,0.666666666666667,0.333333333333333,0.666666666666667,0.333333333333333,0.666666666666667,0.666666666666667,0.666666666666667,0.666666666666667,0.333333333333333,0.666666666666667,0.666666666666667,0.333333333333333,0.666666666666667,0,0,0,0.666666666666667,0.666666666666667,0.666666666666667,0,0.666666666666667,0.666666666666667,0.666666666666667,0,0.333333333333333,0.666666666666667,0.333333333333333,0.333333333333333,0.666666666666667,0,0.666666666666667,0.333333333333333,0,0,0.666666666666667,0.333333333333333,0.666666666666667,0.333333333333333,0.666666666666667,0.666666666666667,0,0.666666666666667,0.666666666666667,0.333333333333333,0.666666666666667,0.666666666666667,0.666666666666667,0.666666666666667
"358",358,"M00844","Arginine biosynthesis, ornithine => arginine",0.75,0.75,0.75,0.75,0.75,0.5,0.75,0.75,0,0.75,0.75,0.5,0.75,0.75,0.75,0,0.75,0.75,0.5,0.75,0.75,0,0,1,0.75,0.5,0,0.75,0.25,0,0.75,0,0,0.75,0.75,0.5,0,0.75,0,0,0.75,0.75,0.5,0.5,0,0.75,0.75,0,0.75,0.75,0,0.75,0.75,0.25,0.75,0,0.75,0.75,0.75,0.25,0.75,0,0.75,0.75,0.75
"359",359,"M00845","Arginine biosynthesis, glutamate => acetylcitrulline => arginine",0.714285714285714,0.571428571428571,0.571428571428571,0.571428571428571,0.571428571428571,0.857142857142857,0.571428571428571,0.714285714285714,0,0.714285714285714,0.714285714285714,0.857142857142857,0.714285714285714,1,0.571428571428571,0.142857142857143,0.571428571428571,1,0.285714285714286,0.714285714285714,0.571428571428571,0.142857142857143,0.142857142857143,0.571428571428571,0.571428571428571,0.714285714285714,0,0.571428571428571,0.571428571428571,0.142857142857143,0.714285714285714,0,0,0.571428571428571,0.571428571428571,0.857142857142857,0.142857142857143,0.857142857142857,0.142857142857143,0.142857142857143,0.714285714285714,0.714285714285714,0.857142857142857,0.714285714285714,0,0.571428571428571,0.714285714285714,0,0.714285714285714,0.571428571428571,0,1,0.714285714285714,0.142857142857143,0.571428571428571,0.142857142857143,0.571428571428571,0.714285714285714,0.571428571428571,0.571428571428571,0.571428571428571,0.142857142857143,0.571428571428571,1,0.571428571428571
"360",360,"M00846","Siroheme biosynthesis, glutamyl-tRNA => siroheme",0.5625,0.5625,0.5625,0.5,0.625,0.5625,0.5625,0.375,0.25,0.3125,0.1875,0.5625,0.5625,0.625,0.5,0.3125,0.3125,0.625,0.4375,0.5625,0.5625,0.0625,0.5625,0.25,0.5625,0.5625,0.375,0.5,0.125,0.0625,0.375,0.1875,0,0.5625,0.5625,0.3125,0.375,0.5625,0.625,0.3125,0.375,0.5625,0.5625,0.5625,0,0.5625,0.5,0.375,0.3125,0.4375,0.25,0.625,0.375,0.625,0.375,0.3125,0.625,0.3125,0.5625,0.4375,0.375,0.3125,0.625,0.625,0.5625
"361",361,"M00847","Heme biosynthesis, archaea, siroheme => heme",0,0,0,0,0,0,0,0,0,0,0,0,0,0,0,0,0,0,0,0,0,0,0,0,0,0,0,0,0,0,0,0,0,0,0,0,0,0,0,0,0,0,0,0,0,0,0,0,0,0,0,0,0,0,0,0,0,0,0,0,0,0,0,0,0
"362",362,"M00848","Aurachin biosynthesis, anthranilate => aurachin A",0.0909090909090909,0.0909090909090909,0.0909090909090909,0.0909090909090909,0.0909090909090909,0.0909090909090909,0.0909090909090909,0.0909090909090909,0.0909090909090909,0.0909090909090909,0.0909090909090909,0.0909090909090909,0.0909090909090909,0.0909090909090909,0.0909090909090909,0.0909090909090909,0.0909090909090909,0.0909090909090909,0,0.0909090909090909,0.0909090909090909,0.0909090909090909,0.0909090909090909,0.0909090909090909,0.0909090909090909,0.0909090909090909,0.0909090909090909,0.0909090909090909,0.0909090909090909,0.0909090909090909,0.0909090909090909,0,0.0909090909090909,0.0909090909090909,0.0909090909090909,0.0909090909090909,0.0909090909090909,0.0909090909090909,0.0909090909090909,0.0909090909090909,0.0909090909090909,0.0909090909090909,0.0909090909090909,0.0909090909090909,0,0.0909090909090909,0.181818181818182,0.0909090909090909,0.0909090909090909,0.0909090909090909,0.0909090909090909,0.0909090909090909,0,0.0909090909090909,0.0909090909090909,0.0909090909090909,0.0909090909090909,0.0909090909090909,0.0909090909090909,0.0909090909090909,0.0909090909090909,0.0909090909090909,0.0909090909090909,0.0909090909090909,0.0909090909090909
"363",363,"M00849","C5 isoprenoid biosynthesis, mevalonate pathway, archaea",0.133333333333333,0.0666666666666667,0.133333333333333,0.133333333333333,0.133333333333333,0.133333333333333,0.133333333333333,0.133333333333333,0.133333333333333,0.133333333333333,0.0666666666666667,0.0666666666666667,0.0666666666666667,0.333333333333333,0.133333333333333,0.333333333333333,0.0666666666666667,0.2,0.133333333333333,0.2,0.0666666666666667,0.2,0.266666666666667,0.266666666666667,0.0666666666666667,0.0666666666666667,0.266666666666667,0.2,0.0666666666666667,0.133333333333333,0.0666666666666667,0.333333333333333,0.133333333333333,0.133333333333333,0.133333333333333,0.333333333333333,0.266666666666667,0.2,0.266666666666667,0.266666666666667,0.0666666666666667,0.133333333333333,0.2,0.266666666666667,0,0.0666666666666667,0.133333333333333,0.333333333333333,0.133333333333333,0.133333333333333,0,0.2,0.133333333333333,0.2,0.0666666666666667,0.333333333333333,0.133333333333333,0.0666666666666667,0.133333333333333,0.2,0.133333333333333,0.333333333333333,0.133333333333333,0.2,0.133333333333333
"364",364,"M00850","Vibrio cholerae pathogenicity signature, cholera toxins",0,0,0.142857142857143,0.142857142857143,0,0,0.142857142857143,0,0,0,0,0,0.142857142857143,0.142857142857143,0,0,0,0,0,0,0,0,0,0,0,0,0,0.142857142857143,0,0,0,0,0,0,0,0,0,0,0,0.142857142857143,0,0,0,0,0,0.142857142857143,0,0,0,0,0,0,0,0,0,0,0,0,0.142857142857143,0,0,0,0,0,0
"365",365,"M00851","Carbapenem resistance",0,0,0,0,0,0,0.0476190476190476,0,0,0,0,0,0,0,0,0,0,0,0,0,0,0,0,0,0,0,0,0,0,0,0,0,0,0,0.0476190476190476,0,0,0,0,0,0,0,0,0,0,0,0,0,0,0,0,0,0,0,0,0,0.0476190476190476,0,0,0,0,0,0.0476190476190476,0,0
"366",366,"M00852","Vibrio cholerae pathogenicity signature, toxin coregulated pilus",0,0,0,0,0,0,0,0,0,0,0,0,0,0,0,0,0,0,0,0,0,0,0,0,0,0,0,0,0,0,0,0,0,0,0,0,0,0,0,0,0,0,0,0,0,0,0,0,0,0,0,0,0,0,0,0,0,0,0,0,0,0,0,0,0
"367",367,"M00853","ETEC pathogenicity signature, colonization factors",0,0,0,0,0,0,0,0,0,0,0,0,0,0,0,0,0,0,0,0,0,0,0,0,0,0,0,0,0,0,0,0,0,0,0,0,0,0,0,0,0,0,0,0,0,0,0,0,0,0,0,0,0,0,0,0,0,0,0,0,0,0,0,0,0
"368",368,"M00854","Glycogen biosynthesis, glucose-1P => glycogen/starch",0.0769230769230769,0.230769230769231,0.0769230769230769,0.307692307692308,0.0769230769230769,0.384615384615385,0.0769230769230769,0.0769230769230769,0,0.307692307692308,0.0769230769230769,0.307692307692308,0.0769230769230769,0.230769230769231,0.0769230769230769,0.153846153846154,0.230769230769231,0.0769230769230769,0.0769230769230769,0.307692307692308,0.0769230769230769,0.0769230769230769,0.0769230769230769,0.0769230769230769,0.230769230769231,0.153846153846154,0.0769230769230769,0.0769230769230769,0,0.230769230769231,0.307692307692308,0.0769230769230769,0,0.0769230769230769,0.0769230769230769,0.0769230769230769,0.0769230769230769,0.0769230769230769,0.0769230769230769,0,0.307692307692308,0.384615384615385,0.230769230769231,0.230769230769231,0,0.0769230769230769,0.0769230769230769,0,0.0769230769230769,0.307692307692308,0.230769230769231,0.230769230769231,0.153846153846154,0.0769230769230769,0.0769230769230769,0.230769230769231,0.0769230769230769,0.307692307692308,0.0769230769230769,0.230769230769231,0.0769230769230769,0.153846153846154,0.0769230769230769,0.0769230769230769,0.0769230769230769
"369",369,"M00855","Glycogen degradation, glycogen => glucose-6P",0.2,0.4,0.2,0.4,0.4,0.2,0.5,0,0,0.3,0.1,0.1,0.2,0.4,0.5,0,0.4,0.2,0.3,0.5,0.2,0.2,0.1,0.1,0.4,0.2,0.1,0.2,0,0.3,0.3,0,0,0.2,0.4,0.1,0.1,0.2,0.1,0.1,0.3,0.3,0.1,0.1,0,0.2,0.3,0.1,0,0.4,0.3,0.5,0.2,0.1,0,0.1,0.5,0.3,0.2,0.1,0.1,0.1,0.5,0.2,0.2
"370",370,"M00856","Salmonella enterica pathogenicity signature, typhoid toxin",0,0,0,0,0,0,0,0,0,0,0,0,0,0,0,0,0,0,0,0,0,0,0,0,0,0,0,0,0,0,0,0,0,0,0,0,0,0,0,0,0,0,0,0,0,0,0,0,0,0,0,0,0,0,0,0,0,0,0,0,0,0,0,0,0
"371",371,"M00857","Salmonella enterica pathogenicity signature, Vi antigen",0,0,0,0,0,0,0,0,0,0,0,0,0,0,0,0,0,0,0,0,0,0,0,0,0,0,0,0,0,0,0,0,0,0,0,0,0,0,0,0,0,0,0,0,0,0,0,0,0,0,0,0,0,0,0,0,0,0,0,0,0,0,0,0,0
"372",372,"M00859","Bacillus anthracis pathogenicity signature, anthrax toxin",0,0,0.333333333333333,0,0,0,0,0.333333333333333,0,0,0,0,0,0,0,0,0,0,0,0,0,0,0,0,0,0,0,0,0,0,0,0,0,0,0,0,0,0,0,0,0,0,0,0,0,0,0,0,0,0,0,0,0,0,0,0,0,0,0.333333333333333,0,0,0,0,0,0
"373",373,"M00860","Bacillus anthracis pathogenicity signature, polyglutamic acid capsule biosynthesis",0,0.142857142857143,0,0.142857142857143,0,0,0,0,0,0,0,0,0,0,0.285714285714286,0,0,0,0,0.142857142857143,0,0,0.142857142857143,0.142857142857143,0.142857142857143,0,0,0,0,0,0,0,0,0.142857142857143,0,0,0,0,0,0,0,0,0.142857142857143,0.142857142857143,0.142857142857143,0,0.142857142857143,0,0.142857142857143,0,0,0,0,0.142857142857143,0.142857142857143,0,0,0,0,0,0,0,0,0,0.142857142857143
"374",374,"M00861","beta-Oxidation, peroxisome, VLCFA",0,0,0,0,0,0,0,0,0,0,0,0,0,0,0,0.25,0,0,0.25,0,0,0,0,0,0,0,0,0,0,0,0,0,0,0,0,0.25,0,0,0,0,0,0.25,0,0,0,0,0,0,0,0,0,0,0,0,0,0.25,0,0,0,0,0,0,0,0,0
"375",375,"M00862","beta-Oxidation, peroxisome, tri/dihydroxycholestanoyl-CoA => choloyl/chenodeoxycholoyl-CoA",0,0,0,0,0,0,0,0,0,0,0,0,0,0,0,0,0,0,0,0,0,0,0,0,0,0,0,0,0,0,0,0,0,0,0,0,0,0,0,0,0,0,0,0,0,0,0,0,0,0,0,0,0,0,0,0,0,0,0,0,0,0,0,0,0
"376",376,"M00866","KDO2-lipid A biosynthesis, Raetz pathway, non-LpxL-LpxM type",0.727272727272727,0.727272727272727,0.727272727272727,0.727272727272727,0.727272727272727,0.727272727272727,0.727272727272727,0,0.818181818181818,0.727272727272727,0.727272727272727,0.727272727272727,0.727272727272727,0.727272727272727,0.727272727272727,0.636363636363636,0.727272727272727,0.727272727272727,0,0.727272727272727,0.727272727272727,0.727272727272727,0.727272727272727,0.818181818181818,0.727272727272727,0.727272727272727,0.727272727272727,0.727272727272727,0.727272727272727,0.727272727272727,0.727272727272727,0.636363636363636,0,0.727272727272727,0.727272727272727,0.727272727272727,0.636363636363636,0.454545454545455,0.727272727272727,0.727272727272727,0.727272727272727,0.0909090909090909,0.636363636363636,0.727272727272727,0,0.727272727272727,0.818181818181818,0.727272727272727,0.818181818181818,0.727272727272727,0.636363636363636,0.727272727272727,0,0.727272727272727,0,0.727272727272727,0.727272727272727,0.727272727272727,0.727272727272727,0.636363636363636,0.818181818181818,0.727272727272727,0.727272727272727,0.727272727272727,0.727272727272727
"377",377,"M00867","KDO2-lipid A modification pathway",0.166666666666667,0,0.166666666666667,0.166666666666667,0,0,0.166666666666667,0,0.166666666666667,0.166666666666667,0,0,0.166666666666667,0.166666666666667,0.166666666666667,0,0.166666666666667,0,0,0.166666666666667,0.166666666666667,0,0,0,0,0,0,0.166666666666667,0.166666666666667,0,0.166666666666667,0,0,0,0,0,0,0,0,0,0,0,0,0,0,0.166666666666667,0,0,0,0.166666666666667,0,0.166666666666667,0,0,0,0.166666666666667,0.166666666666667,0,0,0,0,0,0.166666666666667,0,0
"378",378,"M00868","Heme biosynthesis, animals and fungi, glycine => heme",0.75,0.75,0.75,0.625,0.75,0.75,0.75,0.875,0.875,0.75,1,0.75,0.75,0.75,0.625,0.75,0.625,0.75,0.75,0.75,0.75,0.125,0.75,0.625,0.75,0.75,0.75,0.625,0.625,0.125,0.875,0.875,0,0.75,0.625,0.75,0.75,0.375,0.75,0.625,0.875,0.75,0.75,0.75,0,0.75,0.625,0.75,0.875,0.75,0.75,0.75,0.875,0.75,0.875,0.75,0.75,0.75,0.75,0.75,0.875,0.75,0.75,0.75,0.75
"379",379,"M00872","O-glycan biosynthesis, mannose type (core M3)",0,0,0,0,0,0.1,0,0,0,0,0,0,0,0,0,0,0,0,0,0,0,0,0.1,0,0,0,0,0,0,0,0,0,0,0,0,0,0,0,0,0,0,0.1,0,0,0,0,0,0,0,0,0,0,0,0,0,0,0,0,0,0,0,0,0,0,0
"380",380,"M00873","Fatty acid biosynthesis in mitochondria, animals",0.25,0.25,0.25,0.25,0.25,0.375,0.25,0.25,0.25,0.25,0.25,0.25,0.25,0.25,0.25,0.25,0.25,0.25,0.125,0.25,0.25,0.25,0.25,0.25,0.25,0.25,0.25,0.25,0.125,0.25,0.25,0.25,0.25,0.25,0.25,0.25,0.125,0.25,0.25,0.25,0.25,0.25,0.25,0.125,0,0.25,0.25,0.25,0.25,0.25,0.25,0.25,0.25,0.25,0.25,0.25,0.25,0.25,0.25,0.25,0.25,0.25,0.25,0.25,0.25
"381",381,"M00874","Fatty acid biosynthesis in mitochondria, fungi",0.428571428571429,0.428571428571429,0.428571428571429,0.428571428571429,0.428571428571429,0.428571428571429,0.428571428571429,0.428571428571429,0.428571428571429,0.428571428571429,0.428571428571429,0.428571428571429,0.428571428571429,0.428571428571429,0.428571428571429,0.428571428571429,0.428571428571429,0.428571428571429,0.285714285714286,0.428571428571429,0.428571428571429,0.428571428571429,0.428571428571429,0.428571428571429,0.428571428571429,0.428571428571429,0.428571428571429,0.428571428571429,0.285714285714286,0.428571428571429,0.428571428571429,0.428571428571429,0.428571428571429,0.428571428571429,0.428571428571429,0.428571428571429,0.285714285714286,0.428571428571429,0.428571428571429,0.428571428571429,0.428571428571429,0.428571428571429,0.428571428571429,0.285714285714286,0,0.428571428571429,0.428571428571429,0.428571428571429,0.428571428571429,0.428571428571429,0.428571428571429,0.428571428571429,0.428571428571429,0.428571428571429,0.428571428571429,0.428571428571429,0.428571428571429,0.428571428571429,0.428571428571429,0.428571428571429,0.428571428571429,0.428571428571429,0.428571428571429,0.428571428571429,0.428571428571429
"382",382,"M00875","Staphyloferrin B biosynthesis, L-serine => staphyloferrin B",0,0,0,0,0,0,0,0,0,0,0,0,0,0.142857142857143,0,0,0,0,0,0,0,0,0,0,0,0,0,0,0,0,0,0,0,0.142857142857143,0,0,0,0,0,0,0,0,0,0,0,0,0,0,0,0.142857142857143,0,0,0,0,0,0,0,0,0,0,0,0,0.142857142857143,0,0.142857142857143
"383",383,"M00876","Staphyloferrin A biosynthesis, L-ornithine => staphyloferrin A",0,0,0,0,0,0,0,0,0,0,0,0,0,0,0,0,0,0,0,0,0,0,0,0,0,0,0,0,0,0,0,0,0,0,0,0,0,0,0,0,0,0,0,0,0,0,0,0,0,0,0,0,0,0,0,0,0,0,0,0,0,0,0,0,0
"384",384,"M00877","Kanosamine biosynthesis, glucose 6-phosphate => kanosamine",0,0,0,0,0,0,0,0,0,0,0,0,0,0,0,0,0,0.333333333333333,0,0,0,0,0,0,0,0,0,0,0,0,0,0,0,0,0,0,0,0.333333333333333,0,0,0,0,0,0,0,0,0,0,0,0,0,0,0,0,0,0,0,0,0,0,0,0,0,0.333333333333333,0
"385",385,"M00878","Phenylacetate degradation, phenylaxetate => acetyl-CoA/succinyl-CoA",0.363636363636364,0.272727272727273,0.818181818181818,0.909090909090909,0.909090909090909,0.363636363636364,0.909090909090909,0.454545454545455,0,0.909090909090909,0.0909090909090909,0.363636363636364,0.363636363636364,1,0.909090909090909,0.0909090909090909,0.363636363636364,0.0909090909090909,0.181818181818182,0.909090909090909,0.818181818181818,0.636363636363636,0.818181818181818,0.0909090909090909,0.272727272727273,0,0,0.0909090909090909,0.0909090909090909,0.727272727272727,0.363636363636364,0,0,0.181818181818182,0.909090909090909,0.181818181818182,0,0.0909090909090909,0.272727272727273,0,0.272727272727273,0.909090909090909,0.272727272727273,0.363636363636364,0,0.363636363636364,0.181818181818182,0,0.363636363636364,0.0909090909090909,0,0.272727272727273,0.454545454545455,0.727272727272727,0.272727272727273,0.181818181818182,0.909090909090909,0.363636363636364,0.818181818181818,0.272727272727273,0.363636363636364,0.272727272727273,0.909090909090909,0.0909090909090909,0.181818181818182
"386",386,"M00879","Arginine succinyltransferase pathway, arginine => glutamate",0,0,1,0,0.2,0,0.2,0,0,0,0.6,0,0,1,0.2,0,0,1,0,0,0,0,0,0.4,0,0.2,0,0,0.6,0,0,0,0,0.2,0.2,0,0.6,1,0,0.6,0,0,0,0,0,0,0.4,0,0,0.8,0,1,0,0,0.4,0,0.2,0,1,0.6,0,0,0.2,1,0.2
"387",387,"M00880","Molybdenum cofactor biosynthesis, GTP => molybdenum cofactor",0.555555555555556,0.555555555555556,0.666666666666667,0.555555555555556,0.555555555555556,0.555555555555556,0.555555555555556,0.555555555555556,0,0.555555555555556,0,0.555555555555556,0.555555555555556,0.666666666666667,0.555555555555556,0,0.333333333333333,0.666666666666667,0.555555555555556,0.555555555555556,0.555555555555556,0,0.555555555555556,0.111111111111111,0.555555555555556,0,0,0.555555555555556,0,0,0.555555555555556,0,0,0.555555555555556,0.555555555555556,0,0,0.333333333333333,0,0,0.555555555555556,0.444444444444444,0,0.333333333333333,0,0.555555555555556,0.444444444444444,0,0.555555555555556,0.777777777777778,0,0.555555555555556,0.444444444444444,0,0.555555555555556,0,0.555555555555556,0.555555555555556,0.666666666666667,0.333333333333333,0.555555555555556,0,0.555555555555556,0.666666666666667,0.555555555555556
"388",388,"M00881","Lipoic acid biosynthesis, plants and bacteria, octanoyl-ACP => dihydrolipoyl-E2/H",1,1,1,1,1,1,1,1,1,1,1,1,1,1,1,1,1,1,0,1,1,1,1,1,1,1,0.5,1,0.5,1,1,1,1,1,1,1,1,1,1,1,1,1,1,0.5,0,1,1,1,1,1,0.5,1,1,1,1,1,1,1,1,0.5,1,1,1,1,1
"389",389,"M00882","Lipoic acid biosynthesis, eukaryotes, octanoyl-ACP => dihydrolipoyl-H",0.5,0.5,0.5,0.5,0.5,0.5,0.5,0.5,0.5,0.5,0.5,0.5,0.5,0.5,0.5,0.5,0.5,0.5,0,0.5,0.5,0.5,0.5,0.5,0.5,0.5,0.5,0.5,0,0.5,0.5,0.5,0.5,0.5,0.5,0.5,0.5,0.5,0.5,0.5,0.5,0.5,0.5,0,0,0.5,0.5,0.5,0.5,0.5,0.5,0.5,0.5,0.5,0.5,0.5,0.5,0.5,0.5,0,0.5,0.5,0.5,0.5,0.5
"390",390,"M00883","Lipoic acid biosynthesis, animals and bacteria, octanoyl-ACP => dihydrolipoyl-H => dihydrolipoyl-E2",0.2,0.2,0.2,0.2,0.2,0.2,0.2,0.2,0.2,0.2,0.2,0.2,0.2,0.2,0.2,0.2,0.2,0.2,0,0.2,0.2,0.2,0.2,0.2,0.2,0.2,0.2,0.2,0,0.2,0.2,0.2,0.2,0.2,0.2,0.2,0.2,0.2,0.2,0.2,0.2,0.2,0.2,0,0,0.2,0.2,0.2,0.2,0.2,0.2,0.2,0.2,0.2,0.2,0.2,0.2,0.2,0.2,0,0.2,0.2,0.2,0.2,0.2
"391",391,"M00884","Lipoic acid biosynthesis, octanoyl-CoA => dihydrolipoyl-E2",0.5,0.5,0.5,0.5,0.5,0.5,0.5,0.5,0.5,0.5,0.5,0.5,0.5,0.5,0.5,0.5,0.5,0.5,0,0.5,0.5,0.5,0.5,0.5,0.5,0.5,0.5,0.5,0,0.5,0.5,0.5,0.5,0.5,0.5,0.5,0.5,0.5,0.5,0.5,0.5,0.5,0.5,0,0,0.5,0.5,0.5,0.5,0.5,0.5,0.5,0.5,0.5,0.5,0.5,0.5,0.5,0.5,0,0.5,0.5,0.5,0.5,0.5
"392",392,"M00885","Meromycolic acid biosynthesis, initiation and elongation FAS II (KasA)",0.181818181818182,0.181818181818182,0.181818181818182,0.181818181818182,0.181818181818182,0.181818181818182,0.181818181818182,0.181818181818182,0.181818181818182,0.272727272727273,0.181818181818182,0.181818181818182,0.181818181818182,0.181818181818182,0.272727272727273,0.181818181818182,0.181818181818182,0.181818181818182,0.0909090909090909,0.272727272727273,0.181818181818182,0.181818181818182,0.181818181818182,0.181818181818182,0.181818181818182,0.181818181818182,0.181818181818182,0.181818181818182,0.181818181818182,0.181818181818182,0.181818181818182,0.0909090909090909,0.181818181818182,0.181818181818182,0.181818181818182,0.181818181818182,0.181818181818182,0.181818181818182,0.181818181818182,0.181818181818182,0.181818181818182,0.727272727272727,0.181818181818182,0.0909090909090909,0,0.181818181818182,0.181818181818182,0.181818181818182,0.181818181818182,0.181818181818182,0.181818181818182,0.181818181818182,0.0909090909090909,0.181818181818182,0.181818181818182,0.181818181818182,0.181818181818182,0.181818181818182,0.181818181818182,0.181818181818182,0.181818181818182,0.181818181818182,0.181818181818182,0.181818181818182,0.181818181818182
"393",393,"M00886","Meromycolic acid biosynthesis, initiation and elongation FAS II (KasA and KasB)",0.125,0.125,0.125,0.125,0.125,0.125,0.125,0.125,0.125,0.1875,0.125,0.125,0.125,0.125,0.1875,0.125,0.125,0.125,0.0625,0.1875,0.125,0.125,0.125,0.125,0.125,0.125,0.125,0.125,0.125,0.125,0.125,0.0625,0.125,0.125,0.125,0.125,0.125,0.125,0.125,0.125,0.125,0.625,0.125,0.0625,0,0.125,0.125,0.125,0.125,0.125,0.125,0.125,0.0625,0.125,0.125,0.125,0.125,0.125,0.125,0.125,0.125,0.125,0.125,0.125,0.125
"394",394,"M00887","Mycolic acid biosynthesis, meromycolic acid + alpha-carboxyacyl-CoA + trehalose => TMM => TDM/mAGP/GMM",0,0,0,0,0,0,0,0,0,0.125,0,0,0,0,0.125,0,0,0,0.125,0.125,0,0,0,0,0,0,0,0,0,0,0,0,0,0,0,0,0,0,0,0,0,0.5,0,0,0,0,0,0,0,0,0,0,0,0,0,0,0,0,0,0,0,0,0,0,0
"395",395,"M00888","Galactofuranan biosynthesis, decaprenyl phosphate + UDP-GlcNAc (+ dTDP-Rha/UDP-Galf) => GL-5",0.25,0,0.25,0.25,0.5,0,0.25,0,0,0,0,0,0.25,0,0.25,0,0,0,0.5,0.25,0,0,0.25,0,0,0,0.25,0,0,0,0,0.25,0,0,0.25,0,0,0,0,0,0.25,1,0,0,0,0.25,0,0,0.25,0.25,0,0.25,0,0.25,0,0,0.25,0,0.25,0,0.25,0,0.25,0,0
"396",396,"M00889","Puromycin biosynthesis, ATP => puromycin",0,0,0,0,0,0,0,0,0,0,0,0,0,0,0,0,0,0,0,0,0,0,0,0,0,0,0,0,0,0,0,0,0,0,0,0,0,0,0,0,0,0,0,0,0,0,0,0,0,0,0,0,0,0,0,0,0,0,0,0,0,0,0,0,0
"397",397,"M00890","Roseoflavin biosynthesis, FMN => roseoflavin",0,0,0,0,0,0,0,0,0,0,0,0,0,0,0,0,0,0,0,0,0,0,0,0,0,0,0,0,0,0,0,0,0,0,0,0,0,0,0,0,0,0,0,0,0,0,0,0,0,0,0,0,0,0,0,0,0,0,0,0,0,0,0,0,0
"398",398,"M00891","Ditryptophenaline biosynthesis, tryptophan + phenylalanine => ditryptophenaline",0,0,0,0,0,0,0,0,0,0,0,0,0,0,0,0,0,0,0,0,0,0,0,0,0,0,0,0,0,0,0,0,0,0,0,0,0,0,0,0,0,0,0,0,0,0,0,0,0,0,0,0,0,0,0,0,0,0,0,0,0,0,0,0,0
"399",399,"M00892","UDP-N-acetyl-D-glucosamine biosynthesis, eukaryotes, glucose => UDP-GlcNAc",0.375,0.375,0.375,0.375,0.375,0.375,0.375,0.375,0.125,0.375,0.25,0.375,0.375,0.375,0.375,0.25,0.375,0.375,0.375,0.375,0.375,0.125,0.125,0.25,0.375,0.25,0.125,0.375,0.25,0.375,0.375,0.25,0.25,0.375,0.375,0.25,0.25,0.375,0.25,0.25,0.375,0.375,0.375,0.375,0,0.25,0.375,0.25,0.375,0.375,0.5,0.375,0.375,0.25,0.375,0.25,0.375,0.375,0.375,0.375,0.375,0.25,0.375,0.375,0.375
"400",400,"M00893","Lovastatin biosynthesis, malonyl-CoA => lovastatin acid",0,0,0,0,0,0,0,0,0,0,0,0,0,0,0,0,0,0,0,0,0,0,0,0,0,0,0,0,0,0,0,0,0,0,0,0,0,0,0,0,0,0,0,0,0,0,0,0,0,0,0,0,0,0,0,0,0,0,0,0,0,0,0,0,0
"401",401,"M00894","Cannabidiol biosynthesis, malonyl-CoA => cannabidiol/dronabinol",0,0,0,0,0,0,0,0,0,0,0,0,0,0,0,0,0,0,0,0,0,0,0,0,0,0,0,0,0,0,0,0,0,0,0,0,0,0,0,0,0,0,0,0,0,0,0,0,0,0,0,0,0,0,0,0,0,0,0,0,0,0,0,0,0
"402",402,"M00895","Thiamine biosynthesis, prokaryotes, AIR (+ DXP/glycine) => TMP/TPP",0.7,0.6,0.6,0.6,0.6,0.2,0.6,0.6,0.1,0.6,0.6,0.6,0.7,0.8,0.6,0.1,0.6,0.8,0.1,0.7,0.7,0.1,0.6,0.2,0.6,0.6,0.1,0.6,0.4,0.1,0.3,0,0.3,0.6,0.6,0.1,0,0.7,0.6,0.1,0.2,0.7,0.3,0,0,0.6,0.5,0,0.3,0.7,0,0.8,0.6,0.6,0.5,0.1,0.6,0.2,0.6,0.3,0.7,0.1,0.6,0.8,0.6
"403",403,"M00896","Thiamine biosynthesis, archaea, AIR (+ NAD+) => TMP/TPP",0.571428571428571,0.428571428571429,0.571428571428571,0.428571428571429,0.428571428571429,0.285714285714286,0.428571428571429,0.428571428571429,0.142857142857143,0.428571428571429,0.571428571428571,0.571428571428571,0.571428571428571,0.571428571428571,0.428571428571429,0.142857142857143,0.428571428571429,0.571428571428571,0.142857142857143,0.571428571428571,0.571428571428571,0.142857142857143,0.571428571428571,0.142857142857143,0.428571428571429,0.571428571428571,0.142857142857143,0.571428571428571,0.428571428571429,0.142857142857143,0.285714285714286,0,0.428571428571429,0.571428571428571,0.428571428571429,0.142857142857143,0,0.571428571428571,0.571428571428571,0.142857142857143,0.142857142857143,0.571428571428571,0.428571428571429,0,0,0.428571428571429,0.428571428571429,0,0.428571428571429,0.428571428571429,0,0.571428571428571,0.428571428571429,0.571428571428571,0.571428571428571,0.142857142857143,0.428571428571429,0.142857142857143,0.571428571428571,0.428571428571429,0.571428571428571,0.142857142857143,0.428571428571429,0.571428571428571,0.571428571428571
"404",404,"M00897","Thiamine biosynthesis, plants, AIR (+ NAD+) => TMP/thiamine/TPP",0.2,0.4,0.2,0.4,0.4,0.2,0.4,0.2,0.2,0.4,0.2,0.4,0.2,0.2,0.4,0.2,0.4,0.2,0.2,0.2,0.2,0.2,0.2,0.2,0.4,0.2,0.2,0.4,0.2,0,0.4,0.2,0,0.2,0.4,0.2,0,0.2,0.4,0,0.2,0.2,0.2,0.2,0,0.4,0.2,0.2,0,0.2,0,0.2,0.4,0.2,0.2,0.2,0.4,0.2,0.2,0.2,0.2,0.2,0.4,0.2,0.2
"405",405,"M00898","Thiamine biosynthesis, pyridoxal-5P => TMP/thiamine/TPP",0,0,0,0,0,0.2,0,0.2,0.2,0.2,0,0.2,0,0,0,0.2,0,0,0,0,0,0.2,0,0.2,0,0,0.2,0.2,0,0,0.2,0.2,0,0,0,0.2,0,0,0.2,0,0.2,0,0.2,0.2,0,0,0,0.2,0,0,0,0,0.2,0,0,0.2,0,0.2,0,0,0,0.2,0,0,0
"406",406,"M00899","Thiamine salvage pathway, HMP/HET => TMP",0.4,0.4,0.4,0.4,0.4,0.2,0.4,0.4,0.2,0.4,0.4,0.4,0.4,0.4,0.4,0,0.4,0.4,0.6,0.4,0.4,0,0.4,0,0.4,0.4,0.2,0.4,0.2,0,0.2,0,0.6,0.4,0.4,0,0,0.4,0.4,0,0.2,0.6,0.4,0,0,0.4,0.2,0,0.4,0.2,0,0.4,0.4,0.4,0.4,0,0.4,0.2,0.4,0.4,0.6,0,0.4,0.4,0.4
"407",407,"M00900","Crocin biosynthesis, crocetin => crocin",0,0,0,0,0,0,0,0,0,0,0,0,0,0,0,0,0,0,0,0,0,0,0,0,0,0,0,0,0,0,0,0,0,0,0,0,0,0,0,0,0,0,0,0,0,0,0,0,0,0,0,0,0,0,0,0,0,0,0,0,0,0,0,0,0
"408",408,"M00901","Fumiquinazoline biosynthesis, tryptophan + alanine + anthranilate => fumiquinazoline",0,0,0,0,0,0,0,0,0,0,0,0,0,0,0,0,0,0,0,0,0,0,0,0,0,0,0,0,0,0,0,0,0,0,0,0,0,0,0,0,0,0,0,0,0,0,0,0,0,0,0,0,0,0,0,0,0,0,0,0,0,0,0,0,0
"409",409,"M00902","Podophyllotoxin biosynthesis, coniferyl alcohol => podophyllotoxin",0,0,0,0,0,0,0,0,0,0,0,0,0,0,0,0,0,0,0,0,0,0,0,0,0,0,0,0,0,0,0,0,0,0,0,0,0,0,0,0,0,0,0,0,0,0,0,0,0,0,0,0,0,0,0,0,0,0,0,0,0,0,0,0,0
"410",410,"M00903","Fosfomycin biosynthesis, phosphoenolpyruvate => fosfomycin",0,0,0,0,0,0,0,0,0,0,0,0,0,0,0,0,0,0,0,0,0,0,0,0,0,0,0.166666666666667,0,0,0,0,0,0,0,0,0,0,0,0,0,0,0,0,0,0,0,0.166666666666667,0,0,0,0,0,0,0,0,0,0,0,0,0,0,0,0,0,0
"411",411,"M00904","Dapdiamides biosynthesis, L-2,3-diaminopropanoate => dapdiamide A/B/C",0,0,0,0,0,0,0,0,0,0,0,0,0,0,0,0,0,0,0,0,0,0,0,0,0,0,0,0,0,0,0,0,0,0,0,0,0,0,0,0,0,0,0,0,0,0,0,0,0,0,0,0,0,0,0,0,0,0,0,0,0,0,0,0,0
"412",412,"M00905","Grixazone biosynthesis, aspartate 4-semialdehyde => grixazone B",0,0.333333333333333,0,0,0,0,0,0,0,0,0,0,0,0,0,0,0,0,0,0,0,0,0,0,0.333333333333333,0,0,0,0,0,0,0,0,0,0,0,0,0,0,0,0,0,0,0,0,0,0,0,0,0,0,0,0,0,0,0,0,0,0,0,0,0,0,0,0
"413",413,"M00906","Ethynylserine biosynthesis, lysine => ethynylserine",0,0,0,0,0,0,0,0,0,0,0,0,0,0,0,0,0,0,0,0,0,0,0,0,0,0,0,0,0,0,0,0,0,0,0,0,0,0,0,0,0,0,0,0,0,0,0,0,0,0,0,0,0,0,0,0,0,0,0,0,0,0,0,0,0
"414",414,"M00909","UDP-N-acetyl-D-glucosamine biosynthesis, prokaryotes, glucose => UDP-GlcNAc",0.625,0.625,0.625,0.75,0.625,0.375,0.625,0.75,0.25,0.625,0.625,0.375,0.625,0.625,0.625,0.375,0.625,0.625,0.625,0.625,0.5,0.25,0.25,0.5,0.625,0.625,0.375,0.625,0.625,0.375,0.625,0.5,0.5,0.625,0.625,0.25,0.5,0.625,0.25,0.5,0.625,0.75,0.375,0.375,0.125,0.5,0.625,0.5,0.75,0.625,0.375,0.625,0.75,0.375,0.625,0.25,0.625,0.625,0.625,0.5,0.75,0.25,0.625,0.625,0.625
"415",415,"M00910","Phenylalanine biosynthesis, chorismate => arogenate => phenylalanine",0,0,0,0,0,0,0,0,0,0,0,0,0,0,0,0,0,0,0,0,0,0,0,0,0,0,0,0,0,0,0,0,0,0,0,0,0,0,0,0,0,0,0,0,0,0,0,0,0,0,0,0,0,0,0,0,0,0,0,0,0,0,0,0,0
"416",416,"M00911","Riboflavin biosynthesis, fungi, GTP => riboflavin/FMN/FAD",0.25,0.25,0.375,0.375,0.25,0.25,0.5,0.375,0,0.25,0.25,0.25,0.25,0.375,0.25,0.125,0.25,0.375,0.375,0.25,0.25,0.25,0.25,0.25,0.25,0.375,0.25,0.25,0.25,0,0.5,0,0,0.5,0.25,0.25,0,0.375,0.25,0.25,0.375,0.25,0.125,0.25,0,0.25,0.25,0.25,0.25,0.25,0,0.375,0.25,0.25,0.25,0.25,0.25,0.5,0.375,0.125,0.375,0.25,0.25,0.375,0.5
"417",417,"M00912","NAD biosynthesis, tryptophan => quinolinate => NAD",0.538461538461538,0.538461538461538,0.461538461538462,0.615384615384615,0.615384615384615,0.307692307692308,0.615384615384615,0.307692307692308,0.153846153846154,0.538461538461538,0.230769230769231,0.307692307692308,0.615384615384615,0.461538461538462,0.615384615384615,0.538461538461538,0.538461538461538,0.230769230769231,0.384615384615385,0.615384615384615,0.615384615384615,0.538461538461538,0.538461538461538,0.384615384615385,0.538461538461538,0.461538461538462,0.307692307692308,0.384615384615385,0.230769230769231,0.538461538461538,0.384615384615385,0.153846153846154,0,0.538461538461538,0.615384615384615,0.461538461538462,0,0.230769230769231,0.538461538461538,0.153846153846154,0.384615384615385,0.538461538461538,0.384615384615385,0.384615384615385,0,0.384615384615385,0.307692307692308,0.230769230769231,0.538461538461538,0.307692307692308,0.153846153846154,0.538461538461538,0.230769230769231,0.538461538461538,0.230769230769231,0.538461538461538,0.615384615384615,0.384615384615385,0.461538461538462,0.153846153846154,0.384615384615385,0.538461538461538,0.615384615384615,0.230769230769231,0.538461538461538
"418",418,"M00913","Pantothenate biosynthesis, 2-oxoisovalerate/spermine => pantothenate",0.8,0.8,0.6,0.6,0.8,0.6,0.8,0.8,0,0.6,0.4,0.6,0.8,0.8,0.8,0.4,0.6,0.6,0.8,0.8,0.8,0.6,0.6,0.6,0.8,0.4,0.6,0.8,0.2,0.6,0.8,0,0.2,0.6,0.6,0.6,0,0.6,0.6,0.6,0.8,0.6,0.8,0.6,0,0.8,0.8,0.4,0.8,0.6,0,0.8,0.8,0.6,0.6,0.6,0.8,0.8,0.6,0.4,0.6,0.6,0.8,0.6,0.6
"419",419,"M00914","Coenzyme A biosynthesis, archaea, 2-oxoisovalerate => 4-phosphopantoate => CoA",0.428571428571429,0.428571428571429,0.285714285714286,0.428571428571429,0.428571428571429,0.285714285714286,0.428571428571429,0.428571428571429,0,0.285714285714286,0.285714285714286,0.285714285714286,0.428571428571429,0.428571428571429,0.428571428571429,0.142857142857143,0.285714285714286,0.285714285714286,0.428571428571429,0.428571428571429,0.428571428571429,0.285714285714286,0.285714285714286,0.285714285714286,0.428571428571429,0.142857142857143,0.285714285714286,0.428571428571429,0.285714285714286,0.285714285714286,0.428571428571429,0,0,0.285714285714286,0.428571428571429,0.285714285714286,0,0.285714285714286,0.285714285714286,0.285714285714286,0.428571428571429,0.285714285714286,0.428571428571429,0.285714285714286,0,0.428571428571429,0.428571428571429,0.285714285714286,0.428571428571429,0.428571428571429,0,0.428571428571429,0.428571428571429,0.285714285714286,0.285714285714286,0.285714285714286,0.428571428571429,0.428571428571429,0.285714285714286,0.285714285714286,0.285714285714286,0.285714285714286,0.428571428571429,0.285714285714286,0.285714285714286
"420",420,"M00915","Caffeine degradation, caffeine => xanthine",0,0,0,0,0,0,0,0,0,0,0,0,0,0,0,0,0,0,0,0,0,0,0,0,0,0,0,0,0,0,0,0,0,0,0,0,0,0,0,0,0,0,0,0,0,0,0,0,0,0,0,0.333333333333333,0,0,0,0,0,0,0,0,0,0,0,0,0
"421",421,"M00916","Pyridoxal-P biosynthesis, R5P + glyceraldehyde-3P + glutamine => pyridoxal-P",0,0,0,0,0,0,0,0,0,0,0,0,0,0,0,0,0,0,0.5,0,0,0,0,0,0,0,0,0,0,0,0,0,0,0,0,0,0,0,0,0,0,1,0,0,0,0,0,0,0,0,0,0,0,0,0,0,0,0,0,0,0,0,0,0,0
"422",422,"M00917","Phytosterol biosynthesis, squalene 2,3-epoxide => campesterol/sitosterol",0,0,0,0,0,0,0,0,0,0,0,0,0,0.0769230769230769,0,0,0,0,0,0,0,0,0.0769230769230769,0,0,0.0769230769230769,0,0,0,0,0,0,0,0,0,0,0,0,0,0.0769230769230769,0,0.0769230769230769,0,0,0,0,0,0,0,0,0,0,0,0.0769230769230769,0,0,0,0,0,0,0,0,0.0769230769230769,0,0
"423",423,"M00918","Aerobactin biosynthesis, lysine => aerobactin",0,0,0,0.25,0,0,0,0,0,0.5,0,0,0,0.25,0,0,0,0.25,0,0.25,0,0,0,0,0,0,0,0,0,0,0,0,0,0.25,0.25,0,0,0,0,0,0,0,0,0,0,0,0,0,0,0,0,0.25,0,0,0,0,0,0,0,0,0,0,0,0,0.25
"424",424,"M00919","Ectoine degradation, ectoine => aspartate",0,0,0,0,0,0,0,0.25,0,1,0,0,0,0,0,0,0,0,0,0,0,0,0,0,0,0,0,0,0,0,0.75,0,0,0,0,0,0,0,0,0,0,0,0,0,0,0,0,0,0.25,0,0,0,0.25,0,0,0,0,0,0,0,0.25,0,0,0,0
"425",425,"M00921","Cyclooctatin biosynthesis, dimethylallyl-PP + isopentenyl-PP => cyclooctatin",0,0,0,0,0,0,0,0,0,0,0,0,0,0,0,0,0,0,0.25,0,0,0,0,0,0,0,0,0,0,0,0,0,0,0,0,0,0,0,0,0,0,0.25,0,0,0.25,0,0,0,0,0,0,0,0,0,0,0,0,0,0,0,0,0,0,0,0
"426",426,"M00922","CMP-Neu5Ac biosynthesis, UDP-GlcNAc => CMP-Neu5Ac",0.666666666666667,0,0,0,0,0.666666666666667,0,0.333333333333333,0.333333333333333,0.333333333333333,0.333333333333333,0.333333333333333,0.333333333333333,0.666666666666667,0,0,0,0,0,0,0.333333333333333,0.333333333333333,0,0.666666666666667,0,0,0,0.333333333333333,0,0.333333333333333,0,0,0,0.666666666666667,0.333333333333333,0.333333333333333,0.666666666666667,0,0.666666666666667,0.666666666666667,0,0,0,0.333333333333333,0,0,0.666666666666667,0,0.333333333333333,0.333333333333333,0,0,0.333333333333333,0.333333333333333,0,0,0,0,0,0.666666666666667,0,0.666666666666667,0.333333333333333,0.666666666666667,0.666666666666667
"427",427,"M00923","UDP-L-FucNAm biosynthesis, UDP-GlcNAc => UDP-L-FucNAm",0.25,0,0,0,0,0.25,0,0.25,0.25,0,0,0,0,0.25,0,0,0,0,0,0,0,0.25,0,0.25,0,0,0,0,0.25,0,0,0,0,0.25,0,0,0,0,0.25,0,0,0,0,0,0,0,0.5,0,0,0,0,0.25,0.25,0.25,0,0,0,0,0,0,0,0.25,0,0,0.25
"428",428,"M00924","Cobalamin biosynthesis, anaerobic, uroporphyrinogen III => sirohydrochlorin => cobyrinate a,c-diamide",0.136363636363636,0.136363636363636,0.136363636363636,0.318181818181818,0.136363636363636,0.136363636363636,0.136363636363636,0.545454545454545,0,0.545454545454545,0,0.136363636363636,0.136363636363636,0.636363636363636,0.136363636363636,0,0.136363636363636,0.545454545454545,0.0454545454545455,0.136363636363636,0.136363636363636,0,0.136363636363636,0,0.136363636363636,0.0454545454545455,0,0.0909090909090909,0,0,0.545454545454545,0,0,0.136363636363636,0.181818181818182,0,0,0.318181818181818,0.181818181818182,0,0.5,0.454545454545455,0.136363636363636,0.136363636363636,0,0.454545454545455,0.136363636363636,0,0.5,0.0454545454545455,0,0.636363636363636,0.545454545454545,0.181818181818182,0.0909090909090909,0,0.590909090909091,0.0909090909090909,0.136363636363636,0.0454545454545455,0.5,0,0.590909090909091,0.136363636363636,0.136363636363636
"429",429,"M00925","Cobalamin biosynthesis, aerobic, uroporphyrinogen III => precorrin 2 => cobyrinate a,c-diamide",0.176470588235294,0.117647058823529,0.176470588235294,0.352941176470588,0.0588235294117647,0.117647058823529,0.176470588235294,0.823529411764706,0,0.764705882352941,0.117647058823529,0.117647058823529,0.176470588235294,0.823529411764706,0.117647058823529,0,0.117647058823529,0.705882352941177,0.0588235294117647,0.294117647058824,0.235294117647059,0,0.117647058823529,0,0.117647058823529,0,0,0.0588235294117647,0.117647058823529,0,0.823529411764706,0,0,0.117647058823529,0.176470588235294,0,0,0.470588235294118,0.117647058823529,0,0.764705882352941,0.764705882352941,0.117647058823529,0.117647058823529,0,0.647058823529412,0.117647058823529,0,0.941176470588235,0.0588235294117647,0,0.823529411764706,0.823529411764706,0.117647058823529,0.176470588235294,0,0.529411764705882,0.176470588235294,0.176470588235294,0,0.823529411764706,0,0.529411764705882,0.117647058823529,0.117647058823529
"430",430,"M00926","Heme biosynthesis, bacteria, glutamyl-tRNA => coproporphyrin III => heme",0.7,0.7,0.7,0.6,0.7,0.8,0.7,0.6,0.6,0.5,0.6,0.8,0.7,0.7,0.6,0.7,0.6,0.7,0.9,0.7,0.7,0.1,0.8,0.7,0.7,0.7,0.7,0.6,0.4,0.1,0.6,0.5,0,0.7,0.6,0.7,0.7,0.5,0.8,0.6,0.6,0.9,0.8,0.8,0,0.7,0.8,0.7,0.5,0.7,0.7,0.7,0.6,0.8,0.6,0.7,0.7,0.5,0.7,0.7,0.6,0.7,0.7,0.7,0.7
"431",431,"M00927","Gibberellin A12 biosynthesis, GAPP => GA12",0,0,0,0,0,0,0,0,0,0,0,0,0,0,0,0,0,0,0,0,0,0,0,0,0,0,0,0,0,0,0,0,0,0,0,0,0,0,0,0,0,0,0,0,0,0,0,0,0,0,0,0,0,0,0,0,0,0,0,0,0,0,0,0,0
"432",432,"M00928","Gibberellin A4/A1 biosynthesis, GA12/GA53 => GA4/GA1",0,0,0,0,0,0,0,0,0,0,0,0,0,0,0,0,0,0,0,0,0,0,0,0,0,0,0,0,0,0,0,0,0,0,0,0,0,0,0,0,0,0,0,0,0,0,0,0,0,0,0,0,0,0,0,0,0,0,0,0,0,0,0,0,0
"433",433,"M00929","Gibberellin A1 biosynthesis, GGPP => GA1",0,0,0,0,0,0,0,0,0,0,0,0,0,0,0,0,0,0,0,0,0,0,0,0,0,0,0,0,0,0,0,0,0,0,0,0,0,0,0,0,0,0,0,0,0,0,0,0,0,0,0,0,0,0,0,0,0,0,0,0,0,0,0,0,0
"434",434,"M00930","Menaquinone biosynthesis, futalosine pathway",0,0,0,0,0,0,0,0,0,0,0,0,0,0,0,0,0,0,0.142857142857143,0,0,0,0.857142857142857,0,0,0,0,0,0,0.857142857142857,0,0,0,0,0,0,0,0,0,0,0,0,0.714285714285714,0.857142857142857,0,0,0.714285714285714,0,0.142857142857143,0,0,0,0,0,0,0,0,0,0,0,0,0,0,0,0
"435",435,"M00931","Menaquinone biosynthesis, modified futalosine pathway",0,0,0,0,0,0,0,0,0,0,0,0,0,0,0,0,0,0,0,0,0,0,0.8,0,0,0,0,0,0,0.8,0,0,0,0,0,0,0,0,0,0,0,0,0.6,0.8,0,0,0.8,0,0,0,0,0,0,0,0,0,0,0,0,0,0,0,0,0,0
"436",436,"M00932","Phylloquinone biosynthesis, chorismate (+ phytyl-PP) => phylloquinol",0.0769230769230769,0.0769230769230769,0.0769230769230769,0,0,0.384615384615385,0.153846153846154,0,0,0.0769230769230769,0,0.384615384615385,0.0769230769230769,0.0769230769230769,0.0769230769230769,0.307692307692308,0,0.0769230769230769,0.384615384615385,0.230769230769231,0.153846153846154,0.384615384615385,0.0769230769230769,0.461538461538462,0.0769230769230769,0,0,0.0769230769230769,0,0,0.0769230769230769,0,0,0,0,0.384615384615385,0,0.0769230769230769,0.384615384615385,0,0,0.384615384615385,0.0769230769230769,0.0769230769230769,0,0,0.0769230769230769,0.0769230769230769,0,0,0.538461538461538,0.0769230769230769,0,0.384615384615385,0.153846153846154,0.384615384615385,0,0.0769230769230769,0.0769230769230769,0,0,0.384615384615385,0,0.0769230769230769,0
"437",437,"M00933","Plastoquinone biosynthesis, homogentisate + solanesyl-PP => plastoquinol",0,0,0,0,0,0,0,0,0,0,0,0,0,0,0,0,0,0,0,0,0,0,0,0,0,0,0,0,0,0,0,0,0,0,0,0,0,0,0,0,0,0,0,0,0,0,0,0,0,0,0,0,0,0,0,0,0,0,0,0,0,0,0,0,0
"438",438,"M00934","Mycinamicin biosynthesis, malonyl-CoA + methylmalonyl-CoA => protomycinolide IV => mycinamicin II",0,0,0,0,0,0,0,0,0,0,0,0,0,0,0,0,0,0,0,0,0,0,0,0,0,0,0,0,0,0,0,0,0,0,0,0,0,0,0,0,0,0,0,0,0,0,0,0,0,0,0,0,0,0,0,0,0,0,0,0,0,0,0,0,0
"439",439,"M00935","Methanofuran biosynthesis",0,0,0,0,0,0,0,0,0,0,0,0,0,0,0,0,0,0,0,0,0,0,0,0,0,0,0,0,0,0,0,0,0,0,0,0,0,0,0,0,0,0.166666666666667,0,0,0,0,0,0,0,0,0,0,0,0,0,0,0,0,0,0,0,0,0,0,0
"440",440,"M00936","Melatonin biosynthesis, plants, tryptophan => serotonin => melatonin",0,0,0,0,0,0,0,0,0,0.2,0,0,0,0,0,0,0,0,0,0,0,0,0,0,0,0,0,0,0,0,0,0,0,0,0,0,0,0,0,0,0.2,0,0,0,0,0,0,0,0,0,0,0,0,0,0,0,0.2,0,0,0,0,0,0.2,0,0
"441",441,"M00937","Aflatoxin biosynthesis, malonyl-CoA => aflatoxin B1",0,0,0,0,0,0,0,0,0,0,0,0,0,0,0,0,0,0,0,0,0,0,0,0,0,0,0,0,0,0,0,0,0,0,0,0,0,0,0,0,0,0,0,0,0,0,0,0,0,0,0,0,0,0,0,0,0,0,0,0,0,0,0,0,0
"442",442,"M00938","Pyrimidine deoxyribonucleotide biosynthesis, UDP => dTTP",0.545454545454545,0.545454545454545,0.545454545454545,0.545454545454545,0.545454545454545,0.363636363636364,0.454545454545455,0.545454545454545,0.545454545454545,0.454545454545455,0.545454545454545,0.363636363636364,0.545454545454545,0.545454545454545,0.545454545454545,0.272727272727273,0.545454545454545,0.545454545454545,0.545454545454545,0.545454545454545,0.545454545454545,0.454545454545455,0.454545454545455,0.545454545454545,0.545454545454545,0.545454545454545,0.545454545454545,0.636363636363636,0.454545454545455,0.454545454545455,0.454545454545455,0.363636363636364,0.454545454545455,0.545454545454545,0.545454545454545,0.454545454545455,0.545454545454545,0.454545454545455,0.454545454545455,0.545454545454545,0.454545454545455,0.636363636363636,0.363636363636364,0.454545454545455,0.454545454545455,0.545454545454545,0.454545454545455,0.545454545454545,0.545454545454545,0.454545454545455,0.454545454545455,0.545454545454545,0.545454545454545,0.454545454545455,0.454545454545455,0.454545454545455,0.454545454545455,0.454545454545455,0.454545454545455,0.272727272727273,0.545454545454545,0.454545454545455,0.545454545454545,0.545454545454545,0.545454545454545
"443",443,"M00939","Pyrimidine degradation, uracil => 3-hydroxypropanoate",0,0,0.285714285714286,0.142857142857143,0.142857142857143,0,0,0.428571428571429,0.142857142857143,0.285714285714286,0.142857142857143,0,0,0.285714285714286,0,0,0,0,0,0.571428571428571,0.285714285714286,0,0,0.142857142857143,0,0.142857142857143,0,0,0.142857142857143,0,0.285714285714286,0,0,0.285714285714286,0,0,0,0,0,0,0.142857142857143,0,0,0,0,0,0,0,0.285714285714286,0,0.142857142857143,0.142857142857143,0.428571428571429,0,0.142857142857143,0,0.142857142857143,0,0,0,0.428571428571429,0,0.142857142857143,0,0.285714285714286
"444",444,"M00940","Flavanone biosynthesis, p-coumaroyl-CoA => liquiritigenin",0,0,0,0,0,0,0,0,0,0,0,0,0,0,0,0,0,0,0,0,0,0,0,0,0,0,0,0,0,0,0,0,0,0,0,0,0,0,0,0,0,0,0,0,0,0,0,0,0,0,0,0,0,0,0,0,0,0,0,0,0,0,0,0,0
"445",445,"M00941","Isoflavone biosynthesis, liquiritigenin/naringenin => daidzein/genistein",0,0,0,0,0,0,0,0,0,0,0,0,0,0,0,0,0,0,0,0,0,0,0,0,0,0,0,0,0,0,0,0,0,0,0,0,0,0,0,0,0,0,0,0,0,0,0,0,0,0,0,0,0,0,0,0,0,0,0,0,0,0,0,0,0
"446",446,"M00942","Pterocarpan biosynthesis, daidzein => medicarpin",0,0,0,0,0.2,0,0.2,0,0,0,0,0,0,0,0,0,0,0,0,0,0,0,0,0,0,0,0,0,0,0,0,0,0,0,0.2,0,0,0,0,0,0,0,0,0,0,0,0,0,0,0,0,0,0,0,0,0,0,0,0,0,0,0,0,0,0
"447",447,"M00943","Reticuline biosynthesis, dopamine + 4HPAA => (S)-reticuline",0,0,0,0,0,0,0,0,0,0,0,0,0,0,0,0,0,0,0,0,0,0,0,0,0,0,0,0,0,0,0,0,0,0,0,0,0,0,0,0,0,0,0,0,0,0,0,0,0,0,0,0,0,0,0,0,0,0,0,0,0,0,0,0,0
"448",448,"M00944","Morphine biosynthesis, (S)-reticuline => morphine",0,0,0,0,0,0,0,0,0,0,0,0,0,0,0,0,0,0,0,0,0,0,0,0,0,0,0,0,0,0,0,0,0,0,0,0,0,0,0,0,0,0,0,0,0,0,0,0,0,0,0,0,0,0,0,0,0,0,0,0,0,0,0,0,0
"449",449,"M00945","Sanguinarine biosynthesis, (S)-reticuline => sanguinarine",0,0,0,0,0,0,0,0,0,0,0,0,0,0,0,0,0,0,0,0,0,0,0,0,0,0,0,0,0,0,0,0,0,0,0,0,0,0,0,0,0,0,0,0,0,0,0,0,0,0,0,0,0,0,0,0,0,0,0,0,0,0,0,0,0
"450",450,"M00946","Noscapine biosynthesis, (S)-reticuline => noscapine",0,0,0,0,0,0,0,0,0,0,0,0,0,0,0,0,0,0,0,0,0,0,0,0,0,0,0,0,0,0,0,0,0,0,0,0,0,0,0,0,0,0,0,0,0,0,0,0,0,0,0,0,0,0,0,0,0,0,0,0,0,0,0,0,0
"451",451,"M00947","D-Arginine racemization, D-arginine => L-arginine",0.5,0,0.5,0,0,0,0.5,0.5,0,0.5,0,0,0.5,1,0.5,0,0,0.5,0,0.5,0,0,0,0,0,0,0,0,0,0,0,0,0,0,0,0,0,0,0,0,0.5,0,0,0,0,0,0.5,0,0.5,0,0,1,0.5,0,0,0,0.5,0.5,0.5,0,0,0,0.5,1,0
"452",452,"M00948","Hydroxyproline degradation, trans-4-hydroxy-L-proline => 2-oxoglutarate",0.428571428571429,0,0.428571428571429,0.142857142857143,0,0.428571428571429,0.285714285714286,0.142857142857143,0,0.285714285714286,0,0.428571428571429,0.428571428571429,0.571428571428571,0.571428571428571,0,0,0,0,0.428571428571429,0,0,0,0,0,0,0,0,0,0,0.142857142857143,0,0,0.571428571428571,0.428571428571429,0,0,0,0,0,0.428571428571429,0.142857142857143,0.428571428571429,0.285714285714286,0,0,0,0,0.428571428571429,0.428571428571429,0,0.571428571428571,0.142857142857143,0.142857142857143,0,0,0.428571428571429,0.142857142857143,0.428571428571429,0.428571428571429,0.285714285714286,0,0.428571428571429,0,0.428571428571429
"453",453,"M00949","Staphylopine biosynthesis, L-histidine => staphylopine",0,0,0,0,0,0,0,0,0,0,0,0,0,0,0,0,0,0,0,0,0,0,0,0,0,0,0,0,0,0,0,0,0,0,0,0,0,0,0,0,0,0,0,0,0,0,0,0,0,0,0,0,0,0,0,0,0,0,0,0,0,0,0,0,0
"454",454,"M00950","Biotin biosynthesis, BioU pathway, pimeloyl-ACP/CoA => biotin",0.75,0,0.75,0.25,0.75,0.25,0.75,0.25,0,0.75,0.75,0.75,0.75,0.75,0.75,0.75,0,0.75,0,0.25,0.75,0,0.75,0,0,0.75,0,0.75,0.75,0.25,0,0,0,0.75,0.75,0.75,0,0.75,0.75,0.75,0,0.75,0.75,0.75,0,0.75,0.75,0.75,0,0.75,0.5,0.75,0.25,0.75,0.5,0.75,0.75,0.25,0.75,0.25,0,0.75,0.75,0.75,0.75
"455",455,"M00951","Cremeomycin biosynthesis, aspartate/3,4-AHBA => cremeomycin",0,0,0,0,0,0,0,0,0,0,0,0,0,0,0,0,0,0,0,0,0,0,0,0,0,0,0,0,0,0,0,0,0,0,0,0,0,0,0,0,0,0,0,0,0,0,0,0,0,0,0,0,0,0,0,0,0,0,0,0,0,0,0,0,0
"456",456,"M00952","Benzoxazinoid biosynthesis, indoleglycerol phosphate => DIMBOA-glucoside",0,0,0,0,0,0,0,0,0,0,0,0,0,0,0,0,0,0,0,0,0,0,0,0,0,0,0,0,0,0,0,0,0,0,0,0,0,0,0,0,0,0,0,0,0,0,0,0,0,0,0,0,0,0,0,0,0,0,0,0,0,0,0,0,0
"457",457,"M00953","Mugineic acid biosynthesis, methionine => 3-epihydroxymugineic acid",0.2,0.2,0.2,0.2,0.2,0.2,0.2,0.2,0,0.2,0.2,0.2,0.2,0.2,0.2,0.2,0.2,0.2,0.2,0.2,0.2,0.2,0.2,0.2,0.2,0.2,0.2,0.2,0.2,0.2,0.2,0,0,0.2,0.2,0.2,0.2,0.2,0.2,0.2,0.2,0.2,0.2,0.2,0,0.2,0.2,0.2,0.2,0.2,0,0.2,0.2,0.2,0.2,0.2,0.2,0.2,0.2,0.2,0.2,0.2,0.2,0.2,0.2
"458",458,"M00956","Lysine degradation, bacteria, L-lysine => succinate",0.285714285714286,0.285714285714286,0.142857142857143,0.285714285714286,0.428571428571429,0.142857142857143,0.142857142857143,0.142857142857143,0.142857142857143,0.428571428571429,0.142857142857143,0.285714285714286,0.285714285714286,0.571428571428571,0.285714285714286,0,0.285714285714286,0.428571428571429,0.285714285714286,0.142857142857143,0.428571428571429,0.285714285714286,0.142857142857143,0.285714285714286,0.285714285714286,0,0.142857142857143,0.285714285714286,0,0,0.428571428571429,0,0,0.142857142857143,0.142857142857143,0.142857142857143,0,0.285714285714286,0,0.142857142857143,0.428571428571429,0.428571428571429,0,0,0,0.142857142857143,0.142857142857143,0.142857142857143,0.285714285714286,0.142857142857143,0,0.714285714285714,0.142857142857143,0.142857142857143,0.142857142857143,0.142857142857143,0.142857142857143,0.428571428571429,0.142857142857143,0.142857142857143,0.142857142857143,0,0.142857142857143,0.428571428571429,0.142857142857143
"459",459,"M00957","Lysine degradation, bacteria, L-lysine => glutarate => succinate/acetyl-CoA",0.466666666666667,0.466666666666667,0.266666666666667,0.333333333333333,0.333333333333333,0.4,0.4,0.4,0.266666666666667,0.466666666666667,0.2,0.466666666666667,0.466666666666667,0.666666666666667,0.466666666666667,0.133333333333333,0.466666666666667,0.666666666666667,0.333333333333333,0.4,0.466666666666667,0.333333333333333,0.2,0.533333333333333,0.466666666666667,0.0666666666666667,0.333333333333333,0.333333333333333,0.133333333333333,0.133333333333333,0.466666666666667,0.0666666666666667,0.0666666666666667,0.266666666666667,0.4,0.2,0.2,0.466666666666667,0.133333333333333,0.333333333333333,0.466666666666667,0.466666666666667,0.133333333333333,0.133333333333333,0,0.4,0.466666666666667,0.266666666666667,0.466666666666667,0.333333333333333,0,0.733333333333333,0.4,0.2,0.4,0.2,0.266666666666667,0.466666666666667,0.266666666666667,0.333333333333333,0.4,0.133333333333333,0.266666666666667,0.666666666666667,0.266666666666667
"460",460,"M00958","Adenine ribonucleotide degradation, AMP => Urate",0.407407407407407,0.407407407407407,0.407407407407407,0.444444444444444,0.407407407407407,0.407407407407407,0.37037037037037,0.333333333333333,0.0740740740740741,0.37037037037037,0.148148148148148,0.296296296296296,0.407407407407407,0.555555555555556,0.37037037037037,0.185185185185185,0.407407407407407,0.444444444444444,0.185185185185185,0.518518518518518,0.407407407407407,0.222222222222222,0.296296296296296,0.148148148148148,0.407407407407407,0.259259259259259,0.185185185185185,0.296296296296296,0.148148148148148,0.259259259259259,0.444444444444444,0.111111111111111,0.0740740740740741,0.333333333333333,0.37037037037037,0.185185185185185,0.0740740740740741,0.37037037037037,0.185185185185185,0.111111111111111,0.333333333333333,0.259259259259259,0.111111111111111,0.407407407407407,0,0.37037037037037,0.37037037037037,0.185185185185185,0.407407407407407,0.333333333333333,0.185185185185185,0.37037037037037,0.333333333333333,0.222222222222222,0.148148148148148,0.185185185185185,0.333333333333333,0.444444444444444,0.37037037037037,0.111111111111111,0.37037037037037,0.185185185185185,0.333333333333333,0.444444444444444,0.333333333333333
"461",461,"M00959","Guanine ribonucleotide degradation, GMP => Urate",0.380952380952381,0.380952380952381,0.380952380952381,0.428571428571429,0.380952380952381,0.380952380952381,0.380952380952381,0.285714285714286,0.0476190476190476,0.380952380952381,0.142857142857143,0.238095238095238,0.380952380952381,0.619047619047619,0.380952380952381,0.142857142857143,0.380952380952381,0.476190476190476,0.19047619047619,0.523809523809524,0.380952380952381,0.19047619047619,0.238095238095238,0.0952380952380952,0.380952380952381,0.19047619047619,0.142857142857143,0.238095238095238,0.142857142857143,0.285714285714286,0.428571428571429,0.142857142857143,0.0476190476190476,0.333333333333333,0.333333333333333,0.142857142857143,0.0476190476190476,0.380952380952381,0.142857142857143,0.0952380952380952,0.333333333333333,0.238095238095238,0.142857142857143,0.428571428571429,0,0.333333333333333,0.333333333333333,0.0952380952380952,0.428571428571429,0.285714285714286,0.142857142857143,0.380952380952381,0.380952380952381,0.19047619047619,0.0952380952380952,0.142857142857143,0.333333333333333,0.428571428571429,0.333333333333333,0.0952380952380952,0.380952380952381,0.142857142857143,0.333333333333333,0.476190476190476,0.333333333333333
"462",462,"M00960","Lysine degradation, bacteria, L-lysine => D-lysine => succinate",0,0,0,0,0,0,0,0,0,0.1,0,0,0,0.1,0,0,0,0,0,0,0,0,0,0,0,0,0,0,0,0,0,0,0,0,0,0,0,0,0,0,0,0,0,0,0,0,0,0,0,0,0,0.1,0,0,0,0,0,0,0,0,0,0,0,0,0
"463",463,"M00961","Betacyanin biosynthesis, L-tyrosine => amaranthin",0.2,0.2,0,0.2,0.2,0.2,0,0.2,0,0,0,0.2,0.2,0.2,0.2,0.2,0.2,0.2,0,0.2,0.2,0.2,0.2,0.2,0.2,0.2,0,0,0,0.2,0,0,0,0.2,0.2,0.2,0,0.2,0.2,0,0,0.2,0.2,0.2,0,0.2,0,0,0.2,0.2,0,0.2,0.2,0.2,0,0,0,0,0,0.2,0,0.2,0.2,0.2,0.2
"464",464,"M00962","Psilocybin biosynthesis, tryptophan => psilocybin",0,0,0,0,0,0,0,0,0,0,0,0,0,0,0,0,0,0,0,0,0,0,0,0,0,0,0,0,0,0,0,0,0,0,0,0,0,0,0,0,0,0,0,0,0,0,0,0,0,0,0,0,0,0,0,0,0,0,0,0,0,0,0,0,0
"465",465,"M00963","Chanoclavine aldehyde biosynthesis, tryptophan => chanoclavine-I aldehyde",0,0,0,0,0,0,0,0,0,0,0,0,0,0,0,0,0,0,0,0,0,0,0,0,0,0,0,0,0,0,0,0,0,0,0,0,0,0,0,0,0,0,0,0,0,0,0,0,0,0,0,0,0,0,0,0,0,0,0,0,0,0,0,0,0
"466",466,"M00964","Fumigaclavine biosynthesis, chanoclavine-I aldehyde => fumigaclavine C",0,0,0,0,0,0,0,0,0,0,0,0,0,0,0,0,0,0,0,0,0,0,0,0,0,0,0,0,0,0,0,0,0,0,0,0,0,0,0,0,0,0,0,0,0,0,0,0,0,0,0,0,0,0,0,0,0,0,0,0,0,0,0,0,0
"467",467,"M00965","Vinblastine biosynthesis, geissoschizine => vinblastine",0,0,0,0,0,0,0,0,0,0,0,0,0,0,0,0,0,0,0,0,0,0,0,0,0,0,0,0,0,0,0,0,0,0,0,0,0,0,0,0,0,0,0,0,0,0,0,0,0,0,0,0,0,0,0,0,0,0,0,0,0,0,0,0,0
"468",468,"M00966","Equol biosynthesis, daidzein => equol",0,0,0,0,0,0,0,0,0,0,0,0,0,0,0,0,0,0,0,0,0,0,0,0,0,0,0,0,0,0,0,0,0,0,0,0,0,0,0,0,0,0,0,0,0,0,0,0,0,0,0,0,0,0,0,0,0,0,0,0,0,0,0,0,0
"469",469,"M00967","Flavone degradation, luteolin/apigenin => DHCA/phloretate",0,0,0,0,0,0,0,0,0,0,0,0,0,0,0,0,0,0,0,0,0,0,0,0,0,0,0,0,0,0,0,0,0,0,0,0,0,0,0,0,0,0,0,0,0,0,0,0,0,0,0,0,0,0,0,0,0,0,0,0,0,0,0,0,0
"470",470,"M00968","Pentose bisphosphate pathway (nucleoside degradation), archaea, nucleoside/NMP => 3-PGA/glycerone phosphate",0,0,0,0.1,0.1,0.1,0,0,0,0.1,0,0.1,0,0,0,0.1,0,0,0,0.1,0.1,0.1,0.1,0,0,0,0.1,0,0,0.1,0,0,0,0,0,0.1,0,0,0.1,0,0,0,0.2,0.2,0,0,0.1,0,0.1,0,0.1,0,0,0.1,0,0.1,0,0.1,0,0,0,0.1,0,0,0
"471",471,"M00969","Fumagillin biosynthesis, farnesyl-PP => fumagillin",0,0,0,0,0,0,0,0,0,0,0,0,0,0,0,0,0,0,0,0,0,0,0,0,0,0,0,0,0,0,0,0,0,0,0,0,0,0,0,0,0,0,0,0,0,0,0,0,0,0,0,0,0,0,0,0,0,0,0,0,0,0,0,0,0
"472",472,"M00970","Proline degradation, proline => glutamate",0.666666666666667,0.666666666666667,0.666666666666667,0.666666666666667,0.666666666666667,1,0.666666666666667,0,0.333333333333333,0.333333333333333,0.333333333333333,1,0.666666666666667,0.333333333333333,0.666666666666667,1,0.666666666666667,0.333333333333333,0.333333333333333,0.666666666666667,0.666666666666667,1,1,0.333333333333333,0.666666666666667,0.333333333333333,0.333333333333333,0.666666666666667,0.333333333333333,1,0.333333333333333,0.333333333333333,0,0.666666666666667,0.666666666666667,1,0,0.333333333333333,1,0.333333333333333,0.333333333333333,0.666666666666667,1,1,0,0,0,0.333333333333333,0,0.333333333333333,0.333333333333333,0.333333333333333,0,1,0.333333333333333,1,0.666666666666667,0.333333333333333,0.666666666666667,0.666666666666667,0.333333333333333,1,0.666666666666667,0.333333333333333,0.666666666666667
"473",473,"M00971","QS-7 biosynthesis, 2,3-epoxysqualene => QS-7",0,0,0,0,0,0,0,0,0,0,0,0,0,0,0,0,0,0,0,0,0,0,0,0,0,0,0,0,0,0,0,0,0,0,0,0,0,0,0,0,0,0,0,0,0,0,0,0,0,0,0,0,0,0,0,0,0,0,0,0,0,0,0,0,0
"474",474,"M00972","Proline metabolism",0.333333333333333,0.333333333333333,0.333333333333333,0.333333333333333,0.333333333333333,1,0.333333333333333,0.333333333333333,0,0.333333333333333,0.333333333333333,1,0.333333333333333,0.333333333333333,0.333333333333333,0.333333333333333,0.333333333333333,0.333333333333333,0.666666666666667,0.333333333333333,0.333333333333333,0.666666666666667,1,0.333333333333333,0.333333333333333,0.333333333333333,0.333333333333333,0.333333333333333,0.333333333333333,1,0.333333333333333,0.333333333333333,0,0.333333333333333,0.333333333333333,1,0,0.333333333333333,1,0.333333333333333,0.333333333333333,0.666666666666667,0.666666666666667,0.666666666666667,0,0.333333333333333,0.333333333333333,0.666666666666667,0.333333333333333,0.333333333333333,0.333333333333333,0.333333333333333,0.333333333333333,1,0.333333333333333,0.666666666666667,0.333333333333333,0.333333333333333,0.333333333333333,0.666666666666667,0.666666666666667,0.666666666666667,0.333333333333333,0.333333333333333,0.333333333333333
"475",475,"M00973","Anammox, nitrite + ammonia => nitrogen",0,0,0,0,0.166666666666667,0,0,0,0,0.166666666666667,0,0.166666666666667,0,0.166666666666667,0.166666666666667,0,0,0,0,0,0,0,0.166666666666667,0,0,0,0,0,0,0,0,0,0,0,0.166666666666667,0,0,0,0,0,0,0,0,0,0,0,0.166666666666667,0,0,0,0,0,0,0.166666666666667,0,0,0.166666666666667,0,0,0.166666666666667,0,0,0.333333333333333,0,0
"476",476,"M00974","Betaine metabolism, animals, betaine => glycine",0,0,0,0,0,0,0,0,0,0.75,0,0,0,0,0,0,0,0,0,0,0,0,0,0,0,0,0,0,0,0,0.5,0,0,0,0,0,0,0,0,0,0.5,0,0,0,0,0,0,0,0,0,0,0,0,0,0.25,0,0,0.5,0,0,0,0,0,0,0
"477",477,"M00975","Betaine degradation, bacteria, betaine => pyruvate",0.3125,0.1875,0.3125,0.1875,0.1875,0.1875,0.25,0.25,0.125,0.6875,0.125,0.1875,0.1875,0.6875,0.1875,0.125,0.375,0.6875,0.25,0.25,0.1875,0.0625,0.0625,0.125,0.1875,0.125,0.1875,0.125,0.125,0.125,0.75,0.125,0.0625,0.1875,0.1875,0.1875,0.0625,0.5,0.125,0.125,0.6875,0.25,0.1875,0.1875,0.0625,0.125,0.1875,0.0625,0.4375,0.125,0.1875,0.6875,0.1875,0.125,0.4375,0.125,0.1875,0.6875,0.3125,0.125,0.25,0.125,0.25,0.6875,0.1875
"478",478,"M00976","C19-Steroid hormone biosynthesis, pregnenolone => testosterone => dihydrotestosterone",0,0,0,0,0,0,0,0,0,0,0,0,0,0,0,0,0,0,0,0,0,0,0,0.1,0,0,0,0,0,0,0,0,0,0,0,0,0,0,0,0,0,0,0,0,0,0,0,0,0,0,0,0,0,0,0,0,0,0,0,0,0,0,0,0,0
"479",479,"M00977","C19-Steroid hormone biosynthesis (androgen backdoor pathway), pregnenolone => androsterone => dihydrotestosterone",0,0,0,0,0,0,0,0,0,0,0,0,0,0,0,0,0,0,0,0,0,0,0,0.125,0,0,0,0,0,0,0,0,0,0,0,0,0,0,0,0,0,0,0,0,0,0,0,0,0,0,0,0,0,0,0,0,0,0,0,0,0,0,0,0,0
"480",480,"M00978","Ornithine-ammonia cycle",0.75,0.75,0.75,0.75,0.75,0.625,0.75,0.75,0.125,0.75,0.75,0.625,0.75,0.75,0.75,0.25,0.75,0.75,0.625,0.75,0.75,0.375,0.375,0.75,0.75,0.625,0.375,0.75,0.375,0.375,0.75,0,0,0.75,0.75,0.625,0,0.75,0.375,0.375,0.75,0.75,0.625,0.625,0,0.75,0.75,0.375,0.75,0.75,0.125,0.75,0.75,0.5,0.75,0.375,0.75,0.75,0.75,0.375,0.75,0.375,0.75,0.75,0.75
"481",481,"M00979","Ajmaline biosynthesis, geissoschizine => ajmaline",0,0,0,0,0,0,0,0,0,0,0,0,0,0,0,0,0,0,0,0,0,0,0,0,0,0,0,0,0,0,0,0,0,0,0,0,0,0,0,0,0,0,0,0,0,0,0,0,0,0,0,0,0,0,0,0,0,0,0,0,0,0,0,0,0
"482",482,"M00980","Strychnine biosynthesis, geissoschizine => strychnine",0,0,0,0,0,0,0,0,0,0,0,0,0,0,0,0,0,0,0,0,0,0,0,0,0,0,0,0,0,0,0,0,0,0,0,0,0,0,0,0,0,0,0,0,0,0,0,0,0,0,0,0,0,0,0,0,0,0,0,0,0,0,0,0,0
"483",483,"M00981","Geissoschizine biosynthesis, tryptophan => geissoschizine",0,0,0,0,0,0,0,0,0,0.25,0,0,0,0,0,0,0,0,0,0,0,0,0,0,0,0,0,0,0,0,0,0,0,0,0,0,0,0,0,0,0.25,0,0,0,0,0,0,0,0,0,0,0,0,0,0,0,0.25,0,0,0,0,0,0.25,0,0
"484",484,"M00982","Methylcitrate cycle",0.541666666666667,0.375,0.541666666666667,0.375,0.375,0.25,0.375,0.375,0.25,0.291666666666667,0.291666666666667,0.333333333333333,0.5,0.541666666666667,0.375,0.25,0.375,0.541666666666667,0.458333333333333,0.583333333333333,0.416666666666667,0.25,0.25,0.25,0.375,0.458333333333333,0.375,0.5,0.208333333333333,0.208333333333333,0.25,0.208333333333333,0.0416666666666667,0.5,0.375,0.291666666666667,0.25,0.5,0.25,0.375,0.25,0.583333333333333,0.166666666666667,0.291666666666667,0,0.375,0.416666666666667,0.375,0.375,0.541666666666667,0.208333333333333,0.583333333333333,0.375,0.25,0.333333333333333,0.25,0.375,0.291666666666667,0.541666666666667,0.25,0.5,0.208333333333333,0.375,0.541666666666667,0.5
"485",485,"M00983","GPI-anchor remodeling",0,0,0,0,0,0,0,0,0,0,0,0,0,0,0,0,0,0,0,0,0,0,0,0,0,0,0,0,0,0,0,0,0,0,0,0,0,0,0,0,0,0,0,0,0,0,0,0,0,0,0,0,0,0,0,0,0,0,0,0,0,0,0,0,0
"486",486,"M00984","Sulfur oxidation, tetrathionate intermediate (S4I) pathway, thiosulfate => sulfur + sulfate + thiosulfate",0,0,0,0,0,0.2,0.2,0,0,0,0,0.4,0,0,0.2,0.2,0,0,0,0,0,0.2,0,0.2,0,0,0,0,0,0,0,0,0,0,0.2,0,0,0,0.2,0,0,0,0,0,0,0,0,0,0,0,0,0.2,0,0.2,0,0.2,0.2,0,0,0,0,0,0.2,0,0
"487",487,"M00985","Sulfide oxidation, sulfide => sulfur",0,0,0,0,0,0.5,0,0,0,0,0,0,0.5,0,0,0,0,0,0,0,0,0,0,0,0,0,0,0,0,0,0,0,0,0,0,0,0,0.5,0,0,0,0,0,0,0,0,0,0,0.5,0,0,0,0,0,0,0,0,0.5,0,0,0,0,0,0.5,0
"488",488,"M00986","Sulfur reduction, sulfur => sulfide",0,0,0,0,0,0,0,0,0,0,0,0,0,0,0,0,0,0,0,0,0,0,0,0,0,0,0,0,0,0,0,0,0,0,0,0,0,0,0,0,0,0,0,0,0,0,0,0,0,0,0,0,0,0,0,0,0,0,0,0,0,0,0,0,0
"489",489,"M00987","Assimilatory sulfate reduction, plants, sulfate => H2S",0.333333333333333,0.333333333333333,0.333333333333333,0.333333333333333,0.333333333333333,0.333333333333333,0.333333333333333,0,0,0,0,0.333333333333333,0.333333333333333,0,0.333333333333333,0,0.666666666666667,0,0,0.333333333333333,0.333333333333333,0,0.333333333333333,0,0.333333333333333,0,0,0,0,0,0,0,0,0.333333333333333,0.333333333333333,0,0,0,0.333333333333333,0,0,0.333333333333333,0.333333333333333,0.333333333333333,0,0.333333333333333,0.333333333333333,0.333333333333333,0,0,0,0,0,0.333333333333333,0,0,0.333333333333333,0,0.333333333333333,0,0,0,0.333333333333333,0,0.333333333333333
"490",490,"M00988","PreQ1 biosynthesis, GTP => 7-Aminomethyl-7-deazaguanine",0.75,0.75,0.75,0.5,0.75,0.375,0.625,0.25,0.75,0.25,0.375,0.375,0.75,0.875,0.75,0.25,0.75,0.875,0.125,0.75,0.5,0.375,0.375,0.625,0.75,0.5,0.5,0.875,0.5,0.375,0.125,0,0,0.75,0.75,0.375,0,0.875,0.375,0.625,0.125,0.125,0.375,0.25,0.125,0.875,0.25,0.625,0.25,0.625,0,0.875,0.25,0.375,0.5,0.375,0.75,0.125,0.75,0.25,0.375,0.375,0.75,0.875,0.75
