"","X","module","module_description","Acidovorax_AEP1_4","Curvibacter_AEP1_3","Duganella_C1_2","MG_21Nov119-A03-L1_S156_L003_bin.4","MG_21Nov119-A06-L1_S159_L003_bin.7","MG_21Nov119-B05-L1_S164_L003_bin.2","MG_21Nov119-B05-L1_S164_L003_bin.8","MG_21Nov119-D06-L1_S176_L003_bin.10","MG_21Nov119-D06-L1_S176_L003_bin.11","MG_21Nov119-D06-L1_S176_L003_bin.3","MG_21Nov119-D06-L1_S176_L003_bin.8","MG_21Nov119-E05-L1_S181_L003_bin.1","MG_21Nov119-E05-L1_S181_L003_bin.16","MG_21Nov119-E05-L1_S181_L003_bin.2","MG_21Nov119-E05-L1_S181_L003_bin.7","MG_21Nov119-E07-L1_S224_L004_bin.20","MG_21Nov119-E07-L1_S224_L004_bin.5","MG_21Nov119-H08-L1_S241_L004_bin.1","MG_220900001374-D09_22Sep1374-D09-L1_S133_L002_bin.2","MG_220900001374-H06_22Sep1374-H06-L1_S146_L002_bin.5","MG_220900001374-H07_22Sep1374-H07-L1_S147_L002_bin.4","MT_21Nov119-A08-L1_S201_L004_bin.5","MT_21Nov119-A09-L1_S202_L004_bin.2","MT_21Nov119-B05-L1_S164_L003_bin.6","MT_21Nov119-B08-L1_S207_L004_bin.2","MT_21Nov119-C02-L1_S167_L003_bin.5","MT_21Nov119-D04-L1_S174_L003_bin.3","MT_21Nov119-D05-L1_S175_L003_bin.2","MT_21Nov119-D07-L1_S218_L004_bin.10","MT_21Nov119-D07-L1_S218_L004_bin.4","MT_21Nov119-D07-L1_S218_L004_bin.8","MT_21Nov119-E05-L1_S181_L003_bin.17","MT_21Nov119-E05-L1_S181_L003_bin.3","MT_21Nov119-E05-L1_S181_L003_bin.4","MT_21Nov119-E05-L1_S181_L003_bin.9","MT_21Nov119-E06-L1_S182_L003_bin.3","MT_21Nov119-E07-L1_S224_L004_bin.18","MT_21Nov119-E07-L1_S224_L004_bin.5","MT_21Nov119-E08-L1_S225_L004_bin.2","MT_21Nov119-F04-L1_S186_L003_bin.6","MT_21Nov119-F04-L1_S186_L003_bin.9","MT_21Nov119-G04-L1_S192_L003_bin.1","MT_21Nov119-G04-L1_S192_L003_bin.5","MT_21Nov119-H05-L1_S199_L003_bin.4","MT_21Nov119-H05-L1_S199_L003_bin.5","MT_21Nov119-H05-L1_S199_L003_bin.9","MT_220900001374-A06_22Sep1374-A06-L1_S120_L002_bin.3","MT_220900001374-A10_22Sep1374-A10-L1_S123_L002_bin.3","MT_220900001374-B05_22Sep1374-B05-L1_S10_L001_bin.1","MT_220900001374-B06_22Sep1374-B06-L1_S124_L002_bin.5","MT_220900001374-B10_22Sep1374-B10-L1_S126_L002_bin.5","MT_220900001374-C01_22Sep1374-C01-L1_S11_L001_bin.2","MT_220900001374-C06_22Sep1374-C06-L1_S127_L002_bin.1","MT_220900001374-D02_22Sep1374-D02-L1_S17_L001_bin.10","MT_220900001374-D02_22Sep1374-D02-L1_S17_L001_bin.6","MT_220900001374-D02_22Sep1374-D02-L1_S17_L001_bin.7","MT_220900001374-D04_22Sep1374-D04-L1_S19_L001_bin.3","MT_220900001374-H06_22Sep1374-H06-L1_S146_L002_bin.5","MT_220900001374-H07_22Sep1374-H07-L1_S147_L002_bin.10","MT_220900001374-H07_22Sep1374-H07-L1_S147_L002_bin.14","MT_220900001374-H07_22Sep1374-H07-L1_S147_L002_bin.2","MT_220900001374-H07_22Sep1374-H07-L1_S147_L002_bin.7","Pelomonas_AEP2-2","Pseudomonas_C2_2","Undibacterium_C1_1"
"1",1,"M00001","Glycolysis (Embden-Meyerhof pathway), glucose => pyruvate",3882.35294117647,7117.64705882353,5823.52941176471,6882.35294117647,4529.41176470588,5176.47058823529,5176.47058823529,5294.11764705882,117.647058823529,5294.11764705882,1441.17647058824,3823.52941176471,4588.23529411765,5294.11764705882,6705.88235294118,5000,3529.41176470588,4117.64705882353,8411.76470588235,6117.64705882353,4411.76470588235,2647.05882352941,2647.05882352941,3882.35294117647,3558.82352941176,3235.29411764706,1441.17647058824,3529.41176470588,1882.35294117647,3558.82352941176,3441.17647058824,2117.64705882353,117.647058823529,4941.17647058824,6352.94117647059,3176.47058823529,4235.29411764706,4411.76470588235,2911.76470588235,2117.64705882353,4529.41176470588,7264.70588235294,5823.52941176471,6794.11764705882,1235.29411764706,3558.82352941176,5176.47058823529,2647.05882352941,3529.41176470588,3823.52941176471,3558.82352941176,4852.94117647059,7058.82352941177,3235.29411764706,2117.64705882353,4205.88235294118,5647.05882352941,5500,5823.52941176471,3705.88235294118,3882.35294117647,2911.76470588235,5294.11764705882,4117.64705882353,4941.17647058824
"2",2,"M00002","Glycolysis, core module involving three-carbon compounds",4307.69230769231,7538.46153846154,6461.53846153846,4307.69230769231,4846.15384615385,3230.76923076923,5384.61538461538,5384.61538461538,76.9230769230769,4307.69230769231,1230.76923076923,3230.76923076923,4307.69230769231,5384.61538461538,3769.23076923077,4615.38461538462,4846.15384615385,5923.07692307692,3076.92307692308,5384.61538461538,5923.07692307692,3230.76923076923,3230.76923076923,4307.69230769231,3769.23076923077,2769.23076923077,1923.07692307692,3769.23076923077,1923.07692307692,2769.23076923077,4615.38461538462,2307.69230769231,76.9230769230769,3769.23076923077,4846.15384615385,3076.92307692308,4923.07692307692,4615.38461538462,3692.30769230769,1923.07692307692,4153.84615384615,4153.84615384615,4153.84615384615,4153.84615384615,2307.69230769231,3769.23076923077,4153.84615384615,2769.23076923077,3230.76923076923,4153.84615384615,3769.23076923077,5923.07692307692,5923.07692307692,3230.76923076923,2307.69230769231,4846.15384615385,3769.23076923077,5538.46153846154,6461.53846153846,3076.92307692308,4307.69230769231,3692.30769230769,3769.23076923077,5923.07692307692,3769.23076923077
"3",3,"M00003","Gluconeogenesis, oxaloacetate => fructose-6P",5238.09523809524,9523.80952380952,4714.28571428571,6190.47619047619,6666.66666666667,3809.52380952381,4714.28571428571,5142.85714285714,47.6190476190476,4285.71428571429,1714.28571428571,3428.57142857143,5238.09523809524,5714.28571428571,3857.14285714286,4333.33333333333,3857.14285714286,5142.85714285714,1904.7619047619,6809.52380952381,7142.85714285714,3047.61904761905,3428.57142857143,4285.71428571429,4761.90476190476,2333.33333333333,1714.28571428571,3857.14285714286,2333.33333333333,3047.61904761905,6666.66666666667,1428.57142857143,47.6190476190476,3857.14285714286,4285.71428571429,3333.33333333333,3047.61904761905,4571.42857142857,3809.52380952381,2000,7333.33333333333,4190.47619047619,4571.42857142857,3333.33333333333,1428.57142857143,3857.14285714286,3809.52380952381,2333.33333333333,3428.57142857143,4190.47619047619,3428.57142857143,5142.85714285714,5571.42857142857,3428.57142857143,2666.66666666667,4714.28571428571,3857.14285714286,8380.95238095238,5142.85714285714,3666.66666666667,5238.09523809524,3809.52380952381,3857.14285714286,5142.85714285714,3857.14285714286
"4",4,"M00004","Pentose phosphate pathway (Pentose phosphate cycle)",5133.33333333333,5600,3600,9066.66666666667,3200,6533.33333333333,4266.66666666667,3600,1666.66666666667,10200,4400,5133.33333333333,2400,4800,2400,4000,2400,3266.66666666667,10800,7466.66666666667,4000,3600,2666.66666666667,1666.66666666667,2800,1066.66666666667,4200,4000,2333.33333333333,2333.33333333333,4800,1066.66666666667,266.666666666667,3733.33333333333,3733.33333333333,4800,1066.66666666667,2400,2333.33333333333,1600,7800,6000,6400,7800,800,1666.66666666667,3000,1866.66666666667,8000,5333.33333333333,4800,4800,4800,2333.33333333333,3266.66666666667,3200,3266.66666666667,6600,3600,3600,5400,2666.66666666667,3266.66666666667,3266.66666666667,3733.33333333333
"5",5,"M00005","PRPP biosynthesis, ribose 5P => PRPP",3000,2000,1000,1000,3000,1000,1000,1000,1000,1000,0,1000,2000,1000,2000,3000,1000,1000,1000,1000,1000,2000,3000,1000,1000,2000,2000,1000,1000,2000,1000,2000,1000,2000,1000,1000,1000,1000,1000,1000,1000,1000,1000,1000,1000,1000,0,1000,1000,1000,1000,1000,1000,1000,1000,2000,2000,1000,1000,0,1000,1000,2000,1000,2000
"6",6,"M00006","Pentose phosphate pathway, oxidative phase, glucose 6P => ribulose 5P",1333.33333333333,333.333333333333,333.333333333333,1000,166.666666666667,666.666666666667,666.666666666667,0,0,2000,0,666.666666666667,166.666666666667,2000,166.666666666667,333.333333333333,166.666666666667,666.666666666667,6000,2000,666.666666666667,166.666666666667,0,0,166.666666666667,0,1500,333.333333333333,0,0,666.666666666667,0,0,666.666666666667,666.666666666667,166.666666666667,0,666.666666666667,0,0,1500,2000,2000,3333.33333333333,0,0,166.666666666667,0,1000,1500,1500,2000,0,0,666.666666666667,166.666666666667,666.666666666667,1500,333.333333333333,166.666666666667,1500,0,666.666666666667,666.666666666667,666.666666666667
"7",7,"M00007","Pentose phosphate pathway, non-oxidative phase, fructose 6P => ribose 5P",4000,6666.66666666667,4000,10833.3333333333,4000,7333.33333333333,4166.66666666667,6666.66666666667,2666.66666666667,9166.66666666667,8333.33333333333,5333.33333333333,2666.66666666667,2666.66666666667,2666.66666666667,3000,2666.66666666667,2666.66666666667,4666.66666666667,6000,3500,4666.66666666667,4666.66666666667,2666.66666666667,3333.33333333333,2666.66666666667,4000,4000,4000,4000,5000,1500,166.666666666667,2666.66666666667,3333.33333333333,6666.66666666667,1500,1500,4000,2500,7500,2666.66666666667,4666.66666666667,4666.66666666667,2000,2666.66666666667,3000,2500,8333.33333333333,4000,3333.33333333333,2666.66666666667,8333.33333333333,4000,2666.66666666667,4000,2666.66666666667,5833.33333333333,4000,4666.66666666667,4166.66666666667,4666.66666666667,2666.66666666667,2666.66666666667,2666.66666666667
"8",8,"M00008","Entner-Doudoroff pathway, glucose-6P => glyceraldehyde-3P + pyruvate",4800,3600,2400,2400,1800,1200,3200,200,0,4000,0,800,1800,7000,1800,400,1800,3200,5600,4000,3200,200,0,0,1800,0,800,2400,0,200,3200,0,0,3200,3200,200,0,3200,0,0,3200,800,4000,2400,0,0,200,0,4800,4000,800,4000,0,0,3200,800,3200,3200,2400,0,2400,0,3200,3200,3200
"9",9,"M00009","Citrate cycle (TCA cycle, Krebs cycle)",12522.7272727273,15454.5454545455,9272.72727272727,8363.63636363636,8727.27272727273,5795.45454545455,10795.4545454545,9000,5090.90909090909,5727.27272727273,6363.63636363636,6909.09090909091,9409.09090909091,9000,7727.27272727273,5181.81818181818,6909.09090909091,7340.90909090909,13500,14681.8181818182,9272.72727272727,6477.27272727273,5727.27272727273,4431.81818181818,8113.63636363636,5795.45454545455,5795.45454545455,6136.36363636364,5181.81818181818,6818.18181818182,4772.72727272727,4727.27272727273,90.9090909090909,6909.09090909091,9545.45454545454,8181.81818181818,4772.72727272727,7272.72727272727,5409.09090909091,8113.63636363636,5090.90909090909,18000,3750,5727.27272727273,22.7272727272727,7272.72727272727,8500,6568.18181818182,6909.09090909091,6954.54545454545,4431.81818181818,9818.18181818182,8500,6477.27272727273,6136.36363636364,5090.90909090909,7272.72727272727,6136.36363636364,9659.09090909091,3068.18181818182,10045.4545454545,5022.72727272727,8000,7340.90909090909,6909.09090909091
"10",10,"M00010","Citrate cycle, first carbon oxidation, oxaloacetate => 2-oxoglutarate",4375,5000,6250,2500,3500,1125,2500,1875,1125,1125,1500,2000,4375,3750,1500,2250,2500,3125,8125,9000,2500,1875,1125,1500,2500,2500,3000,2000,3500,2250,1125,500,0,2500,3000,6250,1500,2500,2500,2500,1125,5000,1125,3000,125,2000,2250,2000,1500,3750,1125,4375,1875,3750,1875,1125,2500,1500,6250,1000,3375,1500,3500,3125,2500
"11",11,"M00011","Citrate cycle, second carbon oxidation, 2-oxoglutarate => oxaloacetate",8555.55555555555,10833.3333333333,4666.66666666667,6000,5666.66666666667,4666.66666666667,8333.33333333333,7083.33333333333,3972.22222222222,4583.33333333333,4888.88888888889,5000,5777.77777777778,5777.77777777778,6222.22222222222,3250,4666.66666666667,4666.66666666667,7222.22222222222,7944.44444444444,6861.11111111111,4666.66666666667,4583.33333333333,3055.55555555556,5777.77777777778,3666.66666666667,3361.11111111111,4277.77777777778,2666.66666666667,4666.66666666667,3666.66666666667,4277.77777777778,111.111111111111,4666.66666666667,6666.66666666667,3888.88888888889,3361.11111111111,5000,3333.33333333333,5777.77777777778,3972.22222222222,13222.2222222222,2666.66666666667,3333.33333333333,0,5333.33333333333,6222.22222222222,4694.44444444444,5416.66666666667,4000,3333.33333333333,6138.88888888889,6611.11111111111,3611.11111111111,4333.33333333333,3972.22222222222,5000,4666.66666666667,5000,2138.88888888889,6611.11111111111,3611.11111111111,5000,4666.66666666667,4666.66666666667
"12",12,"M00012","Glyoxylate cycle",5727.27272727273,6545.45454545455,7000,3272.72727272727,2545.45454545455,2272.72727272727,3272.72727272727,2181.81818181818,818.181818181818,2727.27272727273,2272.72727272727,3272.72727272727,5090.90909090909,3818.18181818182,2272.72727272727,2181.81818181818,3272.72727272727,3272.72727272727,7636.36363636364,7636.36363636364,3272.72727272727,1818.18181818182,818.181818181818,2727.27272727273,3272.72727272727,3818.18181818182,1818.18181818182,3272.72727272727,1818.18181818182,1090.90909090909,1454.54545454545,363.636363636364,90.9090909090909,3818.18181818182,4090.90909090909,3636.36363636364,818.181818181818,2727.27272727273,1818.18181818182,1818.18181818182,1454.54545454545,4909.09090909091,1090.90909090909,1818.18181818182,0,3272.72727272727,2181.81818181818,1454.54545454545,2181.81818181818,3818.18181818182,818.181818181818,3818.18181818182,2181.81818181818,1454.54545454545,3181.81818181818,818.181818181818,3272.72727272727,1454.54545454545,7636.36363636364,1363.63636363636,3636.36363636364,1090.90909090909,4363.63636363636,3272.72727272727,3818.18181818182
"13",13,"M00013","Malonate semialdehyde pathway, propanoyl-CoA => acetyl-CoA",857.142857142857,1714.28571428571,142.857142857143,571.428571428571,571.428571428571,428.571428571429,571.428571428571,142.857142857143,0,571.428571428571,142.857142857143,142.857142857143,857.142857142857,1428.57142857143,571.428571428571,142.857142857143,857.142857142857,1428.57142857143,2142.85714285714,1142.85714285714,571.428571428571,0,0,571.428571428571,857.142857142857,142.857142857143,1285.71428571429,142.857142857143,571.428571428571,142.857142857143,142.857142857143,0,0,428.571428571429,571.428571428571,142.857142857143,0,857.142857142857,0,571.428571428571,142.857142857143,3428.57142857143,0,0,0,571.428571428571,1142.85714285714,571.428571428571,1142.85714285714,285.714285714286,0,1428.57142857143,285.714285714286,0,142.857142857143,142.857142857143,571.428571428571,142.857142857143,142.857142857143,0,1285.71428571429,0,571.428571428571,1428.57142857143,428.571428571429
"14",14,"M00014","Glucuronate pathway (uronate pathway)",83.3333333333333,666.666666666667,333.333333333333,333.333333333333,333.333333333333,4000,166.666666666667,333.333333333333,83.3333333333333,750,0,333.333333333333,83.3333333333333,166.666666666667,83.3333333333333,250,333.333333333333,0,1250,2000,83.3333333333333,83.3333333333333,250,83.3333333333333,333.333333333333,0,83.3333333333333,83.3333333333333,0,500,333.333333333333,250,0,333.333333333333,500,750,83.3333333333333,83.3333333333333,83.3333333333333,0,1250,1250,1250,1000,83.3333333333333,83.3333333333333,333.333333333333,83.3333333333333,750,333.333333333333,0,250,333.333333333333,166.666666666667,83.3333333333333,333.333333333333,83.3333333333333,750,333.333333333333,0,500,83.3333333333333,333.333333333333,83.3333333333333,333.333333333333
"15",15,"M00015","Proline biosynthesis, glutamate => proline",2250,4500,2250,2250,2250,2250,2250,2250,0,4500,3000,2250,2250,2250,2250,0,2250,2250,2250,2250,2250,0,250,2250,2250,2250,250,1000,3000,250,2250,250,0,2250,2250,250,0,2250,250,250,3000,3000,250,3000,0,2250,2250,500,2250,2250,2250,2250,1000,250,2250,0,2250,3000,2250,250,2250,0,2250,2250,2250
"16",16,"M00016","Lysine biosynthesis, succinyl-DAP pathway, aspartate => lysine",12571.4285714286,18571.4285714286,12571.4285714286,7857.14285714286,8571.42857142857,9000,7857.14285714286,10000,2571.42857142857,10928.5714285714,7714.28571428572,7071.42857142857,9285.71428571429,12571.4285714286,8571.42857142857,1785.71428571429,8571.42857142857,10214.2857142857,7714.28571428572,10714.2857142857,10714.2857142857,5142.85714285714,5714.28571428571,8571.42857142857,9285.71428571429,6428.57142857143,3500,7071.42857142857,5142.85714285714,7071.42857142857,7142.85714285714,4571.42857142857,3500,10214.2857142857,7857.14285714286,8357.14285714286,3500,4500,5785.71428571429,7071.42857142857,7857.14285714286,15714.2857142857,10285.7142857143,12214.2857142857,285.714285714286,7142.85714285714,4571.42857142857,4571.42857142857,19285.7142857143,10214.2857142857,1785.71428571429,15714.2857142857,10714.2857142857,4571.42857142857,3500,6428.57142857143,7857.14285714286,8571.42857142857,12571.4285714286,4642.85714285714,12857.1428571429,9000,7857.14285714286,10214.2857142857,10214.2857142857
"17",17,"M00017","Methionine biosynthesis, aspartate => homoserine => methionine",11333.3333333333,10666.6666666667,8000,3733.33333333333,6400,8000,3733.33333333333,8000,266.666666666667,7000,3200,7333.33333333333,6933.33333333333,8000,4800,800,4800,4800,6600,8533.33333333333,6400,3733.33333333333,4200,5333.33333333333,5333.33333333333,2000,800,3266.66666666667,3200,4200,4200,266.666666666667,266.666666666667,8666.66666666667,3733.33333333333,9000,66.6666666666667,3733.33333333333,5866.66666666667,266.666666666667,4200,6000,9600,10666.6666666667,66.6666666666667,4800,3266.66666666667,266.666666666667,13200,10400,266.666666666667,10000,8000,3733.33333333333,3200,6933.33333333333,3733.33333333333,4200,7333.33333333333,3666.66666666667,9600,10200,3733.33333333333,4800,8666.66666666667
"18",18,"M00018","Threonine biosynthesis, aspartate => homoserine => threonine",5833.33333333333,5000,4666.66666666667,2083.33333333333,4000,3500,2083.33333333333,2500,333.333333333333,3333.33333333333,2083.33333333333,3000,2916.66666666667,6000,2083.33333333333,333.333333333333,2083.33333333333,6000,4083.33333333333,3333.33333333333,2500,1333.33333333333,1000,4666.66666666667,2500,1000,333.333333333333,2083.33333333333,2916.66666666667,4000,1333.33333333333,333.333333333333,333.333333333333,4666.66666666667,2083.33333333333,5833.33333333333,83.3333333333333,4083.33333333333,1333.33333333333,500,1333.33333333333,5333.33333333333,6416.66666666667,5833.33333333333,333.333333333333,2083.33333333333,1333.33333333333,333.333333333333,2916.66666666667,6000,333.333333333333,8666.66666666667,2916.66666666667,750,1333.33333333333,5833.33333333333,2083.33333333333,1333.33333333333,4666.66666666667,1500,2083.33333333333,8750,2083.33333333333,6000,4666.66666666667
"19",19,"M00019","Valine/isoleucine biosynthesis, pyruvate => valine / 2-oxobutanoate => isoleucine",6666.66666666667,11666.6666666667,6666.66666666667,5000,10000,5833.33333333333,8333.33333333333,13333.3333333333,166.666666666667,10833.3333333333,5833.33333333333,5833.33333333333,6666.66666666667,5833.33333333333,6666.66666666667,500,5000,5000,5833.33333333333,11666.6666666667,7500,333.333333333333,333.333333333333,333.333333333333,6666.66666666667,5000,166.666666666667,4166.66666666667,2666.66666666667,333.333333333333,5833.33333333333,0,0,3333.33333333333,4000,7500,0,4166.66666666667,333.333333333333,0,6666.66666666667,6666.66666666667,8333.33333333333,5833.33333333333,0,5000,6666.66666666667,1333.33333333333,10000,4166.66666666667,0,6666.66666666667,10666.6666666667,5833.33333333333,5000,333.333333333333,4000,7500,7500,4666.66666666667,10833.3333333333,333.333333333333,4000,4166.66666666667,3333.33333333333
"20",20,"M00020","Serine biosynthesis, glycerate-3P => serine",3000,4000,2000,2500,4000,1666.66666666667,2500,5333.33333333333,0,2000,1000,2500,2500,2666.66666666667,2000,1333.33333333333,2500,2666.66666666667,2000,3500,4000,1333.33333333333,1000,166.666666666667,2000,666.666666666667,666.666666666667,666.666666666667,1500,1333.33333333333,1500,166.666666666667,0,1500,3000,1000,0,1500,1000,166.666666666667,2000,2500,500,2333.33333333333,0,2000,2000,166.666666666667,2500,1500,166.666666666667,3333.33333333333,3000,1000,1500,2000,2000,2000,2000,166.666666666667,1666.66666666667,1000,2000,2666.66666666667,1500
"21",21,"M00021","Cysteine biosynthesis, serine => cysteine",1600,2400,2400,1600,800,400,600,1600,0,2000,1600,800,2000,2400,800,1600,800,1200,800,1200,1600,0,0,1200,1200,800,200,400,2000,0,1200,200,0,1200,800,1600,0,1600,1200,200,1600,1200,400,200,0,1200,1200,200,1600,1200,0,1600,1200,200,1200,1600,800,1200,2400,200,2800,800,800,1200,1200
"22",22,"M00022","Shikimate pathway, phosphoenolpyruvate + erythrose-4P => chorismate",4375,7875,6000,4375,3937.5,2625,3500,4500,0,5062.5,6000,3500,3500,5687.5,3500,1562.5,2812.5,3937.5,5000,6125,5250,3062.5,2250,562.5,3937.5,2625,4000,5625,2500,2250,5062.5,62.5,62.5,4500,3500,2625,0,1250,2250,3062.5,5625,9000,2250,3375,0,3062.5,3500,4500,7312.5,3500,6875,4812.5,5500,3500,3062.5,2250,3500,5062.5,5500,1000,6750,2625,3500,3500,4500
"23",23,"M00023","Tryptophan biosynthesis, chorismate => tryptophan",3705.88235294118,6588.23529411765,3705.88235294118,5176.47058823529,3294.11764705882,7941.17647058824,3294.11764705882,3764.70588235294,0,3764.70588235294,5294.11764705882,4705.88235294118,4117.64705882353,3294.11764705882,2882.35294117647,58.8235294117647,3294.11764705882,3294.11764705882,2470.58823529412,3705.88235294118,3705.88235294118,235.294117647059,352.941176470588,0,3294.11764705882,3294.11764705882,2882.35294117647,3294.11764705882,2117.64705882353,58.8235294117647,4764.70588235294,0,0,3294.11764705882,2882.35294117647,4235.29411764706,0,2823.52941176471,4235.29411764706,3294.11764705882,4764.70588235294,5176.47058823529,5647.05882352941,4705.88235294118,0,3705.88235294118,4117.64705882353,3705.88235294118,2117.64705882353,2117.64705882353,2882.35294117647,3294.11764705882,4235.29411764706,4705.88235294118,3294.11764705882,58.8235294117647,2882.35294117647,4764.70588235294,3705.88235294118,3294.11764705882,5882.35294117647,58.8235294117647,2882.35294117647,3294.11764705882,3294.11764705882
"24",24,"M00024","Phenylalanine biosynthesis, chorismate => phenylpyruvate => phenylalanine",692.307692307692,615.384615384615,923.076923076923,923.076923076923,461.538461538462,692.307692307692,461.538461538462,307.692307692308,0,692.307692307692,76.9230769230769,692.307692307692,307.692307692308,461.538461538462,461.538461538462,76.9230769230769,307.692307692308,461.538461538462,307.692307692308,923.076923076923,307.692307692308,76.9230769230769,76.9230769230769,0,307.692307692308,76.9230769230769,0,307.692307692308,692.307692307692,76.9230769230769,692.307692307692,0,0,923.076923076923,461.538461538462,307.692307692308,0,461.538461538462,307.692307692308,0,692.307692307692,692.307692307692,307.692307692308,461.538461538462,0,692.307692307692,76.9230769230769,0,692.307692307692,307.692307692308,76.9230769230769,461.538461538462,153.846153846154,461.538461538462,307.692307692308,76.9230769230769,461.538461538462,1230.76923076923,923.076923076923,0,307.692307692308,307.692307692308,461.538461538462,461.538461538462,923.076923076923
"25",25,"M00025","Tyrosine biosynthesis, chorismate => HPP => tyrosine",750,1500,1000,1666.66666666667,1000,750,1000,0,0,750,83.3333333333333,750,750,500,1000,83.3333333333333,750,500,83.3333333333333,1000,750,83.3333333333333,83.3333333333333,0,750,83.3333333333333,0,333.333333333333,750,83.3333333333333,750,0,0,1000,1000,333.333333333333,0,500,83.3333333333333,0,750,1000,333.333333333333,166.666666666667,0,750,333.333333333333,0,83.3333333333333,750,83.3333333333333,500,0,166.666666666667,83.3333333333333,83.3333333333333,1000,1333.33333333333,1000,83.3333333333333,83.3333333333333,83.3333333333333,1000,500,1000
"26",26,"M00026","Histidine biosynthesis, PRPP => histidine",9000,16800,9600,9000,9000,9350,8400,7200,0,13000,12350,6000,8400,16100,7800,0,8400,14000,8400,12000,12000,0,6000,800,8400,6000,200,8400,9000,0,12600,0,0,9600,10800,5500,0,9750,5000,800,12600,14000,3600,6500,0,10200,8400,200,10200,5500,0,13300,6050,6300,7000,0,8400,12600,9600,4000,15400,0,10800,15400,9600
"27",27,"M00027","GABA (gamma-Aminobutyrate) shunt",1875,2250,250,1500,1500,125,750,500,125,4500,125,125,1500,1000,1500,0,1125,500,2625,1250,2625,125,0,500,1125,0,125,125,0,0,1125,0,0,250,125,125,0,250,0,250,1875,3000,0,0,0,125,0,125,3000,125,0,750,500,0,125,125,125,1125,250,0,1500,0,125,500,125
"28",28,"M00028","Ornithine biosynthesis, glutamate => ornithine",3500,4500,2250,2250,2250,1250,2250,3375,0,3937.5,3000,1250,3500,7500,2250,62.5,2625,5062.5,62.5,3937.5,2625,62.5,250,2250,2250,1000,0,2250,1875,62.5,3000,0,0,2250,2625,1500,62.5,3500,62.5,62.5,3000,3062.5,1500,937.5,0,2250,4000,0,3000,1000,0,7312.5,4375,62.5,1562.5,62.5,2250,3000,2250,750,2500,125,2250,5062.5,3062.5
"29",29,"M00029","Urea cycle",4000,6666.66666666667,1500,2666.66666666667,3333.33333333333,666.666666666667,3333.33333333333,1500,0,4666.66666666667,1500,1500,2666.66666666667,2000,3333.33333333333,0,3333.33333333333,2000,1500,5333.33333333333,2666.66666666667,166.666666666667,166.666666666667,2666.66666666667,3333.33333333333,666.666666666667,0,1500,166.666666666667,166.666666666667,2666.66666666667,0,0,2666.66666666667,3333.33333333333,666.666666666667,0,1500,166.666666666667,0,3333.33333333333,1500,666.666666666667,1000,0,1500,1500,166.666666666667,2000,1500,0,2000,1500,666.666666666667,2000,0,2666.66666666667,2666.66666666667,1500,333.333333333333,4666.66666666667,0,2666.66666666667,1500,2666.66666666667
"30",30,"M00030","Lysine biosynthesis, AAA pathway, 2-oxoglutarate => 2-aminoadipate => lysine",111.111111111111,0,0,0,0,111.111111111111,111.111111111111,0,0,222.222222222222,0,111.111111111111,111.111111111111,0,111.111111111111,888.888888888889,0,111.111111111111,0,111.111111111111,0,444.444444444444,444.444444444444,0,0,0,0,0,0,444.444444444444,222.222222222222,0,0,111.111111111111,0,444.444444444444,0,0,444.444444444444,0,222.222222222222,0,0,0,0,0,0,0,0,0,0,111.111111111111,0,444.444444444444,111.111111111111,444.444444444444,111.111111111111,222.222222222222,0,111.111111111111,111.111111111111,444.444444444444,111.111111111111,111.111111111111,111.111111111111
"31",31,"M00031","Lysine biosynthesis, mediated by LysW, 2-aminoadipate => lysine",0,0,0,0,0,0,0,0,0,0,0,0,0,0,0,0,0,0,0,0,0,0,0,0,0,0,0,0,0,0,0,0,0,0,0,0,0,0,0,0,0,0,0,0,0,0,0,0,0,0,0,0,0,0,0,0,0,0,0,0,0,0,0,0,0
"32",32,"M00032","Lysine degradation, lysine => saccharopine => acetoacetyl-CoA",1909.09090909091,2727.27272727273,1363.63636363636,1636.36363636364,1909.09090909091,1363.63636363636,1909.09090909091,1363.63636363636,545.454545454545,1090.90909090909,1090.90909090909,1363.63636363636,1363.63636363636,1090.90909090909,1363.63636363636,1363.63636363636,1272.72727272727,1090.90909090909,1909.09090909091,1636.36363636364,2181.81818181818,1363.63636363636,2181.81818181818,1090.90909090909,1636.36363636364,545.454545454545,818.181818181818,909.090909090909,1636.36363636364,1363.63636363636,1090.90909090909,545.454545454545,90.9090909090909,1636.36363636364,1636.36363636364,1636.36363636364,363.636363636364,545.454545454545,1363.63636363636,1363.63636363636,1090.90909090909,2727.27272727273,909.090909090909,363.636363636364,0,1363.63636363636,545.454545454545,363.636363636364,1363.63636363636,818.181818181818,727.272727272727,1363.63636363636,545.454545454545,1636.36363636364,1090.90909090909,1363.63636363636,1636.36363636364,1363.63636363636,1636.36363636364,727.272727272727,1636.36363636364,1636.36363636364,1636.36363636364,1090.90909090909,1636.36363636364
"33",33,"M00033","Ectoine biosynthesis, aspartate => ectoine",2400,3600,1200,800,1800,800,800,1200,800,800,800,800,2400,2400,800,800,1800,1200,800,800,1800,800,1200,1200,1800,400,800,800,800,1200,800,800,800,1200,800,800,200,200,800,200,1800,5000,1600,1200,200,800,800,200,3000,1200,800,1200,1200,800,200,800,800,1800,1200,1600,800,800,800,1200,1200
"34",34,"M00034","Methionine salvage pathway",3000,2500,3000,2250,1500,800,2000,1250,200,1250,1500,600,2700,6000,1800,500,2400,2800,1800,3000,1800,600,600,1250,1250,3600,450,800,200,50,800,50,50,2250,1600,600,300,2800,200,50,1000,1000,50,200,0,3150,4800,200,2100,3200,3600,2100,1000,2450,300,450,1600,800,3300,600,1250,200,3850,2800,2250
"35",35,"M00035","Methionine degradation",1875,1000,1500,500,3000,2250,500,1500,250,500,2500,750,1125,1125,1125,5000,1125,1125,1500,1125,500,1125,3000,1125,500,2500,1875,500,1125,5000,1500,0,0,3500,1875,2250,500,500,1500,1125,500,2500,2500,3000,0,500,1125,1500,1500,125,0,500,1500,1125,250,3000,500,1125,1500,1000,1125,2500,1500,500,2000
"36",36,"M00036","Leucine degradation, leucine => acetoacetate + acetyl-CoA",15923.0769230769,14000,8615.38461538462,11692.3076923077,21153.8461538462,3076.92307692308,11692.3076923077,14153.8461538462,461.538461538462,7000,3692.30769230769,1846.15384615385,11076.9230769231,10384.6153846154,9230.76923076923,3076.92307692308,8615.38461538462,8615.38461538462,2692.30769230769,24000,16615.3846153846,4153.84615384615,3846.15384615385,6153.84615384615,7538.46153846154,1230.76923076923,3769.23076923077,9846.15384615385,615.384615384615,2692.30769230769,7384.61538461538,153.846153846154,76.9230769230769,7000,18615.3846153846,3461.53846153846,76.9230769230769,1615.38461538462,2692.30769230769,3692.30769230769,1846.15384615385,22153.8461538462,5538.46153846154,2307.69230769231,0,11692.3076923077,8307.69230769231,2769.23076923077,10384.6153846154,6230.76923076923,923.076923076923,14384.6153846154,9692.30769230769,3846.15384615385,9230.76923076923,3076.92307692308,12307.6923076923,16615.3846153846,9230.76923076923,2461.53846153846,14538.4615384615,3461.53846153846,13076.9230769231,9230.76923076923,7000
"37",37,"M00037","Melatonin biosynthesis, animals, tryptophan => serotonin => melatonin",0,0,0,0,0,0,0,0,0,250,0,0,0,0,0,0,0,0,0,0,0,0,0,0,0,0,0,0,0,0,0,0,0,0,0,0,0,0,0,0,250,0,0,0,0,0,0,0,0,0,0,0,0,0,0,0,250,0,0,0,0,0,250,0,0
"38",38,"M00038","Tryptophan metabolism, tryptophan => kynurenine => 2-aminomuconate",1454.54545454545,1636.36363636364,1090.90909090909,2272.72727272727,1454.54545454545,90.9090909090909,1454.54545454545,90.9090909090909,0,818.181818181818,0,90.9090909090909,2272.72727272727,2727.27272727273,1454.54545454545,1818.18181818182,818.181818181818,0,818.181818181818,3636.36363636364,2727.27272727273,3818.18181818182,4363.63636363636,363.636363636364,818.181818181818,363.636363636364,90.9090909090909,90.9090909090909,0,3818.18181818182,363.636363636364,0,0,1090.90909090909,1454.54545454545,1090.90909090909,0,0,1454.54545454545,0,818.181818181818,3272.72727272727,545.454545454545,363.636363636364,0,90.9090909090909,90.9090909090909,0,4090.90909090909,90.9090909090909,0,2727.27272727273,90.9090909090909,3818.18181818182,0,1454.54545454545,1454.54545454545,818.181818181818,1090.90909090909,90.9090909090909,545.454545454545,1454.54545454545,1454.54545454545,0,1090.90909090909
"39",39,"M00039","Monolignol biosynthesis, phenylalanine/tyrosine => monolignol",0,0,0,0,0,83.3333333333333,0,0,0,0,83.3333333333333,83.3333333333333,0,83.3333333333333,0,83.3333333333333,0,83.3333333333333,0,0,0,83.3333333333333,83.3333333333333,83.3333333333333,0,0,83.3333333333333,0,83.3333333333333,83.3333333333333,0,0,0,0,0,83.3333333333333,0,0,83.3333333333333,0,0,0,0,83.3333333333333,0,0,0,0,83.3333333333333,0,0,83.3333333333333,0,83.3333333333333,0,83.3333333333333,0,83.3333333333333,0,83.3333333333333,0,83.3333333333333,0,83.3333333333333,0
"40",40,"M00040","Tyrosine biosynthesis, chorismate => arogenate => tyrosine",500,1000,750,1500,750,125,750,125,0,1125,125,125,500,1500,750,0,500,1500,125,750,500,0,0,0,500,125,0,125,125,0,1125,0,0,750,750,0,0,1500,0,0,1125,125,0,0,0,500,125,0,500,500,125,1500,125,0,500,0,750,1125,750,0,125,0,750,1500,750
"41",41,"M00042","Catecholamine biosynthesis, tyrosine => dopamine => noradrenaline => adrenaline",0,0,0,0,0,0,0,0,0,200,0,0,0,0,0,0,0,0,0,0,0,0,400,0,0,0,0,0,0,0,0,0,0,200,0,0,0,0,0,0,200,0,0,0,0,0,200,0,0,0,0,0,0,0,0,0,200,0,0,0,0,0,200,0,200
"42",42,"M00043","Thyroid hormone biosynthesis, tyrosine => triiodothyronine/thyroxine",0,0,0,0,0,0,0,0,0,0,0,0,0,0,0,0,0,0,0,0,0,0,0,0,0,0,0,0,0,0,0,0,0,0,0,0,0,0,0,0,0,0,0,0,0,0,0,0,0,0,0,0,0,0,0,0,0,0,0,0,0,0,0,0,0
"43",43,"M00044","Tyrosine degradation, tyrosine => homogentisate",3111.11111111111,6666.66666666667,4444.44444444444,4444.44444444444,3888.88888888889,1777.77777777778,4666.66666666667,222.222222222222,0,2777.77777777778,1777.77777777778,1777.77777777778,1777.77777777778,3888.88888888889,4666.66666666667,1333.33333333333,3333.33333333333,3333.33333333333,0,10666.6666666667,4444.44444444444,1666.66666666667,1000,1000,3333.33333333333,1000,1777.77777777778,0,2666.66666666667,1333.33333333333,2777.77777777778,0,0,4666.66666666667,6000,1000,0,2222.22222222222,1000,2666.66666666667,111.111111111111,1333.33333333333,444.444444444444,1000,0,1777.77777777778,111.111111111111,1777.77777777778,111.111111111111,3333.33333333333,111.111111111111,4444.44444444444,1333.33333333333,1000,444.444444444444,1000,5333.33333333333,2777.77777777778,4888.88888888889,1000,2222.22222222222,1000,5333.33333333333,3333.33333333333,4666.66666666667
"44",44,"M00045","Histidine degradation, histidine => N-formiminoglutamate => glutamate",12000,9000,6000,4500,4500,2000,4500,3125,0,5625,0,0,6000,8250,5250,3000,4500,3500,125,5250,2000,4500,6000,3125,4500,4500,2000,0,0,2500,125,0,0,4500,6750,2500,0,125,2000,2500,3750,2000,2500,2500,0,125,125,0,6000,125,0,7500,3750,2500,125,2000,4500,3125,6000,1125,6750,2000,4500,3000,4500
"45",45,"M00046","Pyrimidine degradation, uracil => beta-alanine, thymine => 3-aminoisobutanoate",4666.66666666667,6666.66666666667,4000,166.666666666667,166.666666666667,166.666666666667,3333.33333333333,2666.66666666667,0,4666.66666666667,0,0,3333.33333333333,166.666666666667,3333.33333333333,0,4000,0,666.666666666667,3500,333.333333333333,0,0,166.666666666667,3333.33333333333,0,0,0,0,2666.66666666667,4000,0,0,2666.66666666667,166.666666666667,0,0,0,0,0,2666.66666666667,0,0,0,0,0,4166.66666666667,0,500,0,0,3333.33333333333,2666.66666666667,0,0,0,166.666666666667,2666.66666666667,4000,0,1000,0,166.666666666667,0,2666.66666666667
"46",46,"M00047","Creatine pathway",0,0,0,0,0,0,0,250,0,0,0,0,0,0,0,0,0,0,0,0,0,0,0,0,0,0,0,0,0,0,0,0,0,0,0,0,0,0,0,0,0,0,0,0,0,0,0,0,0,0,0,0,250,0,0,0,0,0,0,0,0,0,0,0,0
"47",47,"M00048","De novo purine biosynthesis, PRPP + glutamine => IMP",4258.06451612903,8516.12903225806,3548.38709677419,3903.22580645161,3225.8064516129,4193.54838709677,2903.22580645161,4967.74193548387,32.258064516129,4193.54838709677,4838.70967741936,2903.22580645161,3903.22580645161,5451.61290322581,2903.22580645161,2580.64516129032,2612.90322580645,5870.96774193548,6580.64516129032,4258.06451612903,4258.06451612903,4193.54838709677,5322.58064516129,4612.90322580645,4258.06451612903,4258.06451612903,4645.16129032258,3903.22580645161,4838.70967741936,2903.22580645161,4193.54838709677,32.258064516129,32.258064516129,3225.8064516129,3870.96774193548,6741.93548387097,32.258064516129,2612.90322580645,4258.06451612903,32.258064516129,4193.54838709677,6709.67741935484,4193.54838709677,5483.87096774193,32.258064516129,3903.22580645161,6193.54838709677,32.258064516129,4193.54838709677,3903.22580645161,0,5870.96774193548,5322.58064516129,4967.74193548387,3870.96774193548,4258.06451612903,3225.8064516129,4193.54838709677,4193.54838709677,967.741935483871,4193.54838709677,4967.74193548387,3225.8064516129,5451.61290322581,3225.8064516129
"48",48,"M00049","Adenine ribonucleotide biosynthesis, IMP => ADP,ATP",2857.14285714286,4571.42857142857,2285.71428571429,2285.71428571429,2285.71428571429,2285.71428571429,2857.14285714286,1285.71428571429,571.428571428571,2857.14285714286,2857.14285714286,2285.71428571429,2285.71428571429,2285.71428571429,2857.14285714286,2285.71428571429,2285.71428571429,2285.71428571429,2285.71428571429,3428.57142857143,2857.14285714286,2285.71428571429,4285.71428571429,2285.71428571429,2285.71428571429,2285.71428571429,2285.71428571429,2857.14285714286,2285.71428571429,2285.71428571429,2857.14285714286,142.857142857143,142.857142857143,2285.71428571429,2857.14285714286,2857.14285714286,571.428571428571,2285.71428571429,2285.71428571429,2857.14285714286,2857.14285714286,2857.14285714286,1285.71428571429,2285.71428571429,571.428571428571,2285.71428571429,2285.71428571429,2285.71428571429,2857.14285714286,2285.71428571429,857.142857142857,2285.71428571429,2285.71428571429,2285.71428571429,2285.71428571429,2285.71428571429,2285.71428571429,2857.14285714286,2285.71428571429,3428.57142857143,2285.71428571429,2857.14285714286,2285.71428571429,2285.71428571429,2285.71428571429
"49",49,"M00050","Guanine ribonucleotide biosynthesis, IMP => GDP,GTP",4000,8000,4000,3200,3200,4000,4000,4000,800,5600,4000,3200,3200,4800,4000,4800,2400,4000,7200,5600,2400,3200,3200,4000,4000,4000,4000,3200,3200,4000,4000,800,800,3200,4000,4800,800,4000,4000,6400,4800,5600,3200,1800,200,3200,3200,4000,4000,3200,1800,4800,4000,4000,3200,3200,4000,4000,4000,3600,4800,3200,4000,4000,3200
"50",50,"M00051","De novo pyrimidine biosynthesis, glutamine (+ PRPP) => UMP",5000,12375,6187.5,5500,3937.5,6750,6187.5,5500,0,4375,3062.5,6187.5,6187.5,6000,6187.5,5000,6187.5,6000,6750,9562.5,7500,6187.5,9375,5062.5,6187.5,4500,5625,5000,4500,8750,5000,0,0,6187.5,5500,6500,0,3500,8125,6000,5500,5062.5,7312.5,5000,0,5000,5625,4000,7500,4000,62.5,6000,3937.5,7500,6500,8750,5000,5000,7312.5,1500,7500,8750,5500,6000,6750
"51",51,"M00052","Pyrimidine ribonucleotide biosynthesis, UMP => UDP/UTP,CDP/CTP",1500,3000,1500,1500,1500,1500,1500,1500,666.666666666667,2000,1500,1500,1500,1500,1500,2000,1500,1500,666.666666666667,1500,1500,1500,1500,1500,1500,1500,1500,1500,2000,1500,1500,666.666666666667,666.666666666667,1500,2000,1500,1500,1500,1500,666.666666666667,1500,1500,1500,666.666666666667,1500,1500,1500,1500,1500,1500,1500,2000,1500,1500,1500,1500,1500,1500,1500,3000,1500,1500,2500,1500,1500
"52",52,"M00053","Deoxyribonucleotide biosynthesis, ADP/GDP/CDP/UDP => dATP/dGTP/dCTP/dUTP",2000,3000,1500,2500,2000,1500,2000,2500,1500,1666.66666666667,2000,1500,2000,2000,2000,2000,2000,1500,1500,1500,1500,2000,1500,2000,1500,2000,1500,2500,2000,666.666666666667,1000,1500,1500,2000,2500,2000,1500,1500,1500,2000,1000,2000,2500,2000,666.666666666667,1500,666.666666666667,1500,3500,666.666666666667,1500,1500,3000,1500,1500,1500,2000,1000,666.666666666667,1333.33333333333,2000,1500,2500,1500,2000
"53",53,"M00055","N-glycan precursor biosynthesis",0,0,0,0,0,0,0,0,0,0,0,0,0,0,0,0,0,0,0,0,0,0,0,0,0,0,0,0,0,0,0,0,0,0,0,0,0,0,0,0,0,0,0,0,0,0,71.4285714285714,0,0,0,0,0,0,0,0,0,0,0,0,0,0,0,0,0,0
"54",54,"M00056","O-glycan biosynthesis, mucin type core",0,0,0,0,0,0,0,0,0,0,0,0,0,0,0,0,0,0,0,0,0,0,0,0,0,0,0,0,0,0,0,0,0,0,0,0,0,0,0,0,0,0,0,0,0,0,0,0,0,0,0,0,0,0,0,0,0,0,0,0,0,0,0,0,0
"55",55,"M00057","Glycosaminoglycan biosynthesis, linkage tetrasaccharide",0,0,0,0,0,0,0,0,0,0,0,0,0,0,0,0,0,0,0,0,0,0,0,0,0,0,0,0,0,0,0,0,0,0,0,0,0,0,0,0,0,0,0,0,0,0,0,0,0,0,0,0,0,0,0,0,0,0,0,0,0,0,0,0,0
"56",56,"M00058","Glycosaminoglycan biosynthesis, chondroitin sulfate backbone",0,0,0,0,0,0,0,0,0,0,0,0,0,0,0,0,0,0,0,0,0,0,0,0,0,0,0,0,0,0,0,0,0,0,0,0,0,0,0,0,0,0,0,0,0,0,0,0,0,0,0,0,0,0,0,0,0,0,0,0,0,0,0,0,0
"57",57,"M00059","Glycosaminoglycan biosynthesis, heparan sulfate backbone",0,0,0,0,0,0,0,0,0,0,0,0,0,0,0,0,0,0,0,0,0,0,0,0,0,0,0,0,0,0,0,0,0,0,0,0,0,0,0,0,0,0,0,0,0,0,0,0,0,0,0,0,0,0,0,0,0,0,0,0,0,0,0,0,0
"58",58,"M00060","KDO2-lipid A biosynthesis, Raetz pathway, LpxL-LpxM type",8800,14400,7200,7200,8800,5600,7200,0,6400,6400,5600,4900,8000,7200,7200,4800,7200,7200,0,7200,7200,4900,5600,8000,7200,8000,6400,7200,4900,7700,7200,3600,0,7200,7200,8400,3600,2500,6300,8800,7200,100,4200,5600,0,8000,6400,6400,6400,6400,4900,7200,0,4900,0,7000,7200,7200,8800,3000,6400,7000,7200,7200,7200
"59",59,"M00061","D-Glucuronate degradation, D-glucuronate => pyruvate + D-glyceraldehyde 3P",571.428571428571,6857.14285714286,142.857142857143,571.428571428571,571.428571428571,4571.42857142857,571.428571428571,571.428571428571,0,1285.71428571429,0,2857.14285714286,857.142857142857,285.714285714286,1285.71428571429,0,2285.71428571429,142.857142857143,857.142857142857,857.142857142857,571.428571428571,0,0,0,3428.57142857143,0,0,142.857142857143,0,1714.28571428571,1714.28571428571,0,0,142.857142857143,857.142857142857,0,0,142.857142857143,0,0,571.428571428571,0,1285.71428571429,1285.71428571429,0,0,0,0,2142.85714285714,4285.71428571429,0,571.428571428571,142.857142857143,0,1714.28571428571,2285.71428571429,1285.71428571429,571.428571428571,142.857142857143,1142.85714285714,5000,0,1285.71428571429,142.857142857143,142.857142857143
"60",60,"M00063","CMP-3-deoxy-D-manno-octulosonate biosynthesis, ribulose-5P => CMP-KDO",5000,8000,4000,4000,1000,3000,4000,0,2250,2250,2250,5000,4000,4000,4000,2250,1000,4000,0,4000,4000,2250,3750,2250,4000,4000,4000,4000,2250,5000,2250,2250,0,4000,4000,6000,2250,2250,4000,3000,2250,0,3750,5000,0,4000,2250,4000,2250,4000,2250,6000,0,1500,2250,4000,4000,2250,4000,7000,2250,5000,4000,4000,4000
"61",61,"M00064","ADP-L-glycero-D-manno-heptose biosynthesis, sedoheptulose-7P => ADP-LDmanHep",571.428571428571,16000,6000,7000,9000,5000,571.428571428571,5714.28571428571,0,0,3571.42857142857,5000,571.428571428571,6000,571.428571428571,0,6000,3571.42857142857,0,1428.57142857143,571.428571428571,5000,3428.57142857143,5714.28571428571,8000,142.857142857143,7142.85714285714,7000,2285.71428571429,5000,0,2142.85714285714,0,5142.85714285714,571.428571428571,0,3571.42857142857,571.428571428571,0,571.428571428571,0,0,0,3428.57142857143,0,571.428571428571,857.142857142857,2857.14285714286,6428.57142857143,2857.14285714286,2285.71428571429,3571.42857142857,3428.57142857143,5000,0,0,571.428571428571,2285.71428571429,7714.28571428571,5714.28571428571,0,0,571.428571428571,3571.42857142857,5142.85714285714
"62",62,"M00065","GPI-anchor biosynthesis, core oligosaccharide",0,0,0,0,0,0,0,0,0,0,0,0,0,0,0,0,0,0,0,0,0,0,0,0,0,0,0,0,0,52.6315789473684,0,0,0,0,0,0,0,0,0,0,0,0,0,0,0,0,105.263157894737,52.6315789473684,0,0,0,0,0,0,0,0,0,0,0,0,0,0,0,0,0
"63",63,"M00066","Lactosylceramide biosynthesis",0,0,0,0,0,0,0,333.333333333333,0,666.666666666667,0,0,0,0,0,0,0,0,0,0,0,0,0,0,0,0,0,0,0,0,333.333333333333,0,0,0,0,0,0,0,0,0,333.333333333333,0,0,0,0,0,0,0,0,0,0,0,333.333333333333,0,0,0,0,333.333333333333,0,0,333.333333333333,0,0,0,0
"64",64,"M00067","Sulfoglycolipids biosynthesis, ceramide/1-alkyl-2-acylglycerol => sulfatide/seminolipid",0,0,0,0,0,0,0,0,0,0,0,0,0,0,0,0,0,0,0,0,0,0,0,0,0,0,0,0,0,0,0,0,0,0,0,0,0,0,0,0,0,0,0,0,0,0,0,0,0,0,0,0,0,0,0,0,0,0,0,0,0,0,0,0,0
"65",65,"M00068","Glycosphingolipid biosynthesis, globo-series, LacCer => Gb4Cer",0,0,0,0,0,0,0,0,0,0,0,0,0,0,0,0,0,0,0,0,0,0,0,0,0,0,0,0,0,0,0,0,0,0,0,0,0,0,0,0,0,0,0,0,0,0,0,0,0,0,0,0,0,0,0,0,0,0,0,0,0,0,0,0,0
"66",66,"M00069","Glycosphingolipid biosynthesis, ganglio series, LacCer => GT3",0,0,0,0,0,0,0,0,0,0,0,0,0,0,0,0,0,0,0,0,0,0,0,0,0,0,0,0,0,0,0,0,0,0,0,0,0,0,0,0,0,0,0,0,0,0,0,0,0,0,0,0,0,0,0,0,0,0,0,0,0,0,0,0,0
"67",67,"M00070","Glycosphingolipid biosynthesis, lacto-series, LacCer => Lc4Cer",0,0,0,0,0,0,0,0,0,0,0,0,0,0,0,0,0,0,0,0,0,0,0,0,0,0,0,0,0,0,0,0,0,0,0,0,0,0,0,0,0,0,0,0,0,0,0,0,0,0,0,0,0,0,0,0,0,0,0,0,0,0,0,0,0
"68",68,"M00071","Glycosphingolipid biosynthesis, neolacto-series, LacCer => nLc4Cer",0,0,0,0,0,0,0,0,0,0,0,0,0,0,0,0,0,0,0,0,0,0,0,0,0,0,0,0,0,0,0,0,0,0,0,0,0,0,0,0,0,0,0,0,0,0,0,0,0,0,0,0,0,0,0,0,0,0,0,0,0,0,0,0,0
"69",69,"M00072","N-glycosylation by oligosaccharyltransferase",0,0,0,0,0,0,0,0,0,0,0,0,0,0,0,0,0,0,0,0,0,0,0,0,0,0,0,0,0,0,0,0,0,0,0,0,0,0,0,0,0,0,0,0,0,0,0,0,0,0,0,0,0,0,0,0,0,0,0,0,0,0,0,0,0
"70",70,"M00073","N-glycan precursor trimming",0,0,250,0,0,0,0,0,0,0,0,0,0,0,0,0,0,0,0,0,0,0,0,0,0,0,0,0,0,0,0,0,0,250,250,0,0,0,0,0,0,0,0,0,0,0,0,0,0,0,0,0,0,0,0,0,250,0,250,0,0,0,250,0,250
"71",71,"M00074","N-glycan biosynthesis, high-mannose type",0,0,83.3333333333333,0,0,0,0,0,0,0,0,0,0,0,0,0,0,0,0,0,0,0,0,0,0,0,0,0,0,0,0,0,0,83.3333333333333,83.3333333333333,0,0,0,0,0,0,0,0,0,0,0,0,0,0,0,500,0,0,0,0,0,83.3333333333333,0,83.3333333333333,0,0,0,83.3333333333333,0,83.3333333333333
"72",72,"M00075","N-glycan biosynthesis, complex type",0,0,0,0,0,0,0,0,0,0,0,0,0,0,0,0,0,0,0,0,0,0,0,0,0,0,0,0,0,0,0,0,0,0,0,0,0,0,0,0,0,0,0,0,0,0,0,0,0,0,0,0,0,0,0,0,0,0,0,0,0,0,0,0,0
"73",73,"M00076","Dermatan sulfate degradation",0,0,0,0,0,200,0,0,0,0,0,0,0,0,0,0,0,0,0,0,0,0,0,0,0,0,0,0,0,0,0,0,0,0,0,0,0,0,0,0,0,0,200,400,200,0,0,0,200,0,0,0,0,0,0,200,0,0,0,0,0,0,0,0,0
"74",74,"M00077","Chondroitin sulfate degradation",0,0,0,0,0,250,0,0,0,0,0,0,0,0,0,0,0,0,0,0,0,0,0,0,0,0,0,0,0,0,0,0,0,0,0,0,0,0,0,0,0,0,250,500,250,0,0,0,250,0,0,0,0,0,0,250,0,0,0,0,0,0,0,0,0
"75",75,"M00078","Heparan sulfate degradation",0,0,0,0,111.111111111111,111.111111111111,0,0,0,0,0,222.222222222222,0,0,0,0,0,0,0,0,0,0,0,0,0,0,0,0,0,0,0,0,0,111.111111111111,0,0,0,0,0,0,0,0,666.666666666667,666.666666666667,111.111111111111,0,0,0,111.111111111111,111.111111111111,0,0,0,0,0,111.111111111111,0,0,0,0,0,0,0,0,111.111111111111
"76",76,"M00079","Keratan sulfate degradation",250,0,250,0,250,750,0,0,0,250,0,1500,0,0,250,0,0,0,0,0,0,500,250,0,0,0,0,0,0,0,0,0,0,0,500,0,0,0,250,0,0,0,2250,1500,0,0,0,0,0,500,0,0,0,250,0,0,0,0,0,750,0,250,250,0,0
"77",77,"M00081","Pectin degradation",0,0,333.333333333333,0,0,666.666666666667,333.333333333333,0,0,0,0,666.666666666667,0,0,0,0,0,0,0,0,0,0,0,0,0,0,0,0,0,1333.33333333333,0,0,0,666.666666666667,333.333333333333,0,0,0,0,0,0,0,666.666666666667,1333.33333333333,0,0,0,0,0,666.666666666667,0,0,0,0,0,666.666666666667,333.333333333333,0,333.333333333333,0,0,0,333.333333333333,0,0
"78",78,"M00082","Fatty acid biosynthesis, initiation",2571.42857142857,5142.85714285714,2571.42857142857,3000,3428.57142857143,3857.14285714286,2571.42857142857,3000,285.714285714286,5500,428.571428571429,4285.71428571429,2571.42857142857,3500,3500,5571.42857142857,2571.42857142857,2571.42857142857,714.285714285714,5500,3000,4714.28571428571,4714.28571428571,857.142857142857,2571.42857142857,3428.57142857143,3857.14285714286,2571.42857142857,285.714285714286,3000,2571.42857142857,2571.42857142857,2571.42857142857,3428.57142857143,2571.42857142857,5142.85714285714,1785.71428571429,3000,3857.14285714286,2571.42857142857,3000,8000,4285.71428571429,3214.28571428571,0,2571.42857142857,1785.71428571429,2571.42857142857,3428.57142857143,2571.42857142857,2571.42857142857,3000,3857.14285714286,4714.28571428571,1785.71428571429,3857.14285714286,2571.42857142857,3000,2571.42857142857,4285.71428571429,3000,4285.71428571429,2571.42857142857,3500,3428.57142857143
"79",79,"M00083","Fatty acid biosynthesis, elongation",6000,4571.42857142857,2857.14285714286,4642.85714285714,6000,2571.42857142857,2571.42857142857,9500,1142.85714285714,8142.85714285714,2142.85714285714,3142.85714285714,5500,7714.28571428571,3928.57142857143,2500,2000,5142.85714285714,1000,16714.2857142857,6785.71428571429,1714.28571428571,7428.57142857143,714.285714285714,2571.42857142857,2857.14285714286,4714.28571428571,2142.85714285714,857.142857142857,2500,4285.71428571429,2500,2142.85714285714,1428.57142857143,3928.57142857143,2000,571.428571428571,4714.28571428571,1785.71428571429,4285.71428571429,4714.28571428571,8214.28571428572,2571.42857142857,4285.71428571429,0,2285.71428571429,5357.14285714286,4285.71428571429,7142.85714285714,2571.42857142857,1428.57142857143,10000,8500,2857.14285714286,2000,4285.71428571429,2571.42857142857,4714.28571428571,2857.14285714286,1285.71428571429,11500,2500,2571.42857142857,5571.42857142857,1428.57142857143
"80",80,"M00085","Fatty acid elongation in mitochondria",0,0,0,0,0,0,0,0,0,0,0,0,0,0,0,0,0,0,0,0,0,0,0,166.666666666667,0,0,0,0,0,0,0,0,0,0,0,0,0,0,0,0,0,0,0,0,0,0,0,0,0,0,0,0,0,0,0,0,0,0,0,0,0,0,0,0,0
"81",81,"M00086","beta-Oxidation, acyl-CoA synthesis",6500,5000,2000,1500,2000,1500,4500,2000,0,2500,1500,500,5000,3000,2500,0,2000,2000,2500,8500,6500,500,1000,2500,2500,1500,500,1500,500,500,1500,0,0,2500,2500,500,500,2000,500,500,500,5500,1000,1000,0,2000,4500,500,2000,1000,0,1500,4500,1500,1000,1000,2000,2000,2000,1000,1500,1000,2000,2000,2500
"82",82,"M00087","beta-Oxidation",4210.52631578947,5789.47368421053,3157.89473684211,2105.26315789474,3684.21052631579,1578.94736842105,3684.21052631579,5000,210.526315789474,3421.05263157895,210.526315789474,842.105263157895,3684.21052631579,6631.57894736842,3157.89473684211,631.578947368421,3157.89473684211,4736.84210526316,1105.26315789474,13894.7368421053,7105.26315789474,52.6315789473684,315.789473684211,1578.94736842105,2894.73684210526,52.6315789473684,210.526315789474,3789.47368421053,210.526315789474,210.526315789474,1263.15789473684,0,0,2105.26315789474,4473.68421052632,473.684210526316,210.526315789474,5052.63157894737,210.526315789474,1684.21052631579,631.578947368421,20210.5263157895,210.526315789474,789.473684210526,0,4736.84210526316,4421.05263157895,210.526315789474,2894.73684210526,631.578947368421,0,4736.84210526316,4736.84210526316,210.526315789474,3473.68421052632,473.684210526316,1684.21052631579,2631.57894736842,3368.42105263158,2105.26315789474,2894.73684210526,210.526315789474,1894.73684210526,5368.42105263158,2105.26315789474
"83",83,"M00088","Ketone body biosynthesis, acetyl-CoA => acetoacetate/3-hydroxybutyrate/acetone",7200,10800,5400,7200,6000,800,5400,8800,800,6000,3000,1200,6600,7800,4200,2400,5400,2000,2400,20800,9000,1200,3000,3600,5400,1600,2400,3600,800,1200,4800,1200,200,3000,5400,4000,800,1000,800,1200,2000,15000,2400,800,0,6000,2800,4000,6000,1200,800,4800,10400,1200,3200,4000,4800,6000,6600,1800,2400,1800,4200,2400,3000
"84",84,"M00089","Triacylglycerol biosynthesis",83.3333333333333,250,83.3333333333333,83.3333333333333,83.3333333333333,125,83.3333333333333,125,41.6666666666667,83.3333333333333,41.6666666666667,83.3333333333333,83.3333333333333,166.666666666667,83.3333333333333,250,125,125,83.3333333333333,125,83.3333333333333,41.6666666666667,166.666666666667,333.333333333333,125,41.6666666666667,83.3333333333333,83.3333333333333,0,125,83.3333333333333,41.6666666666667,166.666666666667,83.3333333333333,83.3333333333333,166.666666666667,83.3333333333333,125,125,83.3333333333333,83.3333333333333,208.333333333333,166.666666666667,125,0,83.3333333333333,416.666666666667,83.3333333333333,41.6666666666667,41.6666666666667,166.666666666667,125,166.666666666667,41.6666666666667,125,125,83.3333333333333,83.3333333333333,83.3333333333333,125,83.3333333333333,125,83.3333333333333,125,83.3333333333333
"85",85,"M00090","Phosphatidylcholine (PC) biosynthesis, choline => PC",0,0,0,200,600,0,0,0,0,0,0,0,0,0,0,0,0,0,0,0,0,0,0,0,0,0,0,0,0,0,0,0,0,0,0,0,0,0,0,0,0,0,0,0,0,0,200,0,0,0,0,0,0,0,0,0,0,0,0,0,0,0,0,0,0
"86",86,"M00091","Phosphatidylcholine (PC) biosynthesis, PE => PC",0,0,0,250,0,0,0,250,0,250,0,0,0,0,0,0,0,0,0,0,0,0,0,0,0,0,0,0,0,0,250,500,0,0,0,0,0,0,0,0,250,0,0,0,0,0,0,0,250,0,0,0,250,0,0,0,0,250,0,0,500,0,0,0,0
"87",87,"M00092","Phosphatidylethanolamine (PE) biosynthesis, ethanolamine => PE",0,0,0,0,0,0,0,0,0,0,0,0,0,0,0,0,0,0,0,0,0,0,0,0,0,0,0,0,0,0,0,0,0,0,0,0,0,0,0,0,0,0,0,0,0,0,0,0,0,0,200,0,0,0,0,0,0,0,0,0,0,0,0,0,0
"88",88,"M00093","Phosphatidylethanolamine (PE) biosynthesis, PA => PS => PE",3750,7500,3000,3000,4500,2250,4500,2250,2250,3000,0,2250,3750,2250,3750,2250,2250,2250,0,4500,4500,2250,3000,3000,3750,3000,2250,3000,500,2250,2250,2250,2250,5000,4500,2250,2250,1000,2250,1500,2250,2250,2250,2250,0,3750,2250,2250,2250,2250,2250,4000,1000,6000,2250,2250,4500,2250,3000,5250,3000,3000,4500,2250,5000
"89",89,"M00094","Ceramide biosynthesis",0,0,0,0,0,0,0,125,0,0,0,125,0,0,0,0,0,0,0,0,0,0,0,0,0,0,0,0,0,125,0,0,0,0,0,0,0,0,0,0,0,0,0,0,0,0,250,0,0,0,0,0,125,0,0,0,0,0,0,0,0,0,0,0,0
"90",90,"M00095","C5 isoprenoid biosynthesis, mevalonate pathway",875,1500,750,750,750,2625,625,750,125,875,250,250,875,7000,500,3750,750,1250,1500,4000,1375,750,1875,4000,750,375,2500,1250,125,250,750,6000,500,375,750,4375,3750,1500,2000,2500,500,2750,750,2000,0,1000,750,3750,625,250,0,1750,1125,1500,875,3750,625,875,875,1500,375,3125,500,1500,375
"91",91,"M00096","C5 isoprenoid biosynthesis, non-mevalonate pathway",10800,19800,9900,9900,9900,4900,9900,4900,0,6400,5600,4900,9900,6400,9900,400,4900,6400,2500,10800,9900,6400,6400,200,9900,4900,100,9900,1600,4900,6400,100,100,9900,10800,600,100,1600,400,100,8800,8100,7200,6300,100,9900,9900,100,6300,4900,11700,6400,5600,6400,2500,400,9900,8800,9900,4000,6400,400,9900,6400,9900
"92",92,"M00097","beta-Carotene biosynthesis, GGAP => beta-carotene",333.333333333333,666.666666666667,333.333333333333,333.333333333333,333.333333333333,166.666666666667,333.333333333333,166.666666666667,0,166.666666666667,166.666666666667,166.666666666667,333.333333333333,166.666666666667,333.333333333333,166.666666666667,333.333333333333,166.666666666667,0,333.333333333333,333.333333333333,0,0,666.666666666667,333.333333333333,0,0,166.666666666667,166.666666666667,166.666666666667,166.666666666667,0,0,333.333333333333,333.333333333333,166.666666666667,166.666666666667,0,166.666666666667,0,166.666666666667,666.666666666667,0,0,166.666666666667,333.333333333333,0,166.666666666667,1333.33333333333,0,0,0,166.666666666667,0,1000,166.666666666667,333.333333333333,166.666666666667,333.333333333333,333.333333333333,166.666666666667,166.666666666667,333.333333333333,333.333333333333,333.333333333333
"93",93,"M00098","Acylglycerol degradation",62.5,125,62.5,0,0,62.5,0,0,0,0,0,0,62.5,62.5,62.5,0,0,187.5,0,125,0,0,0,62.5,62.5,125,62.5,0,0,0,0,0,0,62.5,0,0,0,187.5,0,0,0,312.5,0,0,0,62.5,125,0,0,0,0,125,0,0,0,0,0,0,62.5,0,0,0,0,187.5,62.5
"94",94,"M00099","Sphingosine biosynthesis",0,0,0,0,0,0,0,90.9090909090909,0,0,0,90.9090909090909,0,0,0,0,0,0,0,0,0,0,0,0,0,0,0,90.9090909090909,0,90.9090909090909,0,0,0,0,0,0,0,0,0,0,0,90.9090909090909,0,0,0,0,727.272727272727,0,0,0,0,0,90.9090909090909,0,0,0,0,0,0,0,0,0,0,0,0
"95",95,"M00100","Sphingosine degradation",0,0,0,0,0,0,0,0,0,0,0,0,0,0,0,0,0,0,0,500,0,0,0,0,0,0,0,0,0,0,0,0,0,0,0,0,0,0,0,0,0,1000,0,0,0,0,500,0,0,0,0,0,0,0,0,0,0,0,0,0,0,0,0,0,0
"96",96,"M00101","Cholesterol biosynthesis, FPP => cholesterol",0,0,0,0,0,0,0,0,0,0,0,0,0,76.9230769230769,0,0,0,0,0,0,0,0,0,76.9230769230769,0,0,0,0,0,0,0,0,0,0,0,0,0,0,0,76.9230769230769,0,76.9230769230769,0,0,0,0,76.9230769230769,307.692307692308,0,0,0,0,0,76.9230769230769,0,0,0,0,0,0,0,0,76.9230769230769,0,0
"97",97,"M00102","Ergocalciferol biosynthesis, FPP => ergosterol/ergocalciferol",0,0,0,0,0,0,0,0,0,0,0,0,0,0,0,0,0,0,0,0,0,0,76.9230769230769,76.9230769230769,0,0,0,0,0,0,0,0,0,0,0,0,0,0,0,0,0,76.9230769230769,0,0,0,0,76.9230769230769,307.692307692308,0,0,0,0,0,307.692307692308,0,0,0,0,0,0,0,0,0,0,0
"98",98,"M00103","Cholecalciferol biosynthesis",0,0,0,0,0,0,0,0,0,0,0,0,0,0,0,0,0,0,0,0,0,0,0,0,0,0,0,0,0,0,0,0,0,0,0,0,0,0,0,0,0,0,0,0,0,0,0,0,0,0,0,0,0,0,0,0,0,0,0,0,0,0,0,0,0
"99",99,"M00104","Bile acid biosynthesis, cholesterol => cholate/chenodeoxycholate",0,0,83.3333333333333,0,83.3333333333333,0,83.3333333333333,83.3333333333333,0,0,0,0,0,0,83.3333333333333,0,0,0,0,416.666666666667,333.333333333333,0,0,0,0,166.666666666667,0,0,0,0,83.3333333333333,0,0,83.3333333333333,83.3333333333333,0,0,0,0,0,0,250,0,0,0,83.3333333333333,0,0,0,0,0,0,250,0,83.3333333333333,0,83.3333333333333,83.3333333333333,83.3333333333333,0,0,0,83.3333333333333,0,83.3333333333333
"100",100,"M00106","Conjugated bile acid biosynthesis, cholate => taurocholate/glycocholate",0,0,0,0,0,0,0,0,0,0,0,0,0,0,0,0,0,0,0,0,0,0,0,0,0,0,0,0,0,0,0,0,0,0,0,0,0,0,0,0,0,0,0,0,0,0,0,0,0,0,0,0,0,0,0,0,0,0,0,0,0,0,0,0,0
"101",101,"M00107","Steroid hormone biosynthesis, cholesterol => pregnenolone => progesterone",0,0,0,0,0,0,0,0,0,0,0,0,0,0,0,0,0,0,0,0,0,0,0,0,0,0,0,0,0,0,0,0,0,0,0,0,0,0,0,0,0,0,0,0,0,0,0,0,0,0,0,0,0,0,0,0,0,0,0,0,0,0,0,0,0
"102",102,"M00108","C21-Steroid hormone biosynthesis, progesterone => corticosterone/aldosterone",0,0,0,0,0,0,0,0,0,0,0,0,0,0,0,0,0,0,0,0,0,0,0,0,0,0,0,0,0,0,0,0,0,0,0,0,0,0,0,0,0,0,0,0,0,0,0,0,0,0,0,0,0,0,0,0,0,0,0,0,0,0,0,0,0
"103",103,"M00109","C21-Steroid hormone biosynthesis, progesterone => cortisol/cortisone",0,0,0,0,0,0,0,0,0,0,0,0,0,0,0,0,0,0,0,0,0,0,0,0,0,0,0,0,0,0,0,0,0,0,0,0,0,0,0,0,0,0,0,0,0,0,0,0,0,0,0,0,0,0,0,0,0,0,0,0,0,0,0,0,0
"104",104,"M00110","C19/C18-Steroid hormone biosynthesis, pregnenolone => androstenedione => estrone",0,0,0,0,0,0,0,0,0,0,0,0,0,0,0,0,0,0,0,0,0,0,0,0,0,0,0,0,0,0,0,0,0,0,0,0,0,0,0,0,0,0,0,0,0,0,0,0,0,0,0,0,0,0,0,0,0,0,0,0,0,0,0,0,0
"105",105,"M00112","Tocopherol/tocotorienol biosynthesis, homogentisate + phytyl/geranylgeranyl-PP => tocopherol/tocotorienol",0,0,0,0,0,0,0,0,0,0,0,0,0,0,0,0,0,0,0,0,0,0,0,0,0,0,0,0,0,0,0,0,0,0,0,0,0,0,0,0,0,0,0,0,0,0,0,0,0,0,0,0,0,0,0,0,0,0,0,0,0,0,0,0,0
"106",106,"M00113","Jasmonic acid biosynthesis",0,0,0,0,0,0,0,0,0,0,0,0,0,0,0,125,0,0,125,0,0,0,0,0,0,0,0,0,0,0,0,0,0,0,0,125,0,0,0,0,0,125,0,0,0,0,0,0,0,0,0,0,0,0,0,125,0,0,0,0,0,0,0,0,0
"107",107,"M00114","Ascorbate biosynthesis, plants, fructose-6P => ascorbate",0,250,375,0,0,0,125,0,125,125,0,0,0,125,0,125,125,125,375,125,0,0,0,0,125,0,0,0,125,125,125,0,0,0,0,125,0,125,125,0,125,500,0,0,0,0,750,125,0,0,0,125,0,0,250,125,0,125,500,0,500,125,0,125,0
"108",108,"M00115","NAD biosynthesis, aspartate => quinolinate => NAD",5000,10500,6125,5250,4500,3125,4500,6750,1125,5250,1500,3125,6000,3750,4500,4375,5250,3125,5625,7000,7875,1125,3125,3125,5250,4500,3125,4500,1125,3125,3125,500,0,4500,5250,1125,0,3750,1125,2000,500,4375,3750,3750,0,4500,3125,3125,1125,3125,750,4500,5000,1125,3125,1125,4500,500,6125,750,2000,1125,4500,3125,4500
"109",109,"M00116","Menaquinone biosynthesis, chorismate (+ polyprenyl-PP) => menaquinol",444.444444444444,888.888888888889,666.666666666667,666.666666666667,222.222222222222,6222.22222222222,1000,111.111111111111,111.111111111111,444.444444444444,0,6222.22222222222,444.444444444444,444.444444444444,444.444444444444,5333.33333333333,111.111111111111,444.444444444444,10888.8888888889,1777.77777777778,1333.33333333333,6222.22222222222,888.888888888889,8000,444.444444444444,666.666666666667,111.111111111111,444.444444444444,0,111.111111111111,444.444444444444,111.111111111111,0,222.222222222222,111.111111111111,7000,111.111111111111,444.444444444444,5444.44444444444,111.111111111111,111.111111111111,8555.55555555555,444.444444444444,444.444444444444,0,111.111111111111,111.111111111111,444.444444444444,222.222222222222,111.111111111111,7111.11111111111,444.444444444444,111.111111111111,6222.22222222222,1000,5444.44444444444,111.111111111111,444.444444444444,666.666666666667,666.666666666667,111.111111111111,6222.22222222222,222.222222222222,444.444444444444,222.222222222222
"110",110,"M00117","Ubiquinone biosynthesis, prokaryotes, chorismate (+ polyprenyl-PP) => ubiquinol",6666.66666666667,4166.66666666667,10000,10500,8666.66666666667,2333.33333333333,7500,6666.66666666667,4083.33333333333,7583.33333333333,3333.33333333333,333.333333333333,3000,13750,10000,500,2083.33333333333,11000,83.3333333333333,2500,3333.33333333333,1333.33333333333,3000,83.3333333333333,2083.33333333333,9750,4083.33333333333,6750,333.333333333333,3500,3333.33333333333,4000,750,10000,8250,666.666666666667,3000,5333.33333333333,500,7333.33333333333,3333.33333333333,750,3500,3000,0,2916.66666666667,1666.66666666667,6666.66666666667,7333.33333333333,8333.33333333333,83.3333333333333,13750,4000,666.666666666667,3000,500,8333.33333333333,2500,8250,3500,4166.66666666667,500,10833.3333333333,11000,10000
"111",111,"M00118","Glutathione biosynthesis, glutamate => glutathione",1200,2400,1200,800,1200,0,1200,1200,0,800,1200,0,1200,800,800,0,1200,800,0,1200,1200,0,0,200,1200,200,800,800,800,0,800,800,0,1200,800,0,800,800,0,800,800,200,0,0,0,1200,800,800,800,800,0,800,800,0,1600,0,1200,800,1200,800,800,0,1200,800,1200
"112",112,"M00119","Pantothenate biosynthesis, valine/L-aspartate => pantothenate",5833.33333333333,5333.33333333333,1500,5000,8333.33333333333,4000,4666.66666666667,8000,166.666666666667,3000,3333.33333333333,3333.33333333333,4666.66666666667,7500,4000,2500,1500,2000,4000,6000,5000,3333.33333333333,3333.33333333333,3333.33333333333,3333.33333333333,1500,3333.33333333333,4166.66666666667,1500,3333.33333333333,3333.33333333333,0,0,1500,3333.33333333333,4666.66666666667,0,1500,3333.33333333333,666.666666666667,4666.66666666667,2666.66666666667,6666.66666666667,3333.33333333333,0,5000,4166.66666666667,1500,4666.66666666667,2000,0,3333.33333333333,8666.66666666667,4000,1500,3333.33333333333,2000,4000,1500,1333.33333333333,2000,3333.33333333333,2000,2000,1500
"113",113,"M00120","Coenzyme A biosynthesis, pantothenate => CoA",2083.33333333333,4166.66666666667,2500,2083.33333333333,2083.33333333333,2000,2083.33333333333,1333.33333333333,333.333333333333,2083.33333333333,2083.33333333333,1666.66666666667,2083.33333333333,750,2500,333.333333333333,2083.33333333333,750,750,2083.33333333333,2083.33333333333,1333.33333333333,1333.33333333333,2083.33333333333,2083.33333333333,2083.33333333333,1666.66666666667,2500,750,1333.33333333333,2083.33333333333,0,0,2083.33333333333,2083.33333333333,1333.33333333333,333.333333333333,750,1333.33333333333,1333.33333333333,2083.33333333333,2500,1666.66666666667,1333.33333333333,0,2083.33333333333,1666.66666666667,1333.33333333333,1000,1333.33333333333,333.333333333333,1333.33333333333,333.333333333333,1333.33333333333,1333.33333333333,1333.33333333333,2083.33333333333,2083.33333333333,2500,1666.66666666667,2083.33333333333,1333.33333333333,2083.33333333333,1333.33333333333,2083.33333333333
"114",114,"M00121","Heme biosynthesis, plants and bacteria, glutamate => heme",9533.33333333333,19066.6666666667,8800,8000,9533.33333333333,8800,8800,6600,6000,4800,7200,11000,8066.66666666667,10400,7333.33333333333,10000,7200,10400,8000,12466.6666666667,11000,266.666666666667,9533.33333333333,4800,9533.33333333333,8066.66666666667,6666.66666666667,7333.33333333333,4200,266.666666666667,6000,5333.33333333333,133.333333333333,8800,10000,8000,8000,6600,9533.33333333333,5400,6600,9333.33333333333,8800,8066.66666666667,66.6666666666667,8800,8000,6666.66666666667,6400,8800,6000,10400,8400,8800,6000,7333.33333333333,8800,6600,9533.33333333333,13333.3333333333,6600,8000,8800,11200,8800
"115",115,"M00122","Cobalamin biosynthesis, cobyrinate a,c-diamide => cobalamin",7200,14400,9000,8000,6300,100,8000,13000,0,6400,100,2500,7200,7200,2500,100,3500,8100,100,7200,8000,100,100,100,7200,100,0,400,100,100,6400,0,0,7200,8000,100,0,3600,2500,0,6400,9900,100,100,100,12800,900,100,6400,400,100,9900,9000,100,100,400,8000,3600,9000,1600,7200,100,8000,8100,7200
"116",116,"M00123","Biotin biosynthesis, pimeloyl-ACP/CoA => biotin",3333.33333333333,0,3333.33333333333,166.666666666667,2666.66666666667,166.666666666667,2666.66666666667,166.666666666667,0,2666.66666666667,2666.66666666667,2666.66666666667,2666.66666666667,2666.66666666667,2666.66666666667,1500,0,2666.66666666667,0,166.666666666667,2666.66666666667,0,2666.66666666667,0,0,3333.33333333333,0,2666.66666666667,3333.33333333333,166.666666666667,0,0,0,2666.66666666667,2666.66666666667,2666.66666666667,0,2666.66666666667,2666.66666666667,3333.33333333333,0,2666.66666666667,4000,3333.33333333333,0,2666.66666666667,3333.33333333333,2666.66666666667,0,2666.66666666667,1500,3333.33333333333,166.666666666667,2666.66666666667,666.666666666667,2666.66666666667,2666.66666666667,166.666666666667,2666.66666666667,166.666666666667,0,2666.66666666667,2666.66666666667,2666.66666666667,2666.66666666667
"117",117,"M00124","Pyridoxal-P biosynthesis, erythrose-4P => pyridoxal-P",3333.33333333333,6666.66666666667,2666.66666666667,3333.33333333333,3333.33333333333,3333.33333333333,2666.66666666667,2666.66666666667,0,3333.33333333333,2000,3333.33333333333,2666.66666666667,6000,2666.66666666667,666.666666666667,2000,6000,1000,3333.33333333333,2666.66666666667,2666.66666666667,3333.33333333333,1500,3333.33333333333,2666.66666666667,4166.66666666667,3333.33333333333,666.666666666667,2666.66666666667,2666.66666666667,166.666666666667,0,3333.33333333333,4666.66666666667,2666.66666666667,0,6000,2666.66666666667,7000,2666.66666666667,2000,2000,4000,0,2666.66666666667,4166.66666666667,4166.66666666667,3333.33333333333,6000,0,7000,2666.66666666667,2666.66666666667,3333.33333333333,2666.66666666667,3333.33333333333,3333.33333333333,3333.33333333333,166.666666666667,4000,2666.66666666667,4000,7000,3333.33333333333
"118",118,"M00125","Riboflavin biosynthesis, plants and bacteria, GTP => riboflavin/FMN/FAD",3111.11111111111,5444.44444444444,3555.55555555556,3555.55555555556,3111.11111111111,2722.22222222222,3555.55555555556,4888.88888888889,0,2000,2000,2666.66666666667,3111.11111111111,4500,2333.33333333333,1388.88888888889,2722.22222222222,4500,2000,3888.88888888889,3111.11111111111,2000,2000,2000,2722.22222222222,2722.22222222222,2666.66666666667,2000,1388.88888888889,55.5555555555556,5333.33333333333,0,0,4500,2333.33333333333,2000,0,4500,2000,2000,2722.22222222222,3111.11111111111,1944.44444444444,3000,55.5555555555556,2722.22222222222,2333.33333333333,2333.33333333333,3888.88888888889,4000,0,5000,2500,2000,2000,2000,2000,4444.44444444444,4444.44444444444,222.222222222222,3111.11111111111,2000,2333.33333333333,4500,4500
"119",119,"M00126","Tetrahydrofolate biosynthesis, GTP => THF",5500,11000,6500,8333.33333333333,6500,4444.44444444444,7222.22222222222,4444.44444444444,222.222222222222,7222.22222222222,2722.22222222222,5000,4500,4444.44444444444,7222.22222222222,3000,4444.44444444444,4444.44444444444,6500,6111.11111111111,3111.11111111111,5500,6666.66666666667,1111.11111111111,5500,6222.22222222222,500,7777.77777777778,3555.55555555556,3555.55555555556,5555.55555555556,55.5555555555556,55.5555555555556,5000,11333.3333333333,4000,500,4444.44444444444,3111.11111111111,1666.66666666667,5000,7222.22222222222,2333.33333333333,8333.33333333333,55.5555555555556,4500,2722.22222222222,3555.55555555556,3111.11111111111,5500,55.5555555555556,5500,5333.33333333333,4888.88888888889,3555.55555555556,4888.88888888889,6666.66666666667,4500,7000,3111.11111111111,7333.33333333333,3500,6111.11111111111,5500,5000
"120",120,"M00127","Thiamine biosynthesis, prokaryotes, AIR (+ DXP/tyrosine) => TMP/TPP",4909.09090909091,8727.27272727273,4363.63636363636,3818.18181818182,3818.18181818182,363.636363636364,3818.18181818182,3181.81818181818,90.9090909090909,3636.36363636364,3818.18181818182,5090.90909090909,4363.63636363636,4454.54545454545,3818.18181818182,90.9090909090909,4363.63636363636,4454.54545454545,727.272727272727,4363.63636363636,4363.63636363636,90.9090909090909,6363.63636363636,90.9090909090909,4363.63636363636,3818.18181818182,90.9090909090909,3818.18181818182,1818.18181818182,90.9090909090909,545.454545454545,0,818.181818181818,3818.18181818182,3818.18181818182,90.9090909090909,0,4454.54545454545,5090.90909090909,90.9090909090909,181.818181818182,3818.18181818182,818.181818181818,0,0,4363.63636363636,2272.72727272727,0,1363.63636363636,6545.45454545455,0,4454.54545454545,3636.36363636364,5090.90909090909,2727.27272727273,90.9090909090909,3818.18181818182,181.818181818182,4363.63636363636,818.181818181818,4363.63636363636,90.9090909090909,3818.18181818182,4454.54545454545,3818.18181818182
"121",121,"M00128","Ubiquinone biosynthesis, eukaryotes, 4-hydroxybenzoate + polyprenyl-PP => ubiquinol",166.666666666667,333.333333333333,166.666666666667,166.666666666667,500,0,166.666666666667,166.666666666667,666.666666666667,166.666666666667,1000,0,166.666666666667,166.666666666667,166.666666666667,0,166.666666666667,166.666666666667,0,333.333333333333,166.666666666667,0,0,0,166.666666666667,166.666666666667,0,166.666666666667,666.666666666667,0,166.666666666667,166.666666666667,2666.66666666667,166.666666666667,166.666666666667,0,166.666666666667,166.666666666667,0,166.666666666667,166.666666666667,0,0,0,0,166.666666666667,0,166.666666666667,166.666666666667,0,666.666666666667,166.666666666667,166.666666666667,0,166.666666666667,0,166.666666666667,166.666666666667,166.666666666667,166.666666666667,166.666666666667,0,166.666666666667,166.666666666667,166.666666666667
"122",122,"M00129","Ascorbate biosynthesis, animals, glucose-1P => ascorbate",571.428571428571,285.714285714286,571.428571428571,2142.85714285714,1714.28571428571,5714.28571428571,857.142857142857,2857.14285714286,142.857142857143,2142.85714285714,142.857142857143,571.428571428571,142.857142857143,857.142857142857,571.428571428571,0,142.857142857143,142.857142857143,571.428571428571,3000,1285.71428571429,142.857142857143,428.571428571429,571.428571428571,142.857142857143,142.857142857143,571.428571428571,571.428571428571,142.857142857143,142.857142857143,1428.57142857143,1142.85714285714,0,571.428571428571,857.142857142857,142.857142857143,571.428571428571,571.428571428571,142.857142857143,0,571.428571428571,3000,857.142857142857,1714.28571428571,142.857142857143,571.428571428571,142.857142857143,142.857142857143,5000,1714.28571428571,142.857142857143,2000,3428.57142857143,857.142857142857,2142.85714285714,1285.71428571429,571.428571428571,571.428571428571,571.428571428571,142.857142857143,2857.14285714286,142.857142857143,2571.42857142857,571.428571428571,571.428571428571
"123",123,"M00130","Inositol phosphate metabolism, PI=> PIP2 => Ins(1,4,5)P3 => Ins(1,3,4,5)P4",0,0,0,0,0,0,0,0,0,0,0,0,0,0,0,0,0,0,0,0,0,0,0,0,0,0,0,0,0,0,0,0,0,0,0,0,0,0,0,0,0,0,0,0,0,0,0,83.3333333333333,0,0,0,0,0,0,0,0,0,0,0,0,0,0,0,0,0
"124",124,"M00131","Inositol phosphate metabolism, Ins(1,3,4,5)P4 => Ins(1,3,4)P3 => myo-inositol",500,500,250,250,250,250,500,750,250,1500,500,250,250,250,250,0,250,250,500,500,250,250,250,250,250,250,250,250,500,250,750,250,250,250,0,250,250,250,0,250,1000,750,250,250,0,250,250,250,1250,250,250,500,750,0,250,0,250,1250,250,250,2500,0,250,250,250
"125",125,"M00132","Inositol phosphate metabolism, Ins(1,3,4)P3 => phytate",0,0,0,0,0,0,0,0,0,0,0,0,0,0,0,0,0,0,0,0,0,0,0,0,0,0,0,0,0,0,0,0,0,0,0,0,0,0,0,0,0,0,0,0,0,0,0,0,0,0,0,0,0,0,0,0,0,0,0,0,0,0,0,0,0
"126",126,"M00133","Polyamine biosynthesis, arginine => agmatine => putrescine => spermidine",4000,5000,3000,3500,2000,166.666666666667,2500,666.666666666667,166.666666666667,2000,1000,166.666666666667,4000,6666.66666666667,3500,1666.66666666667,5333.33333333333,5333.33333333333,0,5333.33333333333,2000,4000,2500,2000,2500,2000,666.666666666667,666.666666666667,0,1000,500,0,0,3000,4000,2000,0,4000,2000,666.666666666667,833.333333333333,1000,166.666666666667,333.333333333333,666.666666666667,2500,2500,166.666666666667,2000,2666.66666666667,2000,3333.33333333333,333.333333333333,2000,0,666.666666666667,3500,833.333333333333,3000,166.666666666667,1333.33333333333,1500,3500,4666.66666666667,3000
"127",127,"M00134","Polyamine biosynthesis, arginine => ornithine => putrescine",333.333333333333,1333.33333333333,0,333.333333333333,333.333333333333,0,333.333333333333,666.666666666667,0,2666.66666666667,333.333333333333,333.333333333333,333.333333333333,333.333333333333,333.333333333333,0,666.666666666667,333.333333333333,333.333333333333,666.666666666667,333.333333333333,333.333333333333,333.333333333333,0,666.666666666667,0,0,0,0,333.333333333333,1333.33333333333,0,0,333.333333333333,333.333333333333,0,0,666.666666666667,333.333333333333,0,2000,0,0,0,0,0,333.333333333333,333.333333333333,1000,333.333333333333,0,333.333333333333,666.666666666667,333.333333333333,333.333333333333,0,333.333333333333,1333.33333333333,0,0,1333.33333333333,0,333.333333333333,333.333333333333,333.333333333333
"128",128,"M00135","GABA biosynthesis, eukaryotes, putrescine => GABA",2000,800,1600,200,200,800,400,1800,200,1400,0,2000,800,2400,600,400,200,800,1800,3000,600,1600,2000,200,400,1200,200,200,200,600,600,0,200,3600,0,2000,0,200,800,800,1600,6600,400,600,0,200,2400,0,200,200,200,2400,1600,2000,1000,2000,800,1400,1600,1600,3600,1600,800,1800,3600
"129",129,"M00136","GABA biosynthesis, prokaryotes, putrescine => GABA",0,6000,500,1000,3000,0,1000,500,0,4500,0,0,0,4500,2000,0,1000,3000,0,0,1000,0,0,0,3000,0,0,0,0,0,1500,0,0,0,1000,0,0,3000,0,0,1500,250,0,0,0,0,0,250,250,250,0,6750,250,0,250,0,1000,1500,500,0,250,0,1000,3000,0
"130",130,"M00137","Flavanone biosynthesis, phenylalanine => naringenin",0,0,0,0,0,0,0,0,0,0,0,0,0,0,0,0,0,0,0,0,0,0,0,0,0,0,0,0,0,0,0,0,0,0,0,0,0,0,0,0,0,0,0,0,0,0,0,0,0,0,0,0,0,0,0,0,0,200,0,0,0,0,0,0,0
"131",131,"M00138","Flavonoid biosynthesis, naringenin => pelargonidin",0,0,0,0,0,0,0,0,0,0,0,0,0,0,0,0,0,0,0,0,0,0,0,0,0,0,0,0,0,0,0,0,0,0,0,0,0,0,0,0,0,0,0,0,0,0,0,0,0,0,0,0,0,0,0,0,0,0,0,0,0,0,0,0,0
"132",132,"M00140","C1-unit interconversion, prokaryotes",1200,1600,800,800,800,800,1200,1800,800,2400,800,800,1200,2400,800,800,800,1200,800,1600,1200,1800,800,800,1200,800,800,800,800,800,3000,800,800,800,1800,800,800,800,800,800,2400,1600,800,800,800,1200,1800,800,1800,800,800,1600,2400,800,800,800,1800,3000,800,1200,2400,800,1800,1600,800
"133",133,"M00141","C1-unit interconversion, eukaryotes",500,500,250,250,250,250,500,250,250,250,250,250,500,1250,250,250,250,500,250,500,500,250,250,250,500,250,250,250,250,250,500,250,250,250,250,250,250,250,250,250,250,500,250,250,250,500,250,250,250,250,250,750,500,250,250,250,250,500,250,500,500,250,250,750,250
"134",134,"M00142","NADH:ubiquinone oxidoreductase, mitochondria",0,0,0,0,0,0,0,0,0,0,0,0,0,0,0,0,0,0,0,0,0,0,0,0,0,0,0,0,0,0,0,0,0,0,0,0,0,0,0,0,0,0,0,0,0,0,0,0,0,0,0,0,0,0,0,0,0,0,0,0,0,0,0,0,0
"135",135,"M00143","NADH dehydrogenase (ubiquinone) Fe-S protein/flavoprotein complex, mitochondria",0,0,0,90.9090909090909,0,0,0,90.9090909090909,818.181818181818,90.9090909090909,1454.54545454545,0,0,0,0,0,0,0,0,0,0,0,0,0,0,0,90.9090909090909,0,1454.54545454545,0,363.636363636364,1090.90909090909,0,0,0,0,0,0,0,0,363.636363636364,0,0,0,0,0,0,0,90.9090909090909,0,0,0,90.9090909090909,0,0,0,0,363.636363636364,0,0,363.636363636364,0,0,0,0
"136",136,"M00144","NADH:quinone oxidoreductase, prokaryotes",13235.2941176471,28235.2941176471,13235.2941176471,14117.6470588235,13235.2941176471,24705.8823529412,13235.2941176471,15000,15000,11470.5882352941,14823.5294117647,23823.5294117647,13235.2941176471,14000,13235.2941176471,6470.58823529412,13235.2941176471,13176.4705882353,0,13235.2941176471,13235.2941176471,14117.6470588235,13235.2941176471,16000,14117.6470588235,9941.17647058824,13235.2941176471,13235.2941176471,7058.82352941176,14117.6470588235,14117.6470588235,13000,0,13235.2941176471,9176.4705882353,14117.6470588235,0,14000,13235.2941176471,14117.6470588235,15000,13235.2941176471,11470.5882352941,5882.35294117647,0,13235.2941176471,18823.5294117647,13235.2941176471,5823.52941176471,58.8235294117647,0,11529.4117647059,14117.6470588235,14117.6470588235,7117.64705882353,13235.2941176471,13235.2941176471,14117.6470588235,15000,11647.0588235294,15882.3529411765,15000,13235.2941176471,14000,13235.2941176471
"137",137,"M00145","NAD(P)H:quinone oxidoreductase, chloroplasts and cyanobacteria",0,142.857142857143,71.4285714285714,0,0,0,0,0,0,0,0,0,0,0,0,0,0,0,0,0,0,0,0,0,71.4285714285714,0,71.4285714285714,0,0,0,0,71.4285714285714,71.4285714285714,0,0,0,0,0,0,0,0,71.4285714285714,0,0,0,0,0,71.4285714285714,0,0,0,0,0,0,0,0,0,0,142.857142857143,0,0,0,0,0,0
"138",138,"M00146","NADH dehydrogenase (ubiquinone) 1 alpha subcomplex",0,0,0,0,0,0,0,0,0,0,0,0,0,0,0,0,0,0,0,0,0,0,0,0,0,0,0,0,0,71.4285714285714,0,0,0,0,0,0,0,0,0,0,0,0,0,0,0,0,0,0,0,0,0,0,0,0,0,0,0,0,0,0,0,0,0,0,0
"139",139,"M00147","NADH dehydrogenase (ubiquinone) 1 beta subcomplex",0,0,0,0,0,0,0,0,0,0,0,0,0,0,0,0,0,0,0,0,0,0,0,0,0,0,0,0,0,0,0,0,0,0,0,0,0,0,0,0,0,0,0,0,0,0,0,0,0,0,0,0,0,0,0,0,0,0,0,0,0,0,0,0,0
"140",140,"M00148","Succinate dehydrogenase (ubiquinone)",0,0,0,0,0,0,0,0,0,0,0,0,0,0,0,0,0,0,0,0,0,0,0,0,0,0,0,0,0,0,0,200,0,0,0,0,0,0,0,0,0,0,0,0,0,0,0,0,0,0,0,0,0,0,0,0,0,0,0,0,0,0,0,0,0
"141",141,"M00149","Succinate dehydrogenase, prokaryotes",3333.33333333333,5333.33333333333,2666.66666666667,2666.66666666667,2666.66666666667,1500,2666.66666666667,2666.66666666667,2666.66666666667,3333.33333333333,4666.66666666667,2000,2666.66666666667,2666.66666666667,2666.66666666667,1500,2666.66666666667,2666.66666666667,2666.66666666667,2666.66666666667,2666.66666666667,1500,1500,1500,2666.66666666667,1500,2666.66666666667,2666.66666666667,2000,1500,2666.66666666667,1500,0,2666.66666666667,3333.33333333333,1500,2666.66666666667,2666.66666666667,1500,2666.66666666667,2666.66666666667,4666.66666666667,666.666666666667,2000,0,2666.66666666667,2000,2666.66666666667,2666.66666666667,2666.66666666667,1500,2666.66666666667,3333.33333333333,1500,2666.66666666667,1500,2666.66666666667,2666.66666666667,2666.66666666667,4000,2666.66666666667,1500,2666.66666666667,2666.66666666667,2666.66666666667
"142",142,"M00150","Fumarate reductase, prokaryotes",0,500,0,0,0,0,0,0,0,0,0,0,0,0,0,0,250,0,0,250,250,0,0,0,250,0,0,0,0,0,0,0,0,0,0,0,0,0,0,0,0,250,0,0,0,0,0,0,250,0,0,0,0,0,0,0,0,0,0,0,0,0,0,0,0
"143",143,"M00151","Cytochrome bc1 complex respiratory unit",900,1800,900,1200,900,0,900,1200,900,1600,400,0,900,900,900,0,900,900,900,900,1200,0,0,0,900,900,900,900,1200,0,1600,0,0,900,900,0,900,900,0,900,1600,3000,0,0,0,900,0,900,900,900,0,900,900,0,100,0,900,1600,900,0,900,0,900,900,900
"144",144,"M00152","Cytochrome bc1 complex",900,1800,900,1200,900,0,900,1200,900,900,400,0,900,900,900,0,900,900,0,900,1200,0,0,0,900,900,900,900,600,0,900,0,0,900,900,0,900,900,0,900,900,100,0,0,0,900,0,900,900,900,0,900,900,0,100,0,900,900,900,0,400,0,900,900,900
"145",145,"M00153","Cytochrome bd ubiquinol oxidase",0,0,1500,0,0,0,1000,1000,0,1500,250,1500,2250,1000,1000,0,0,1000,1000,2250,1000,0,0,1000,0,2250,1000,1000,0,0,0,1500,0,2250,1000,1000,1000,1000,0,1500,0,1000,250,1000,0,1000,250,2000,0,2000,1000,1000,1000,0,1500,0,1000,2250,1000,3000,1000,1000,1000,3750,0
"146",146,"M00154","Cytochrome c oxidase",529.411764705882,1058.82352941176,529.411764705882,529.411764705882,705.882352941176,235.294117647059,529.411764705882,705.882352941176,529.411764705882,529.411764705882,529.411764705882,235.294117647059,529.411764705882,529.411764705882,529.411764705882,58.8235294117647,235.294117647059,529.411764705882,235.294117647059,529.411764705882,529.411764705882,235.294117647059,235.294117647059,235.294117647059,529.411764705882,529.411764705882,529.411764705882,529.411764705882,529.411764705882,235.294117647059,529.411764705882,0,0,529.411764705882,529.411764705882,235.294117647059,529.411764705882,529.411764705882,235.294117647059,235.294117647059,529.411764705882,235.294117647059,235.294117647059,235.294117647059,0,529.411764705882,235.294117647059,529.411764705882,529.411764705882,529.411764705882,58.8235294117647,705.882352941176,117.647058823529,235.294117647059,529.411764705882,235.294117647059,529.411764705882,529.411764705882,529.411764705882,705.882352941176,58.8235294117647,235.294117647059,529.411764705882,529.411764705882,529.411764705882
"147",147,"M00155","Cytochrome c oxidase, prokaryotes",2000,4000,2000,2000,7333.33333333333,2500,2000,1500,1500,2000,666.666666666667,2500,4000,4000,4000,2500,1500,1500,1500,5333.33333333333,4000,2000,2000,2666.66666666667,2000,2500,1500,2000,1500,2000,1500,0,0,2000,666.666666666667,2000,1500,1500,2000,2000,1500,2500,2000,2000,0,2000,1500,2500,2500,2666.66666666667,0,2666.66666666667,166.666666666667,2000,1500,2000,2000,1500,2500,2500,1000,2500,1500,2000,2000
"148",148,"M00156","Cytochrome c oxidase, cbb3-type",3200,6400,3200,3200,3200,800,4000,3200,0,4000,2400,1800,3200,7200,3200,200,4000,6400,0,0,8000,800,800,1800,3200,1800,0,3200,0,800,3200,0,0,3200,4000,800,0,7200,800,0,3200,0,1200,1200,0,3200,800,0,4000,3200,0,8800,4000,2000,0,800,3200,3200,3200,200,3200,800,3200,6400,3200
"149",149,"M00157","F-type ATPase, prokaryotes and chloroplasts",8000,16000,9000,8000,9000,8000,9000,10000,11000,10000,11000,4500,8000,8000,8000,2000,8000,8000,1125,8000,8000,8000,9000,7000,8000,9000,8000,8000,3750,8000,10000,4500,6125,8000,3750,8000,8000,8000,8000,9000,10000,9000,10000,8000,8000,8000,8000,8000,10500,8000,0,8000,10000,8000,10000,8000,8000,10000,10000,9625,13000,8000,8000,8000,8000
"150",150,"M00158","F-type ATPase, eukaryotes",0,0,0,0,0,0,0,0,0,0,0,0,0,0,0,0,0,0,0,0,0,0,0,50,0,0,0,0,0,0,0,50,0,0,0,0,0,0,0,0,0,0,0,0,0,0,0,0,50,0,0,0,0,0,0,0,0,0,0,0,0,0,0,0,0
"151",151,"M00159","V/A-type ATPase, prokaryotes",0,0,0,0,0,0,0,0,0,0,0,0,0,0,0,0,0,0,0,0,0,0,0,0,0,0,0,0,0,0,0,111.111111111111,0,0,0,0,0,0,0,0,0,0,0,0,0,0,0,0,0,0,4000,0,0,0,0,0,0,0,0,0,0,0,0,0,0
"152",152,"M00160","V-type ATPase, eukaryotes",0,0,0,0,0,0,0,0,0,0,0,0,0,0,0,71.4285714285714,0,0,0,0,0,0,0,0,0,0,0,0,0,0,0,0,0,0,0,0,0,0,0,0,0,0,0,0,0,0,0,0,0,0,0,0,0,0,0,0,0,0,0,0,0,0,0,0,0
"153",153,"M00161","Photosystem II",0,0,0,0,0,0,0,0,0,0,0,0,0,0,0,0,0,0,0,0,0,0,0,0,0,0,0,0,0,0,0,0,0,0,0,0,0,0,0,0,0,0,0,0,0,0,0,0,0,0,0,0,0,0,0,0,0,0,0,0,0,0,0,0,0
"154",154,"M00162","Cytochrome b6f complex",0,0,0,0,0,250,0,0,0,0,0,125,0,0,0,0,0,0,0,0,0,125,125,0,0,0,0,0,0,0,0,0,0,0,0,0,0,0,0,0,0,500,0,0,0,0,0,0,0,0,0,0,0,0,0,0,0,0,0,0,0,0,0,0,0
"155",155,"M00163","Photosystem I",0,0,0,0,0,0,0,0,0,0,0,0,0,0,0,0,0,0,0,0,0,0,0,0,0,0,0,0,0,0,0,0,0,0,0,0,0,0,0,0,0,0,0,0,0,0,0,0,0,0,0,0,0,0,0,0,0,0,0,0,0,0,0,0,0
"156",156,"M00165","Reductive pentose phosphate cycle (Calvin cycle)",3809.52380952381,6095.23809523809,4190.47619047619,11428.5714285714,11142.8571428571,6428.57142857143,3857.14285714286,4952.38095238095,761.904761904762,6857.14285714286,4000,4952.38095238095,3047.61904761905,3809.52380952381,3047.61904761905,5333.33333333333,3047.61904761905,4190.47619047619,2857.14285714286,6666.66666666667,12000,3000,3333.33333333333,3428.57142857143,3047.61904761905,2333.33333333333,2666.66666666667,3809.52380952381,3000,3000,9714.28571428571,952.380952380952,47.6190476190476,3047.61904761905,3809.52380952381,5000,2333.33333333333,3666.66666666667,4571.42857142857,4190.47619047619,12380.9523809524,3428.57142857143,6428.57142857143,6000,3000,3047.61904761905,4571.42857142857,3000,4571.42857142857,5571.42857142857,2000,4190.47619047619,5714.28571428571,4190.47619047619,3428.57142857143,4571.42857142857,3047.61904761905,17523.8095238095,3809.52380952381,3666.66666666667,5238.09523809524,4952.38095238095,3047.61904761905,4190.47619047619,3047.61904761905
"157",157,"M00168","CAM (Crassulacean acid metabolism), dark",1000,2000,1500,1000,1000,1000,1000,250,250,500,250,250,1000,250,1000,1500,1000,250,2000,1000,1000,250,250,1000,1000,250,250,1500,250,1000,250,250,250,1000,2000,500,250,250,250,250,250,1500,1500,1500,0,250,1000,250,1000,1000,250,250,250,250,500,1000,1000,250,1500,0,1000,1000,1000,250,1000
"158",158,"M00169","CAM (Crassulacean acid metabolism), light",1000,1000,1000,1000,1000,500,1000,4000,2000,4000,3000,1000,1000,500,1000,1500,1000,500,0,3000,1000,500,500,2000,500,500,0,500,3000,500,3000,500,3000,500,5000,500,500,500,500,500,3000,0,500,500,0,500,500,500,3000,1000,1000,500,5000,500,2000,500,1000,3000,1000,2000,3000,500,1000,500,500
"159",159,"M00170","C4-dicarboxylic acid cycle, phosphoenolpyruvate carboxykinase type",1000,500,500,250,250,1500,250,250,0,250,0,250,250,1000,250,1000,250,1000,500,250,250,250,250,250,250,0,0,500,0,1000,250,0,0,250,250,1500,0,1000,250,0,250,250,1000,1500,0,0,250,0,250,1000,0,1000,250,250,250,1000,250,250,500,250,1000,1000,250,1000,250
"160",160,"M00171","C4-dicarboxylic acid cycle, NAD - malic enzyme type",111.111111111111,222.222222222222,222.222222222222,111.111111111111,111.111111111111,111.111111111111,111.111111111111,222.222222222222,111.111111111111,222.222222222222,222.222222222222,0,111.111111111111,111.111111111111,111.111111111111,111.111111111111,111.111111111111,111.111111111111,222.222222222222,444.444444444444,111.111111111111,0,0,444.444444444444,111.111111111111,0,0,222.222222222222,222.222222222222,111.111111111111,111.111111111111,0,111.111111111111,111.111111111111,444.444444444444,222.222222222222,0,111.111111111111,0,0,111.111111111111,111.111111111111,111.111111111111,222.222222222222,0,0,444.444444444444,0,444.444444444444,111.111111111111,222.222222222222,111.111111111111,222.222222222222,0,111.111111111111,111.111111111111,111.111111111111,111.111111111111,222.222222222222,0,444.444444444444,111.111111111111,111.111111111111,111.111111111111,111.111111111111
"161",161,"M00172","C4-dicarboxylic acid cycle, NADP - malic enzyme type",1500,2000,2000,1500,1500,1000,1500,2000,1000,2000,1500,500,1500,1000,1500,2000,1500,1000,500,3000,1500,250,250,2250,1000,250,0,1500,1500,1000,1500,250,1500,1000,4500,1500,250,1000,250,250,1500,250,1000,1500,0,250,1000,250,3000,1500,500,1000,2500,250,1000,1000,1500,1500,2000,1000,3000,1000,1500,1000,1000
"162",162,"M00173","Reductive citrate cycle (Arnon-Buchanan cycle)",7875,9100,5950,6300,4550,4225,7200,6000,3300,4500,4675,3900,5600,6375,6000,3250,4550,5625,6175,10000,5250,4550,3300,3900,4550,3300,3300,3900,2400,4200,3600,2250,100,4550,8400,4950,2750,5600,3300,4875,3900,7500,1800,4800,0,4875,6750,4900,4550,4550,3575,6750,6750,3900,4500,3300,5250,3900,5950,2000,6750,2750,6300,5625,4550
"163",163,"M00174","Methane oxidation, methanotroph, methane => formaldehyde",0,0,0,0,0,0,0,0,0,0,0,0,0,83.3333333333333,0,0,0,0,0,0,0,0,0,0,0,0,0,0,0,0,0,0,0,0,0,0,0,0,0,0,0,0,0,0,0,0,0,0,0,0,0,83.3333333333333,0,0,0,0,0,0,0,0,0,0,0,0,0
"164",164,"M00175","Nitrogen fixation, nitrogen => ammonia",0,0,0,1125,0,0,0,0,0,0,0,0,0,0,0,0,0,0,0,0,0,0,0,0,0,0,0,0,0,0,0,0,0,0,0,0,0,0,0,0,0,0,0,0,0,0,0,0,0,0,0,0,0,0,0,0,0,0,0,0,0,0,0,0,0
"165",165,"M00176","Assimilatory sulfate reduction, sulfate => H2S",11454.5454545455,11636.3636363636,12727.2727272727,3272.72727272727,4454.54545454545,4454.54545454545,3272.72727272727,2727.27272727273,0,2272.72727272727,0,5818.18181818182,10636.3636363636,11818.1818181818,4454.54545454545,0,7363.63636363636,10636.3636363636,0,8181.81818181818,5090.90909090909,0,9000,0,6545.45454545455,2727.27272727273,90.9090909090909,2272.72727272727,0,0,2272.72727272727,0,0,10000,2181.81818181818,90.9090909090909,818.181818181818,2272.72727272727,5818.18181818182,0,818.181818181818,12727.2727272727,2727.27272727273,1818.18181818182,0,4454.54545454545,5818.18181818182,1454.54545454545,363.636363636364,7363.63636363636,90.9090909090909,5727.27272727273,4363.63636363636,6000,3272.72727272727,4454.54545454545,3272.72727272727,818.181818181818,12727.2727272727,4363.63636363636,5090.90909090909,90.9090909090909,3272.72727272727,5090.90909090909,10000
"166",166,"M00307","Pyruvate oxidation, pyruvate => acetyl-CoA",2250,6666.66666666667,2333.33333333333,1750,1750,2000,1500,3333.33333333333,1666.66666666667,2916.66666666667,1666.66666666667,1666.66666666667,1500,2916.66666666667,1250,500,1250,1000,6666.66666666667,4166.66666666667,2250,1666.66666666667,2333.33333333333,1250,3333.33333333333,1666.66666666667,2500,1500,2000,1333.33333333333,2333.33333333333,1666.66666666667,1333.33333333333,1250,1750,1666.66666666667,750,1250,1666.66666666667,2333.33333333333,2000,7083.33333333333,2666.66666666667,1666.66666666667,0,1500,3000,2500,2333.33333333333,750,1666.66666666667,2000,2500,2000,2500,1666.66666666667,1500,2333.33333333333,1500,666.666666666667,2333.33333333333,2000,1500,1000,1250
"167",167,"M00308","Semi-phosphorylative Entner-Doudoroff pathway, gluconate => glycerate-3P",2285.71428571429,6857.14285714286,1285.71428571429,2285.71428571429,1714.28571428571,5000,2285.71428571429,2857.14285714286,0,3571.42857142857,571.428571428571,5000,2857.14285714286,4000,2285.71428571429,3857.14285714286,2285.71428571429,2571.42857142857,1714.28571428571,2857.14285714286,4571.42857142857,571.428571428571,857.142857142857,857.142857142857,3428.57142857143,571.428571428571,571.428571428571,1285.71428571429,571.428571428571,2857.14285714286,4571.42857142857,857.142857142857,0,1285.71428571429,2857.14285714286,2571.42857142857,571.428571428571,2571.42857142857,1142.85714285714,571.428571428571,2142.85714285714,571.428571428571,5714.28571428571,3428.57142857143,571.428571428571,571.428571428571,571.428571428571,571.428571428571,1714.28571428571,5714.28571428571,571.428571428571,6428.57142857143,2142.85714285714,857.142857142857,2857.14285714286,5000,2285.71428571429,3428.57142857143,1285.71428571429,1285.71428571429,3428.57142857143,1142.85714285714,2285.71428571429,2571.42857142857,1285.71428571429
"168",168,"M00309","Non-phosphorylative Entner-Doudoroff pathway, gluconate/galactonate => glycerate",0,0,0,125,0,0,0,0,0,0,0,0,0,0,0,0,0,0,0,0,0,0,0,0,0,0,0,0,0,0,0,0,0,0,0,0,0,0,0,0,0,0,0,0,0,125,0,0,0,0,0,0,0,0,0,0,0,0,0,0,0,0,0,0,0
"169",169,"M00338","Cysteine biosynthesis, homocysteine + serine => cysteine",333.333333333333,0,0,0,1333.33333333333,333.333333333333,0,0,0,0,1333.33333333333,333.333333333333,333.333333333333,0,0,666.666666666667,0,0,333.333333333333,0,0,1333.33333333333,2000,1333.33333333333,0,1333.33333333333,1333.33333333333,0,2000,1333.33333333333,0,0,0,1333.33333333333,0,3333.33333333333,0,0,2000,1333.33333333333,0,1333.33333333333,2666.66666666667,2000,0,0,0,1333.33333333333,333.333333333333,0,0,0,0,1333.33333333333,0,2666.66666666667,0,0,0,1000,0,2000,0,0,1333.33333333333
"170",170,"M00344","Formaldehyde assimilation, xylulose monophosphate pathway",1000,2000,1000,2000,2000,1000,1000,250,0,2000,0,1000,1000,1000,1000,1000,1000,1000,500,1000,1500,250,250,0,1000,250,0,1000,0,250,1000,0,0,1000,1000,1000,250,1500,1000,0,2250,1500,1500,250,250,1000,0,0,0,1000,0,1000,250,1000,0,1000,1000,2250,1000,500,250,1000,1000,1000,1000
"171",171,"M00345","Formaldehyde assimilation, ribulose monophosphate pathway",500,250,500,1875,750,1125,500,125,0,500,0,500,500,500,1500,1125,125,125,4375,500,250,125,125,500,125,125,125,125,0,500,125,125,0,1125,1500,1125,1125,750,500,125,500,1125,750,750,125,1125,500,125,0,500,125,500,250,500,0,1125,1500,500,500,750,125,500,1500,125,1125
"172",172,"M00346","Formaldehyde assimilation, serine pathway",3000,8400,10400,7000,4200,2500,7000,4800,400,3000,900,1600,3000,7700,2500,2000,2500,4200,4000,6300,4200,1600,1600,3600,4800,900,2500,4200,900,1600,4200,900,400,3600,3500,1200,900,1600,900,900,3600,2400,2400,3500,900,2000,1600,900,6300,3600,900,6300,3500,900,2000,1600,2500,4800,11200,800,6300,1600,2500,4800,3600
"173",173,"M00356","Methanogenesis, methanol => methane",0,0,0,0,0,0,0,0,0,0,0,0,0,0,0,0,0,0,0,0,0,0,0,0,0,0,0,0,0,0,0,0,0,0,0,0,0,0,0,0,0,0,0,0,0,0,0,0,0,0,0,0,0,0,0,0,0,2727.27272727273,0,0,0,0,0,0,0
"174",174,"M00357","Methanogenesis, acetate => methane",30.3030303030303,121.212121212121,454.545454545455,272.727272727273,60.6060606060606,30.3030303030303,60.6060606060606,545.454545454545,0,636.363636363636,30.3030303030303,30.3030303030303,30.3030303030303,242.424242424242,60.6060606060606,60.6060606060606,60.6060606060606,181.818181818182,181.818181818182,545.454545454545,454.545454545455,30.3030303030303,30.3030303030303,30.3030303030303,60.6060606060606,30.3030303030303,121.212121212121,30.3030303030303,30.3030303030303,30.3030303030303,454.545454545455,0,0,363.636363636364,454.545454545455,30.3030303030303,0,90.9090909090909,60.6060606060606,30.3030303030303,242.424242424242,242.424242424242,30.3030303030303,30.3030303030303,0,60.6060606060606,363.636363636364,272.727272727273,121.212121212121,30.3030303030303,121.212121212121,90.9090909090909,90.9090909090909,30.3030303030303,30.3030303030303,60.6060606060606,121.212121212121,4090.90909090909,545.454545454545,0,636.363636363636,60.6060606060606,272.727272727273,181.818181818182,363.636363636364
"175",175,"M00358","Coenzyme M biosynthesis",0,0,0,0,0,800,0,0,0,0,0,800,0,0,0,0,0,0,200,0,0,800,800,0,0,0,0,0,0,800,0,0,0,0,0,0,0,0,0,0,0,200,200,200,0,0,0,0,0,0,0,0,0,800,0,0,0,0,0,800,0,0,0,0,0
"176",176,"M00363","EHEC pathogenicity signature, Shiga toxin",0,0,0,0,0,0,0,0,0,0,0,0,0,0,0,0,0,0,0,0,0,0,0,0,0,0,0,0,0,0,0,0,0,0,0,0,0,0,0,0,0,0,0,0,0,0,0,0,0,0,0,0,0,0,0,0,0,0,0,0,0,0,0,0,0
"177",177,"M00364","C10-C20 isoprenoid biosynthesis, bacteria",250,500,250,250,250,250,250,250,0,250,250,250,250,2250,250,1000,250,2250,3000,250,250,1000,1000,3750,250,250,2250,250,250,250,250,250,250,250,250,1000,1000,2250,1000,1000,250,250,250,1000,250,250,250,1000,1000,1000,500,2250,250,1000,250,1000,250,250,250,250,250,1000,250,2250,250
"178",178,"M00365","C10-C20 isoprenoid biosynthesis, archaea",0,0,0,0,0,0,0,0,0,0,0,0,0,500,0,500,0,500,3000,0,0,500,500,1000,0,0,500,0,0,0,0,500,500,0,0,500,500,500,500,500,0,500,500,500,500,0,0,500,0,0,0,500,0,500,0,500,0,0,0,0,0,500,0,500,0
"179",179,"M00366","C10-C20 isoprenoid biosynthesis, plants",0,0,0,0,0,250,0,0,0,0,0,250,0,1000,0,1000,0,1000,1000,0,0,1000,1000,2000,0,0,1000,0,0,250,0,250,250,0,0,1000,250,1000,1000,250,0,0,250,1000,0,0,0,250,250,250,500,1000,0,1000,0,1000,0,0,0,250,0,1000,0,1000,0
"180",180,"M00367","C10-C20 isoprenoid biosynthesis, non-plant eukaryotes",0,0,0,0,0,0,0,0,0,0,0,0,0,333.333333333333,0,333.333333333333,0,333.333333333333,333.333333333333,0,0,333.333333333333,333.333333333333,666.666666666667,0,0,333.333333333333,0,0,0,0,333.333333333333,333.333333333333,0,0,333.333333333333,333.333333333333,333.333333333333,333.333333333333,333.333333333333,0,0,333.333333333333,333.333333333333,0,0,0,333.333333333333,0,0,0,333.333333333333,0,333.333333333333,0,333.333333333333,0,0,0,0,0,333.333333333333,0,333.333333333333,0
"181",181,"M00368","Ethylene biosynthesis, methionine => ethylene",250,500,250,250,250,250,250,250,0,250,250,250,250,250,250,500,250,250,250,250,250,250,250,250,250,250,250,250,250,250,250,0,0,250,250,250,250,250,250,250,250,250,250,250,0,250,250,250,250,250,0,250,250,250,500,250,250,250,500,250,250,250,250,250,250
"182",182,"M00369","Cyanogenic glycoside biosynthesis, tyrosine => dhurrin",0,0,0,0,0,0,0,0,0,0,0,0,0,0,0,0,0,0,0,0,0,0,0,0,0,0,0,0,0,0,0,0,0,0,0,0,0,0,0,0,0,0,0,0,0,0,0,0,0,0,0,0,0,0,0,0,0,0,0,0,0,0,0,0,0
"183",183,"M00370","Glucosinolate biosynthesis, tryptophan => glucobrassicin",0,0,0,0,0,0,0,0,0,0,0,0,0,0,0,0,0,0,0,0,0,0,0,0,0,0,0,0,0,0,0,0,0,0,0,0,0,0,0,0,0,0,0,0,0,0,0,0,0,0,0,0,0,0,0,0,0,0,0,0,0,0,0,0,0
"184",184,"M00371","Castasterone biosynthesis, campesterol => castasterone",0,0,0,0,0,0,0,0,0,0,0,0,0,0,0,0,0,0,0,0,0,0,0,0,0,0,0,0,0,0,0,0,0,0,0,0,0,0,0,0,0,0,0,0,0,0,0,0,0,0,0,0,0,0,0,0,0,0,0,0,0,0,0,0,0
"185",185,"M00372","Abscisic acid biosynthesis, beta-carotene => abscisic acid",0,0,0,0,0,142.857142857143,0,0,0,0,0,142.857142857143,0,0,0,142.857142857143,0,0,0,0,0,142.857142857143,0,0,0,0,0,0,0,142.857142857143,0,0,0,0,0,142.857142857143,0,0,142.857142857143,0,0,0,142.857142857143,0,0,0,0,0,0,0,0,0,0,142.857142857143,142.857142857143,142.857142857143,0,0,0,0,0,142.857142857143,0,0,0
"186",186,"M00373","Ethylmalonyl pathway",4230.76923076923,7692.30769230769,4615.38461538462,6461.53846153846,6000,3230.76923076923,5923.07692307692,17538.4615384615,1230.76923076923,7384.61538461538,1846.15384615385,3692.30769230769,5000,1846.15384615385,3076.92307692308,2461.53846153846,3846.15384615385,307.692307692308,1846.15384615385,9692.30769230769,9153.84615384615,1538.46153846154,5923.07692307692,4615.38461538462,3846.15384615385,615.384615384615,461.538461538462,1384.61538461538,1230.76923076923,461.538461538462,18000,307.692307692308,307.692307692308,615.384615384615,4230.76923076923,3076.92307692308,307.692307692308,384.615384615385,2307.69230769231,615.384615384615,16000,10384.6153846154,923.076923076923,1230.76923076923,0,4615.38461538462,6461.53846153846,1153.84615384615,11076.9230769231,153.846153846154,0,461.538461538462,21230.7692307692,2692.30769230769,5538.46153846154,1153.84615384615,3846.15384615385,20000,4615.38461538462,76.9230769230769,19000,923.076923076923,4153.84615384615,384.615384615385,615.384615384615
"187",187,"M00374","Dicarboxylate-hydroxybutyrate cycle",8333.33333333333,10500,5625,6000,3500,2666.66666666667,4875,4333.33333333333,2041.66666666667,4375,3500,2625,5625,6000,4500,2625,5250,3666.66666666667,5625,11666.6666666667,8333.33333333333,2333.33333333333,3666.66666666667,3666.66666666667,5250,3666.66666666667,3000,4875,1250,3000,3500,1500,166.666666666667,4125,7500,2625,2041.66666666667,4000,2041.66666666667,3000,2916.66666666667,12750,2000,3333.33333333333,0,6000,6666.66666666667,3000,4333.33333333333,3750,2333.33333333333,4333.33333333333,6000,3000,4083.33333333333,4125,4875,3791.66666666667,6000,1458.33333333333,5000,2666.66666666667,4875,4000,4125
"188",188,"M00375","Hydroxypropionate-hydroxybutylate cycle",350,600,700,300,300,200,600,700,50,800,100,300,350,550,200,100,300,200,250,1600,2800,1000,400,1600,300,150,100,200,50,1000,700,50,50,150,300,200,50,250,200,100,500,2300,300,800,0,900,700,100,1050,100,0,300,1000,300,350,300,250,800,800,50,500,200,500,250,150
"189",189,"M00376","3-Hydroxypropionate bi-cycle",4285.71428571429,6095.23809523809,7428.57142857143,6285.71428571429,7333.33333333333,5714.28571428571,6857.14285714286,9285.71428571429,952.380952380952,6666.66666666667,1333.33333333333,6190.47619047619,5238.09523809524,3428.57142857143,5761.90476190476,5571.42857142857,3047.61904761905,3047.61904761905,761.904761904762,8380.95238095238,10000,6285.71428571429,5714.28571428571,3428.57142857143,3047.61904761905,3047.61904761905,3047.61904761905,2333.33333333333,285.714285714286,5761.90476190476,6857.14285714286,2666.66666666667,761.904761904762,3047.61904761905,4285.71428571429,8095.23809523809,2333.33333333333,2333.33333333333,4714.28571428571,3047.61904761905,7428.57142857143,9952.38095238095,3809.52380952381,7333.33333333333,0,6809.52380952381,2666.66666666667,3047.61904761905,9904.7619047619,3047.61904761905,3047.61904761905,3809.52380952381,11142.8571428571,4714.28571428571,4761.90476190476,5238.09523809524,4285.71428571429,6857.14285714286,6857.14285714286,4571.42857142857,9904.7619047619,4285.71428571429,4761.90476190476,3047.61904761905,3047.61904761905
"190",190,"M00377","Reductive acetyl-CoA pathway (Wood-Ljungdahl pathway)",562.5,1125,250,250,562.5,250,250,562.5,62.5,750,250,250,562.5,250,250,250,375,250,62.5,750,562.5,562.5,250,250,562.5,250,62.5,250,250,250,937.5,62.5,62.5,250,1250,250,62.5,250,250,62.5,937.5,375,250,250,62.5,562.5,562.5,62.5,562.5,62.5,62.5,250,562.5,250,250,250,562.5,937.5,250,62.5,562.5,250,562.5,250,250
"191",191,"M00378","F420 biosynthesis, archaea",0,0,0,0,0,0,0,0,0,0,0,0,0,0,0,0,0,0,2400,0,0,0,0,200,0,0,0,0,0,0,0,400,0,0,0,0,200,0,0,0,0,1800,0,0,0,0,800,0,0,0,200,0,0,0,0,0,0,0,0,200,0,0,0,0,0
"192",192,"M00415","Fatty acid elongation in endoplasmic reticulum",0,0,0,0,0,0,0,0,0,0,0,0,0,0,0,0,0,0,0,0,0,0,0,0,0,0,0,0,0,0,0,0,0,0,0,0,0,0,0,0,0,0,0,0,0,0,0,0,0,0,0,0,0,0,0,0,0,0,0,0,0,0,0,0,0
"193",193,"M00416","Cytochrome aa3-600 menaquinol oxidase",0,0,0,0,0,0,0,0,0,0,0,0,0,0,0,0,0,0,0,0,0,0,0,0,0,0,0,0,0,0,0,0,0,0,0,0,0,0,0,0,0,0,0,0,0,0,0,0,0,0,0,0,0,0,0,0,0,0,0,0,0,0,0,0,0
"194",194,"M00417","Cytochrome o ubiquinol oxidase",4000,8000,4000,0,4000,0,0,2250,0,4000,0,0,4000,0,0,0,4000,0,250,5000,0,0,0,1000,4000,4000,0,4000,0,0,0,0,0,4000,0,0,250,0,0,0,0,250,0,0,0,0,0,4000,0,0,4000,5000,2250,0,0,0,0,0,5000,250,4000,0,0,0,4000
"195",195,"M00418","Toluene degradation, anaerobic, toluene => benzoyl-CoA",0,0,111.111111111111,0,0,0,111.111111111111,0,0,0,0,0,0,0,0,0,0,0,0,1666.66666666667,111.111111111111,0,0,0,0,0,0,0,0,0,0,0,0,0,0,0,0,0,0,0,0,0,0,0,0,0,0,0,0,0,0,0,0,0,0,0,0,0,444.444444444444,0,0,0,0,0,0
"196",196,"M00419","Cymene degradation, p-cymene => p-cumate",0,0,0,0,0,0,0,0,0,0,0,0,0,0,0,0,0,0,0,250,0,0,0,0,0,0,0,0,0,0,0,0,0,0,0,0,0,0,0,0,0,0,0,0,0,0,0,0,0,0,0,0,0,0,0,0,0,0,0,0,250,0,0,0,0
"197",197,"M00422","Acetyl-CoA pathway, CO2 => acetyl-CoA",0,0,0,0,0,0,0,0,0,0,0,0,0,0,0,0,0,0,0,0,0,0,0,0,0,0,0,0,0,0,0,0,0,0,0,0,0,0,0,0,0,0,0,0,0,0,0,0,0,0,0,0,0,0,0,0,0,0,0,0,0,0,0,0,0
"198",198,"M00432","Leucine biosynthesis, 2-oxoisovalerate => 2-oxoisocaproate",4000,8000,6400,5600,4800,3200,5600,4800,0,4800,5000,3200,4000,4800,4000,400,4000,4000,4000,13600,4000,200,0,0,4000,2400,200,4000,4800,400,4000,0,0,3200,3200,4000,0,4000,0,0,4000,4800,1800,3200,0,3200,1800,0,7200,3200,0,4800,3200,0,3200,0,3200,4800,5600,1800,4000,0,3200,4000,3200
"199",199,"M00433","Lysine biosynthesis, 2-oxoglutarate => 2-oxoadipate",0,0,0,0,0,0,0,0,0,0,0,0,0,0,0,0,0,0,0,166.666666666667,0,0,0,0,0,0,0,0,0,0,0,0,0,0,0,0,0,0,0,0,0,0,0,0,0,0,0,0,0,0,0,0,0,0,0,0,0,0,0,0,0,0,0,0,0
"200",200,"M00525","Lysine biosynthesis, acetyl-DAP pathway, aspartate => lysine",6666.66666666667,12000,6666.66666666667,4666.66666666667,5333.33333333333,6666.66666666667,4666.66666666667,6666.66666666667,1777.77777777778,9333.33333333333,4000,4666.66666666667,6000,6666.66666666667,5333.33333333333,1000,5333.33333333333,5333.33333333333,3333.33333333333,6666.66666666667,7333.33333333333,4666.66666666667,5333.33333333333,5333.33333333333,6000,3333.33333333333,2777.77777777778,5333.33333333333,4000,5333.33333333333,4000,4000,2777.77777777778,5333.33333333333,4666.66666666667,4666.66666666667,2777.77777777778,2666.66666666667,4000,1777.77777777778,4666.66666666667,6666.66666666667,8666.66666666667,8000,444.444444444444,4000,4000,1777.77777777778,18666.6666666667,5333.33333333333,2777.77777777778,7333.33333333333,6666.66666666667,4000,1777.77777777778,4000,4666.66666666667,4666.66666666667,6666.66666666667,4888.88888888889,10000,4666.66666666667,4666.66666666667,5333.33333333333,5333.33333333333
"201",201,"M00526","Lysine biosynthesis, DAP dehydrogenase pathway, aspartate => lysine",7700,8000,6000,3000,3500,6000,3000,4500,1600,6500,2500,4200,4000,5400,3500,900,3500,4800,3000,4500,5000,3000,3500,4800,4000,3000,1600,3500,2500,4800,2500,2500,1600,4800,3000,4800,1600,2400,3600,3500,3000,6000,7800,7800,400,2500,2500,2500,11000,6300,1600,6600,4500,2500,1600,4200,3000,3000,6000,4400,7000,6000,3000,4800,4800
"202",202,"M00527","Lysine biosynthesis, DAP aminotransferase pathway, aspartate => lysine",7000,9818.18181818182,7000,3818.18181818182,4363.63636363636,8727.27272727273,3818.18181818182,5454.54545454545,1454.54545454545,7636.36363636364,3272.72727272727,6545.45454545455,4909.09090909091,7000,4363.63636363636,818.181818181818,4363.63636363636,5727.27272727273,3818.18181818182,5454.54545454545,6000,3818.18181818182,4363.63636363636,5727.27272727273,4909.09090909091,3818.18181818182,2272.72727272727,4363.63636363636,3272.72727272727,5727.27272727273,3272.72727272727,3272.72727272727,2272.72727272727,5727.27272727273,3818.18181818182,8000,2272.72727272727,3181.81818181818,5818.18181818182,4363.63636363636,3818.18181818182,7000,9545.45454545454,8909.09090909091,363.636363636364,3272.72727272727,3272.72727272727,3272.72727272727,12545.4545454545,7272.72727272727,3272.72727272727,8272.72727272727,5454.54545454545,3272.72727272727,1454.54545454545,5090.90909090909,3818.18181818182,3818.18181818182,7000,4000,8181.81818181818,8727.27272727273,3818.18181818182,5727.27272727273,5727.27272727273
"203",203,"M00528","Nitrification, ammonia => nitrite",0,0,0,0,0,0,0,0,0,0,0,0,0,0,0,0,0,0,0,0,0,0,0,0,0,0,0,0,0,0,0,0,0,0,0,0,0,0,0,0,0,0,0,0,0,0,0,0,0,0,0,0,0,0,0,0,0,0,0,0,0,0,0,0,0
"204",204,"M00529","Denitrification, nitrate => nitrogen",2500,0,0,900,8100,100,1600,0,0,9000,0,400,900,900,3600,0,900,0,0,0,0,0,100,0,0,0,0,0,0,0,100,0,0,0,4200,0,0,0,0,0,0,100,600,0,0,0,900,0,0,900,0,400,1200,600,0,0,3600,0,0,400,100,0,9800,3600,900
"205",205,"M00530","Dissimilatory nitrate reduction, nitrate => ammonia",3888.88888888889,888.888888888889,666.666666666667,3333.33333333333,6222.22222222222,444.444444444444,3333.33333333333,444.444444444444,0,5444.44444444444,0,444.444444444444,3333.33333333333,666.666666666667,3333.33333333333,0,2777.77777777778,444.444444444444,0,666.666666666667,666.666666666667,0,0,111.111111111111,444.444444444444,0,0,666.666666666667,0,0,1000,0,0,0,444.444444444444,0,0,0,0,0,444.444444444444,1000,0,666.666666666667,0,1111.11111111111,0,0,111.111111111111,3333.33333333333,0,2222.22222222222,3333.33333333333,0,0,0,444.444444444444,0,666.666666666667,444.444444444444,444.444444444444,0,444.444444444444,2777.77777777778,1000
"206",206,"M00531","Assimilatory nitrate reduction, nitrate => ammonia",111.111111111111,222.222222222222,111.111111111111,111.111111111111,111.111111111111,111.111111111111,111.111111111111,444.444444444444,0,222.222222222222,0,111.111111111111,111.111111111111,111.111111111111,111.111111111111,0,111.111111111111,111.111111111111,0,111.111111111111,111.111111111111,0,0,0,111.111111111111,0,0,111.111111111111,0,0,111.111111111111,0,0,0,0,0,0,0,111.111111111111,0,111.111111111111,111.111111111111,0,111.111111111111,0,222.222222222222,111.111111111111,0,666.666666666667,111.111111111111,0,444.444444444444,444.444444444444,0,0,0,0,0,111.111111111111,222.222222222222,666.666666666667,0,0,111.111111111111,0
"207",207,"M00532","Photorespiration",3666.66666666667,4666.66666666667,4666.66666666667,3600,6400,2800,5133.33333333333,5133.33333333333,400,3600,400,2800,4000,8866.66666666667,2666.66666666667,1333.33333333333,2333.33333333333,3000,2333.33333333333,8533.33333333333,8000,2000,4000,3200,2666.66666666667,1666.66666666667,1666.66666666667,1866.66666666667,533.333333333333,1666.66666666667,3200,400,266.666666666667,3200,3000,4000,600,2666.66666666667,2000,2666.66666666667,3600,5200,3200,3266.66666666667,66.6666666666667,4000,3733.33333333333,1666.66666666667,3600,2800,800,7466.66666666667,4000,2333.33333333333,1066.66666666667,2800,2666.66666666667,7466.66666666667,5133.33333333333,3000,4000,2333.33333333333,2666.66666666667,3333.33333333333,3200
"208",208,"M00533","Homoprotocatechuate degradation, homoprotocatechuate => 2-oxohept-3-enedioate",8000,4500,0,7000,0,0,0,1500,0,3000,250,0,2250,5000,0,0,250,0,250,3000,6000,0,0,0,2250,0,0,250,250,0,0,0,0,0,0,0,0,0,0,0,1000,0,0,0,0,0,0,0,500,0,0,250,1000,0,0,0,0,0,0,0,250,0,0,0,0
"209",209,"M00534","Naphthalene degradation, naphthalene => salicylate",444.444444444444,222.222222222222,111.111111111111,1000,111.111111111111,0,333.333333333333,444.444444444444,0,222.222222222222,0,0,0,444.444444444444,0,0,0,111.111111111111,0,444.444444444444,111.111111111111,0,0,0,111.111111111111,0,0,0,0,0,0,0,0,0,222.222222222222,0,0,111.111111111111,0,0,222.222222222222,0,0,0,0,0,0,0,0,0,0,444.444444444444,111.111111111111,0,0,0,111.111111111111,111.111111111111,111.111111111111,0,0,0,111.111111111111,111.111111111111,0
"210",210,"M00535","Isoleucine biosynthesis, pyruvate => 2-oxobutanoate",2250,4500,4500,3750,3750,4000,3750,3000,0,3000,2250,4000,2250,2250,2250,500,2250,2250,3000,11250,2250,250,0,0,2250,3000,0,2250,3000,500,2250,0,0,2250,2250,3000,0,2250,0,0,2250,3000,1000,2250,0,2250,4000,0,4500,2250,0,2250,2250,0,2250,0,2250,3000,3750,1000,2250,0,2250,2250,2250
"211",211,"M00537","Xylene degradation, xylene => methylbenzoate",500,1000,250,0,250,0,250,0,0,0,0,0,500,0,0,0,250,0,250,1000,250,0,0,0,500,0,0,0,0,0,0,0,0,0,0,0,0,0,0,0,0,1000,0,0,0,0,0,0,0,0,0,0,0,0,0,0,0,0,0,0,0,0,0,0,0
"212",212,"M00538","Toluene degradation, toluene => benzoate",250,500,125,125,125,0,125,0,0,125,0,0,250,0,0,0,125,0,125,1125,125,0,0,0,250,0,0,0,0,0,0,0,0,1125,0,0,0,0,0,0,0,500,0,0,0,0,250,0,0,0,0,0,0,0,0,0,0,0,0,0,0,0,0,0,0
"213",213,"M00539","Cumate degradation, p-cumate => 2-oxopent-4-enoate + 2-methylpropanoate",0,0,0,0,0,0,0,0,0,0,0,0,125,0,0,0,0,0,0,0,0,0,0,0,0,0,0,0,0,0,0,0,0,0,0,0,0,0,0,0,0,0,0,0,0,0,0,0,0,0,0,0,0,0,0,0,0,0,0,0,0,0,0,0,0
"214",214,"M00540","Benzoate degradation, cyclohexanecarboxylic acid =>pimeloyl-CoA",0,0,200,200,800,0,200,200,0,0,0,0,0,0,800,0,200,0,0,6400,1800,0,0,0,0,0,0,0,0,0,200,0,0,0,800,0,0,0,0,0,0,0,0,0,0,200,0,0,0,0,0,0,800,0,0,0,800,0,200,0,0,0,800,0,0
"215",215,"M00541","Benzoyl-CoA degradation, benzoyl-CoA => 3-hydroxypimeloyl-CoA",0,0,0,0,0,0,0,0,0,0,0,0,0,111.111111111111,0,0,0,0,0,0,0,0,0,0,0,0,0,0,0,0,0,0,0,0,0,0,0,0,0,0,0,0,0,0,0,0,0,0,0,0,0,0,0,0,0,0,0,0,0,0,0,0,0,0,0
"216",216,"M00542","EHEC/EPEC pathogenicity signature, T3SS and effectors",58.8235294117647,470.588235294118,58.8235294117647,58.8235294117647,4764.70588235294,0,235.294117647059,0,0,0,0,0,58.8235294117647,0,58.8235294117647,0,235.294117647059,0,0,0,235.294117647059,0,0,235.294117647059,235.294117647059,0,0,2117.64705882353,0,0,0,0,0,58.8235294117647,58.8235294117647,0,0,0,0,58.8235294117647,0,0,0,0,0,58.8235294117647,0,58.8235294117647,0,0,3764.70588235294,0,0,0,0,0,4764.70588235294,0,58.8235294117647,0,0,0,4764.70588235294,0,58.8235294117647
"217",217,"M00543","Biphenyl degradation, biphenyl => 2-oxopent-4-enoate + benzoate",0,0,0,0,0,0,0,0,0,0,0,0,0,0,0,0,0,0,142.857142857143,142.857142857143,0,0,0,0,0,0,0,0,0,0,0,0,0,0,0,0,0,0,0,0,0,0,0,0,0,0,0,0,0,0,0,0,0,0,0,0,0,0,0,0,0,0,0,0,0
"218",218,"M00544","Carbazole degradation, carbazole => 2-oxopent-4-enoate + anthranilate",0,0,0,0,0,0,0,0,0,0,0,0,0,0,0,0,0,0,0,0,0,0,0,0,0,0,0,0,0,0,0,0,0,0,0,0,0,0,0,0,0,0,0,0,0,0,0,0,0,0,0,0,0,0,0,0,0,0,0,0,0,0,0,0,0
"219",219,"M00545","Trans-cinnamate degradation, trans-cinnamate => acetyl-CoA",1454.54545454545,181.818181818182,818.181818181818,3181.81818181818,90.9090909090909,0,363.636363636364,909.090909090909,0,1909.09090909091,0,0,363.636363636364,2272.72727272727,90.9090909090909,0,90.9090909090909,0,1090.90909090909,10909.0909090909,2454.54545454545,0,0,0,90.9090909090909,90.9090909090909,0,363.636363636364,0,90.9090909090909,545.454545454545,0,0,363.636363636364,0,0,0,0,0,0,727.272727272727,10181.8181818182,90.9090909090909,90.9090909090909,0,0,90.9090909090909,0,90.9090909090909,90.9090909090909,0,1090.90909090909,727.272727272727,0,90.9090909090909,0,90.9090909090909,545.454545454545,818.181818181818,0,0,0,90.9090909090909,0,90.9090909090909
"220",220,"M00546","Purine degradation, xanthine => urea",428.571428571429,857.142857142857,714.285714285714,428.571428571429,428.571428571429,190.47619047619,428.571428571429,428.571428571429,0,3809.52380952381,0,47.6190476190476,428.571428571429,5238.09523809524,428.571428571429,0,428.571428571429,1714.28571428571,1142.85714285714,4000,2571.42857142857,0,0,0,428.571428571429,0,0,0,0,952.380952380952,428.571428571429,0,0,1190.47619047619,428.571428571429,0,0,571.428571428571,0,0,428.571428571429,761.904761904762,0,571.428571428571,0,428.571428571429,1714.28571428571,0,428.571428571429,0,0,1714.28571428571,1714.28571428571,0,0,0,428.571428571429,428.571428571429,714.285714285714,95.2380952380952,761.904761904762,0,428.571428571429,1714.28571428571,1190.47619047619
"221",221,"M00547","Benzene/toluene degradation, benzene => catechol / toluene => 3-methylcatechol",0,0,0,0,0,0,0,0,0,0,0,0,0,0,0,0,0,0,0,200,0,0,0,0,0,0,0,0,0,0,0,0,0,0,0,0,0,0,0,0,0,0,0,0,0,0,0,0,0,0,0,0,0,0,0,0,0,0,0,0,0,0,0,0,0
"222",222,"M00548","Benzene degradation, benzene => catechol",0,0,0,6000,0,0,0,0,0,0,0,0,0,0,0,0,0,0,0,6000,0,0,0,0,0,0,0,0,0,0,0,0,0,0,0,0,0,0,0,0,0,0,0,0,0,0,0,0,0,0,0,0,0,0,0,0,0,166.666666666667,0,0,0,0,0,0,0
"223",223,"M00549","Nucleotide sugar biosynthesis, glucose => UDP-glucose",2400,2400,2800,2800,2000,2100,2400,400,0,1500,400,800,1600,900,4000,0,1200,1600,2100,2000,1600,100,100,400,1200,2000,400,2000,0,400,1800,100,0,2000,2800,200,400,1600,100,100,900,3600,1800,2700,0,900,1200,100,400,900,600,3200,600,400,800,100,2800,900,3200,1200,900,100,2400,1600,2000
"224",224,"M00550","Ascorbate degradation, ascorbate => D-xylulose-5P",571.428571428571,285.714285714286,142.857142857143,142.857142857143,142.857142857143,571.428571428571,142.857142857143,0,0,0,0,0,142.857142857143,0,142.857142857143,0,142.857142857143,0,857.142857142857,571.428571428571,142.857142857143,0,0,0,142.857142857143,142.857142857143,142.857142857143,0,0,0,0,0,0,142.857142857143,142.857142857143,142.857142857143,0,0,0,0,0,0,142.857142857143,0,0,142.857142857143,0,0,0,0,0,0,0,142.857142857143,0,0,142.857142857143,0,142.857142857143,0,0,0,571.428571428571,0,142.857142857143
"225",225,"M00551","Benzoate degradation, benzoate => catechol / methylbenzoate => methylcatechol",0,0,0,0,0,250,0,0,0,0,0,250,0,4000,0,0,0,0,0,250,0,250,0,0,0,0,0,0,0,250,0,0,0,0,0,0,0,0,0,0,0,0,0,0,0,0,0,0,0,0,0,4000,0,0,0,0,0,0,0,0,0,0,0,0,0
"226",226,"M00552","D-galactonate degradation, De Ley-Doudoroff pathway, D-galactonate => glycerate-3P",5000,6400,3200,800,7000,1800,800,6000,0,5000,800,1200,800,3000,5000,3200,800,2000,200,3200,6400,800,1200,1200,3200,800,800,800,800,800,2000,1200,0,800,800,2000,800,2000,1600,800,4800,800,1600,1600,800,800,800,800,7200,3000,800,2000,4800,1200,2400,1600,3200,7200,3200,800,4000,1600,3200,2000,800
"227",227,"M00554","Nucleotide sugar biosynthesis, galactose => UDP-galactose",0,0,0,2000,0,1500,0,0,0,0,0,3000,0,0,0,0,0,0,3000,0,0,0,0,0,0,0,0,0,0,0,0,0,0,0,0,2000,0,0,0,0,0,3000,1500,1000,0,0,500,0,0,4000,0,0,0,0,2000,2000,0,0,0,1000,0,2000,0,0,0
"228",228,"M00555","Betaine biosynthesis, choline => betaine",1333.33333333333,5000,1500,1500,2000,333.333333333333,2000,666.666666666667,0,5000,0,166.666666666667,1000,5500,1500,0,2500,1000,333.333333333333,4500,2500,0,166.666666666667,166.666666666667,2500,500,0,166.666666666667,0,0,1000,0,0,666.666666666667,2000,0,0,0,0,0,1333.33333333333,3000,0,0,0,1500,0,166.666666666667,1666.66666666667,0,0,3500,500,0,666.666666666667,0,1500,1333.33333333333,1500,0,500,0,1500,666.666666666667,666.666666666667
"229",229,"M00563","Methanogenesis, methylamine/dimethylamine/trimethylamine => methane",0,0,0,0,0,0,0,0,0,230.769230769231,0,0,0,0,0,0,0,0,0,0,0,0,0,0,0,0,0,0,0,0,76.9230769230769,0,0,0,0,0,0,0,0,0,192.307692307692,0,0,0,0,0,0,0,0,0,0,0,0,0,0,0,0,3500,0,0,0,0,0,0,0
"230",230,"M00564","Helicobacter pylori pathogenicity signature, cagA pathogenicity island",0,0,0,0,0,0,37.037037037037,0,37.037037037037,37.037037037037,37.037037037037,0,0,0,37.037037037037,0,0,0,0,0,0,0,0,37.037037037037,0,0,37.037037037037,0,37.037037037037,0,0,0,0,0,0,0,0,0,0,37.037037037037,0,0,0,0,0,0,0,0,0,0,0,0,0,0,37.037037037037,0,0,0,0,0,0,0,0,0,0
"231",231,"M00565","Trehalose biosynthesis, D-glucose 1P => trehalose",0,4571.42857142857,0,2285.71428571429,285.714285714286,1714.28571428571,142.857142857143,0,0,2857.14285714286,0,1285.71428571429,0,5000,142.857142857143,571.428571428571,2285.71428571429,0,5714.28571428571,7714.28571428571,0,571.428571428571,142.857142857143,0,2285.71428571429,0,0,0,0,2142.85714285714,2285.71428571429,0,0,0,142.857142857143,142.857142857143,0,0,142.857142857143,0,2285.71428571429,6000,2142.85714285714,2142.85714285714,0,0,857.142857142857,0,0,2285.71428571429,2857.14285714286,5714.28571428571,2857.14285714286,142.857142857143,0,1285.71428571429,142.857142857143,2285.71428571429,0,142.857142857143,0,571.428571428571,142.857142857143,0,0
"232",232,"M00567","Methanogenesis, CO2 => methane",0,0,0,625,625,0,0,0,0,0,0,0,0,0,0,0,0,0,0,0,0,0,0,0,0,0,0,0,0,0,0,0,0,0,0,0,0,0,0,0,0,0,0,0,0,0,0,0,0,0,0,0,0,0,0,0,0,1500,0,0,0,0,25,0,0
"233",233,"M00568","Catechol ortho-cleavage, catechol => 3-oxoadipate",0,0,3200,0,0,1200,4800,200,0,1200,0,200,0,4000,200,0,0,200,1200,4000,3000,200,200,0,0,0,0,0,0,0,800,0,0,0,0,0,0,200,0,0,200,5000,0,0,0,0,0,0,1600,0,0,6000,200,200,3200,0,0,800,3200,0,3200,0,200,200,0
"234",234,"M00569","Catechol meta-cleavage, catechol => acetyl-CoA / 4-methylcatechol => propanoyl-CoA",1250,333.333333333333,1333.33333333333,13750,0,83.3333333333333,83.3333333333333,250,83.3333333333333,1333.33333333333,0,83.3333333333333,666.666666666667,3500,83.3333333333333,83.3333333333333,83.3333333333333,0,83.3333333333333,10833.3333333333,0,333.333333333333,83.3333333333333,0,166.666666666667,333.333333333333,0,83.3333333333333,0,83.3333333333333,333.333333333333,0,0,83.3333333333333,83.3333333333333,0,0,83.3333333333333,83.3333333333333,0,333.333333333333,4166.66666666667,0,83.3333333333333,83.3333333333333,166.666666666667,83.3333333333333,0,333.333333333333,83.3333333333333,0,6000,166.666666666667,83.3333333333333,0,0,0,83.3333333333333,1333.33333333333,0,1000,0,0,83.3333333333333,83.3333333333333
"235",235,"M00570","Isoleucine biosynthesis, threonine => 2-oxobutanoate => isoleucine",10500,17500,7500,7000,13125,6750,8250,15000,500,12750,6750,6000,10500,8750,8750,375,7875,5250,6000,15000,9000,250,250,750,9625,6000,500,4500,3125,250,6750,125,0,5250,4375,7500,0,5250,250,0,7500,9000,9000,6000,0,5250,6750,1875,12000,4500,125,8250,12500,6000,6000,250,6000,9000,8250,5000,15000,250,6000,4500,5250
"236",236,"M00572","Pimeloyl-ACP biosynthesis, BioC-BioH pathway, malonyl-ACP => pimeloyl-ACP",6600,9000,5500,8400,8400,2400,5000,8500,1600,11400,4800,1800,6000,13300,7200,600,4000,9100,1400,23400,12000,1500,5000,1000,5000,4000,8400,4000,1500,2400,4500,2000,2000,4200,7200,800,800,8400,400,7700,5000,6000,900,2100,0,4500,5600,6600,7200,2500,2000,14000,7500,1800,1500,2100,5000,5000,5500,2100,10500,800,5000,9800,4200
"237",237,"M00573","Biotin biosynthesis, BioI pathway, long-chain-acyl-ACP => pimeloyl-ACP => biotin",2400,0,2400,200,1800,200,1800,200,0,1800,1800,1800,1800,1800,1800,1800,0,1800,0,200,1800,0,1800,0,0,2400,0,1800,2400,200,0,0,0,1800,1800,1800,0,1800,1800,2400,0,1800,2400,2400,0,1800,2400,1800,0,1800,800,2400,200,1800,800,1800,1800,200,1800,200,0,1800,1800,1800,1800
"238",238,"M00574","Pertussis pathogenicity signature, pertussis toxin",0,0,0,0,0,0,0,0,0,0,0,0,0,0,0,0,0,0,0,0,0,0,0,0,0,0,0,0,0,0,0,0,0,0,0,0,0,0,0,0,0,0,0,0,0,0,0,0,0,0,0,0,0,0,0,0,0,0,0,0,0,0,0,0,0
"239",239,"M00575","Pertussis pathogenicity signature, T1SS",800,4800,800,2400,1200,400,400,200,200,200,800,400,800,3000,2400,600,200,800,0,1800,3000,200,200,200,2400,800,200,1600,200,200,200,200,200,800,400,400,200,0,200,400,200,0,200,600,0,1200,200,200,200,800,0,400,200,0,200,400,400,200,800,400,200,400,1600,200,1200
"240",240,"M00576","ETEC pathogenicity signature, heat-labile and heat-stable enterotoxins",0,0,0,0,0,0,0,0,0,0,0,0,0,0,0,0,0,0,0,0,0,0,0,0,0,0,0,0,0,0,0,0,0,0,0,0,0,0,0,0,0,0,0,0,0,0,0,0,0,0,0,0,0,0,0,0,0,0,0,0,0,0,0,0,0
"241",241,"M00577","Biotin biosynthesis, BioW pathway, pimelate => pimeloyl-CoA => biotin",3333.33333333333,0,3333.33333333333,166.666666666667,2666.66666666667,166.666666666667,2666.66666666667,166.666666666667,0,2666.66666666667,2666.66666666667,2666.66666666667,2666.66666666667,2666.66666666667,2666.66666666667,1500,0,2666.66666666667,0,166.666666666667,2666.66666666667,0,2666.66666666667,0,0,3333.33333333333,0,2666.66666666667,3333.33333333333,166.666666666667,0,0,0,2666.66666666667,2666.66666666667,2666.66666666667,0,2666.66666666667,2666.66666666667,3333.33333333333,0,4166.66666666667,4000,3333.33333333333,0,2666.66666666667,5000,2666.66666666667,0,2666.66666666667,1500,3333.33333333333,166.666666666667,2666.66666666667,666.666666666667,2666.66666666667,2666.66666666667,166.666666666667,2666.66666666667,166.666666666667,0,2666.66666666667,2666.66666666667,2666.66666666667,2666.66666666667
"242",242,"M00579","Phosphate acetyltransferase-acetate kinase pathway, acetyl-CoA => acetate",0,0,1500,1000,0,0,0,1000,0,3000,0,0,0,1000,0,0,0,1000,1500,1000,1000,0,0,0,0,0,250,0,0,0,1000,0,0,1000,1500,0,0,0,0,0,250,1000,0,0,0,0,1000,1000,0,0,250,250,0,0,0,0,250,1000,1000,0,1000,0,1000,1000,1000
"243",243,"M00580","Pentose phosphate pathway, archaea, fructose 6P => ribose 5P",200,400,200,200,200,0,200,0,0,200,0,0,200,200,200,0,200,200,800,200,0,0,0,0,200,200,200,200,0,0,200,0,0,200,400,0,200,200,0,200,200,0,0,200,0,200,0,200,0,200,200,200,0,0,0,0,200,200,200,0,200,0,200,200,200
"244",244,"M00595","Sulfur oxidation, SOX system, thiosulfate => sulfate",142.857142857143,0,3571.42857142857,8571.42857142857,7714.28571428571,142.857142857143,10285.7142857143,2285.71428571429,0,0,0,0,571.428571428571,142.857142857143,5142.85714285714,0,0,0,0,5142.85714285714,6000,0,0,0,0,0,0,3571.42857142857,0,0,0,0,0,0,285.714285714286,0,0,142.857142857143,0,0,0,0,0,0,0,857.142857142857,0,0,571.428571428571,0,0,142.857142857143,1285.71428571429,0,0,0,0,5142.85714285714,4285.71428571429,0,0,0,0,142.857142857143,0
"245",245,"M00596","Dissimilatory sulfate reduction, sulfate => H2S",0,0,0,0,0,0,0,0,0,0,0,0,0,90.9090909090909,0,0,90.9090909090909,0,0,0,0,0,90.9090909090909,0,0,181.818181818182,90.9090909090909,0,0,0,0,0,0,0,0,0,0,0,0,0,90.9090909090909,0,0,0,0,90.9090909090909,0,90.9090909090909,0,0,0,0,0,0,0,0,0,90.9090909090909,0,0,0,0,0,0,0
"246",246,"M00597","Anoxygenic photosystem II",0,0,0,0,0,0,0,0,0,0,0,0,0,0,0,0,0,0,0,0,0,0,0,0,0,0,0,0,0,0,0,0,0,0,0,0,0,0,0,0,0,0,0,0,0,0,0,0,0,0,0,0,0,0,0,0,0,0,0,0,0,0,0,0,0
"247",247,"M00598","Anoxygenic photosystem I",0,0,0,0,0,0,0,0,0,0,0,0,0,0,0,0,0,0,0,0,0,0,0,0,0,0,0,0,0,0,0,0,0,0,0,0,0,0,0,0,0,0,0,0,0,0,0,0,0,0,0,0,0,0,0,0,0,0,0,0,0,0,0,0,0
"248",248,"M00608","2-Oxocarboxylic acid chain extension, 2-oxoglutarate => 2-oxoadipate => 2-oxopimelate => 2-oxosuberate",0,0,0,0,0,0,0,0,0,0,0,0,0,0,0,0,0,0,0,0,0,0,0,0,0,0,0,0,0,0,0,0,0,0,0,0,0,0,0,0,0,0,0,0,0,0,0,0,0,0,0,0,0,0,0,0,0,0,0,0,0,0,0,0,0
"249",249,"M00609","Cysteine biosynthesis, methionine => cysteine",1333.33333333333,1333.33333333333,666.666666666667,666.666666666667,666.666666666667,666.666666666667,166.666666666667,166.666666666667,0,666.666666666667,666.666666666667,1000,1000,166.666666666667,166.666666666667,333.333333333333,666.666666666667,166.666666666667,1500,1000,666.666666666667,166.666666666667,166.666666666667,166.666666666667,666.666666666667,166.666666666667,166.666666666667,166.666666666667,166.666666666667,166.666666666667,166.666666666667,0,0,666.666666666667,166.666666666667,166.666666666667,166.666666666667,166.666666666667,166.666666666667,166.666666666667,166.666666666667,666.666666666667,166.666666666667,666.666666666667,0,666.666666666667,1000,166.666666666667,166.666666666667,1500,166.666666666667,666.666666666667,166.666666666667,166.666666666667,333.333333333333,666.666666666667,166.666666666667,166.666666666667,1000,666.666666666667,166.666666666667,166.666666666667,166.666666666667,166.666666666667,666.666666666667
"250",250,"M00615","Nitrate assimilation",4800,3600,4800,4000,5600,3200,6400,3000,0,2400,0,3200,4000,1800,5600,0,3200,2400,0,4000,3600,0,0,0,1800,0,0,1800,0,0,2400,0,0,0,0,0,0,3200,0,0,2400,200,0,400,0,5600,200,0,3000,4800,0,800,8000,0,0,0,0,0,4000,200,2400,0,0,5600,400
"251",251,"M00616","Sulfate-sulfur assimilation",4000,8000,4000,3200,4000,0,4000,0,0,7200,0,0,4000,4000,5600,0,4000,5600,200,4800,4800,0,0,0,4000,3200,0,3200,0,0,3200,0,0,4000,400,0,0,2400,0,0,3200,3200,0,0,0,4000,4800,0,200,4000,0,4800,0,200,0,0,1800,4000,2400,0,1800,0,4000,3200,4000
"252",252,"M00620","Incomplete reductive citrate cycle, acetyl-CoA => oxoglutarate",1647.05882352941,1058.82352941176,529.411764705882,882.352941176471,529.411764705882,2117.64705882353,1470.58823529412,1470.58823529412,529.411764705882,705.882352941176,705.882352941176,941.176470588235,529.411764705882,941.176470588235,1470.58823529412,705.882352941176,529.411764705882,941.176470588235,705.882352941176,1058.82352941176,529.411764705882,2117.64705882353,941.176470588235,941.176470588235,529.411764705882,529.411764705882,529.411764705882,529.411764705882,235.294117647059,1470.58823529412,529.411764705882,529.411764705882,58.8235294117647,529.411764705882,1058.82352941176,352.941176470588,529.411764705882,941.176470588235,941.176470588235,1764.70588235294,529.411764705882,1764.70588235294,352.941176470588,529.411764705882,0,529.411764705882,1470.58823529412,2117.64705882353,705.882352941176,529.411764705882,529.411764705882,941.176470588235,1764.70588235294,941.176470588235,705.882352941176,529.411764705882,529.411764705882,529.411764705882,529.411764705882,235.294117647059,1470.58823529412,529.411764705882,529.411764705882,941.176470588235,529.411764705882
"253",253,"M00621","Glycine cleavage system",10000,6000,3000,3600,4200,4000,3600,8000,400,5600,400,4000,8000,6400,7000,2400,3000,4800,3000,8000,4200,4000,3600,2400,3000,5000,3200,800,600,3200,4000,400,200,3000,9000,4000,200,4800,4000,5600,5600,7200,4800,3200,0,3000,4000,3200,7000,1800,400,7200,7000,4800,3200,4000,3600,5600,3600,1600,7000,4800,3600,4800,3000
"254",254,"M00622","Nicotinate degradation, nicotinate => fumarate",1714.28571428571,0,0,0,0,0,0,0,0,571.428571428571,0,0,571.428571428571,0,0,0,0,0,0,3428.57142857143,2285.71428571429,0,0,0,0,0,0,0,0,0,142.857142857143,0,0,0,0,0,0,0,142.857142857143,0,0,0,0,0,0,0,0,0,428.571428571429,0,0,0,0,0,0,142.857142857143,142.857142857143,0,0,0,142.857142857143,142.857142857143,142.857142857143,0,0
"255",255,"M00623","Phthalate degradation, phthalate => protocatechuate",250,500,250,250,250,0,0,0,0,0,0,0,250,0,0,0,250,0,0,3000,4500,0,0,0,250,0,0,0,0,0,0,0,0,0,0,0,0,0,0,0,0,0,0,0,0,0,0,0,0,0,0,0,0,0,0,0,0,0,250,0,0,0,0,0,0
"256",256,"M00624","Terephthalate degradation, terephthalate => 3,4-dihydroxybenzoate",0,0,0,0,0,0,0,0,0,0,0,0,0,0,0,0,0,0,0,4000,500,0,0,0,0,0,0,0,0,0,0,0,0,0,0,0,0,0,0,0,0,0,0,0,0,250,0,0,0,0,0,0,0,0,0,0,0,0,0,0,0,0,0,0,0
"257",257,"M00625","Methicillin resistance",0,0,0,0,0,0,0,0,0,0,0,0,0,0,0,0,0,0,0,0,0,0,0,0,0,0,0,0,0,0,0,0,0,0,0,0,0,0,0,0,0,0,0,0,0,0,0,0,0,0,0,0,0,0,0,0,0,0,0,0,0,0,0,0,0
"258",258,"M00627","beta-Lactam resistance, Bla system",250,0,250,0,500,1000,500,0,0,250,0,250,250,0,250,0,0,0,250,250,250,0,0,0,0,0,500,0,0,250,0,0,0,250,250,0,0,250,0,0,0,500,0,0,0,0,0,0,0,0,0,250,250,250,750,0,1500,0,250,250,250,0,1500,250,250
"259",259,"M00630","D-Galacturonate degradation (fungi), D-galacturonate => glycerol",0,0,0,0,0,0,0,0,0,0,0,0,0,0,0,0,0,0,0,0,0,0,0,0,0,0,0,0,0,0,0,0,0,0,0,0,0,0,0,0,0,0,0,0,0,0,0,0,0,0,0,0,0,0,0,0,0,0,0,0,0,0,0,0,0
"260",260,"M00631","D-Galacturonate degradation (bacteria), D-galacturonate => pyruvate + D-glyceraldehyde 3P",500,4500,125,1125,500,5625,1125,1125,0,2000,0,5000,2500,250,1125,0,1500,125,750,1500,500,0,0,0,2250,0,0,125,0,3750,1500,0,0,500,750,0,0,125,0,0,750,0,3750,2500,0,0,0,0,3000,2500,0,500,500,0,500,3125,500,500,125,500,3500,0,500,125,125
"261",261,"M00632","Galactose degradation, Leloir pathway, galactose => alpha-D-glucose-1P",2500,4000,2000,7000,1500,5250,500,4000,0,2000,250,6000,1500,500,1500,1000,2500,1250,10000,2000,2000,750,750,500,2000,0,250,500,250,1500,2000,250,0,250,250,6000,250,750,500,0,1500,9000,5250,4500,0,250,2000,500,5000,10000,500,1250,2500,1000,6000,5000,250,2500,750,500,2000,7000,250,500,250
"262",262,"M00633","Semi-phosphorylative Entner-Doudoroff pathway, gluconate/galactonate => glycerate-3P",0,0,0,0,0,0,0,0,0,0,0,0,0,0,0,0,0,0,0,0,0,0,0,0,0,0,0,0,0,0,0,0,0,0,0,0,0,0,0,0,0,0,0,0,0,0,0,0,0,0,0,0,0,0,0,0,0,0,0,0,0,0,0,0,0
"263",263,"M00636","Phthalate degradation, phthalate => protocatechuate",0,0,0,0,0,0,0,0,0,0,0,0,0,0,0,0,0,0,0,0,0,0,0,0,0,0,0,0,0,0,0,0,0,0,0,0,0,0,0,0,0,0,0,0,0,0,0,0,0,0,0,0,0,0,0,0,0,0,0,0,0,0,0,0,0
"264",264,"M00637","Anthranilate degradation, anthranilate => catechol",571.428571428571,0,0,571.428571428571,0,0,0,0,0,142.857142857143,0,0,142.857142857143,1285.71428571429,0,0,0,0,0,1714.28571428571,1428.57142857143,0,0,0,0,0,0,142.857142857143,0,0,0,0,0,0,0,0,0,0,0,0,285.714285714286,0,0,0,0,571.428571428571,0,0,0,0,0,1285.71428571429,0,0,0,0,0,0,0,0,0,0,0,0,0
"265",265,"M00638","Salicylate degradation, salicylate => gentisate",4000,0,0,4000,0,0,0,250,0,500,0,0,250,1000,0,0,0,0,0,5000,1500,0,0,0,0,0,0,0,0,0,0,0,0,0,0,0,0,0,0,0,500,0,0,0,0,1000,0,0,0,0,0,250,0,0,0,0,0,250,0,0,0,0,0,0,0
"266",266,"M00639","Multidrug resistance, efflux pump MexCD-OprJ",0,0,250,250,0,0,0,0,0,0,0,0,0,4000,0,0,0,0,0,0,0,0,0,0,0,0,0,0,0,0,0,0,0,0,0,0,0,0,0,0,0,0,0,0,0,0,0,0,0,250,0,0,0,0,0,0,0,0,0,0,0,0,0,2250,0
"267",267,"M00641","Multidrug resistance, efflux pump MexEF-OprN",0,0,0,0,0,0,0,0,0,500,250,0,0,5000,0,0,0,5000,0,0,0,0,0,0,0,2250,0,0,0,0,0,0,0,0,0,0,0,1000,0,0,0,0,250,250,0,0,0,0,0,1000,0,5000,0,0,0,0,0,0,0,0,500,0,0,4000,0
"268",268,"M00642","Multidrug resistance, efflux pump MexJK-OprM",250,2000,1500,500,250,0,750,0,0,250,1000,0,250,9000,250,0,250,3750,0,500,500,0,0,0,1000,1000,500,250,0,0,0,0,0,250,750,0,0,2250,0,0,0,0,250,250,0,250,0,0,0,500,250,7000,0,0,0,0,500,250,1500,0,0,0,500,4000,250
"269",269,"M00643","Multidrug resistance, efflux pump MexXY-OprM",250,500,1500,500,250,0,750,0,0,0,250,0,250,500,250,0,250,0,0,500,500,0,0,0,250,0,500,250,0,0,0,0,0,250,750,0,0,0,0,0,0,0,250,250,0,250,0,0,0,0,250,750,0,0,0,0,500,0,1500,0,0,0,500,250,250
"270",270,"M00649","Multidrug resistance, efflux pump AdeABC",0,400,0,4000,0,0,200,0,0,0,0,0,200,200,0,0,0,0,0,0,200,0,0,0,200,0,0,200,0,0,0,0,0,200,0,0,0,0,0,0,0,0,0,0,0,200,0,0,0,4800,0,200,0,0,0,0,0,0,0,0,0,0,0,3200,200
"271",271,"M00651","Vancomycin resistance, D-Ala-D-Lac type",90.9090909090909,181.818181818182,0,90.9090909090909,90.9090909090909,90.9090909090909,90.9090909090909,363.636363636364,181.818181818182,0,90.9090909090909,90.9090909090909,0,90.9090909090909,363.636363636364,363.636363636364,0,0,818.181818181818,90.9090909090909,0,90.9090909090909,90.9090909090909,0,90.9090909090909,90.9090909090909,181.818181818182,0,0,0,0,0,0,90.9090909090909,0,90.9090909090909,0,0,0,0,0,0,90.9090909090909,181.818181818182,90.9090909090909,0,90.9090909090909,0,90.9090909090909,0,272.727272727273,90.9090909090909,363.636363636364,727.272727272727,90.9090909090909,363.636363636364,0,0,0,0,90.9090909090909,181.818181818182,0,0,90.9090909090909
"272",272,"M00652","Vancomycin resistance, D-Ala-D-Ser type",0,0,0,0,0,0,0,0,0,0,0,0,0,0,0,0,0,0,0,0,0,0,0,0,0,0,0,0,0,0,0,0,0,0,0,0,0,0,0,0,0,0,0,0,0,0,200,0,0,0,0,0,0,0,0,0,0,0,0,0,0,0,0,0,0
"273",273,"M00660","Xanthomonas spp. pathogenicity signature, T3SS and effectors",55.5555555555556,111.111111111111,55.5555555555556,55.5555555555556,3555.55555555556,0,55.5555555555556,0,0,0,0,0,55.5555555555556,0,55.5555555555556,0,55.5555555555556,0,0,0,500,0,0,55.5555555555556,55.5555555555556,0,55.5555555555556,2000,0,0,0,0,0,55.5555555555556,55.5555555555556,0,0,0,0,55.5555555555556,0,0,0,0,0,55.5555555555556,0,0,0,0,3555.55555555556,0,0,0,0,0,3555.55555555556,0,55.5555555555556,0,0,0,3555.55555555556,0,55.5555555555556
"274",274,"M00661","Paspaline biosynthesis, geranylgeranyl-PP + indoleglycerol phosphate => paspaline",0,0,0,0,0,0,0,0,0,0,0,0,0,0,0,0,0,0,0,0,0,0,0,0,0,0,0,0,0,0,0,0,0,0,0,0,0,0,0,0,0,0,0,0,0,0,0,0,0,0,0,0,0,0,0,0,0,0,0,0,0,0,0,0,0
"275",275,"M00664","Nodulation",0,0,500,0,0,0,0,0,0,0,0,0,0,0,250,0,0,0,0,250,0,0,0,0,0,0,0,0,0,0,0,0,0,250,0,0,0,0,0,0,0,0,0,0,0,0,0,0,0,0,0,0,0,0,0,0,0,0,500,0,0,0,0,0,250
"276",276,"M00672","Penicillin biosynthesis, aminoadipate + cycteine + valine => penicillin",0,0,0,0,0,0,0,0,0,0,0,0,0,0,0,0,0,0,0,0,0,0,0,0,0,0,0,0,0,0,0,0,0,0,0,0,0,0,0,0,0,0,0,0,0,0,0,0,0,0,0,0,0,0,0,0,0,0,0,0,0,0,0,0,0
"277",277,"M00673","Cephamycin C biosynthesis, aminoadipate + cycteine + valine => cephamycin C",0,0,0,0,125,0,0,0,0,0,0,0,0,125,0,0,0,0,0,0,0,0,125,0,0,125,0,0,0,125,0,0,0,0,0,0,0,0,0,0,0,0,0,0,0,0,0,0,125,0,0,0,0,125,0,0,0,0,0,0,0,125,0,0,0
"278",278,"M00674","Clavaminate biosynthesis, arginine + glyceraldehyde-3P => clavaminate",0,0,0,0,0,0,0,0,0,0,0,0,0,0,0,0,0,0,0,0,0,0,0,0,0,0,0,0,0,0,0,0,0,0,0,0,0,0,0,0,0,0,0,0,0,0,0,0,0,0,0,0,0,0,0,0,0,0,0,0,0,0,0,0,0
"279",279,"M00675","Carbapenem-3-carboxylate biosynthesis, pyrroline-5-carboxylate + malonyl-CoA => carbapenem-3-carboxylate",0,0,0,0,0,0,0,0,0,0,0,0,0,0,0,0,0,0,0,0,0,0,0,0,0,0,0,0,0,0,0,0,0,0,0,0,0,0,0,333.333333333333,0,0,0,0,0,0,0,0,0,0,0,0,0,0,0,0,0,0,0,0,0,0,0,0,0
"280",280,"M00696","Multidrug resistance, efflux pump AcrEF-TolC",250,500,250,500,500,500,500,250,250,250,250,500,250,250,500,750,250,250,0,250,500,250,250,250,250,1000,250,750,250,250,250,250,250,250,500,500,250,0,250,500,250,0,250,750,0,500,250,250,0,250,0,500,250,0,250,500,500,250,250,500,250,500,500,250,250
"281",281,"M00697","Multidrug resistance, efflux pump MdtEF-TolC",250,500,250,500,500,1500,500,250,250,250,250,500,250,2000,500,750,250,250,0,250,500,250,250,250,250,1000,250,750,250,250,250,250,250,250,500,500,250,0,250,500,250,0,250,750,0,500,250,250,0,250,0,2500,250,0,250,500,500,250,250,500,250,500,500,250,250
"282",282,"M00698","Multidrug resistance, efflux pump BpeEF-OprC",2250,0,6000,250,2250,0,1000,0,0,1500,1000,0,2250,250,1500,0,0,0,0,2250,2250,0,0,0,0,1000,0,0,3750,0,0,0,0,0,250,0,0,0,0,0,0,0,0,0,0,2000,0,0,0,0,0,0,0,0,0,0,250,0,6000,0,1500,0,250,0,0
"283",283,"M00700","Multidrug resistance, efflux pump AbcA",0,0,0,0,0,0,0,0,0,0,0,0,0,0,0,0,0,0,0,0,0,0,0,0,0,0,0,0,0,0,0,0,0,0,0,0,0,0,0,0,0,0,0,0,0,0,0,0,0,0,0,0,0,0,0,0,0,0,0,0,0,0,0,0,0
"284",284,"M00702","Multidrug resistance, efflux pump NorB",0,0,0,0,0,0,0,0,0,0,0,0,0,333.333333333333,0,0,0,333.333333333333,0,0,0,0,0,0,0,0,0,0,0,0,0,0,0,0,0,0,0,333.333333333333,0,0,0,0,0,0,0,0,0,0,0,0,0,0,0,0,0,0,0,0,0,0,0,0,0,333.333333333333,0
"285",285,"M00704","Tetracycline resistance, efflux pump Tet38",0,0,0,0,0,0,0,0,0,0,0,0,0,0,0,0,0,0,0,0,0,0,0,0,0,0,0,0,0,0,0,0,0,0,0,0,0,0,0,0,0,0,0,0,0,0,500,0,0,0,0,0,0,0,0,0,0,0,0,0,0,0,0,0,0
"286",286,"M00705","Multidrug resistance, efflux pump MepA",0,0,0,0,0,500,0,0,0,0,0,0,0,0,0,0,0,0,0,0,0,0,0,0,0,0,0,0,0,0,0,0,0,0,0,0,0,0,0,0,0,0,0,0,0,0,0,0,0,0,0,0,0,0,0,0,0,0,0,0,0,0,0,0,0
"287",287,"M00714","Multidrug resistance, efflux pump QacA",0,0,0,0,0,0,0,500,0,0,0,0,0,500,0,0,0,0,500,2000,500,0,0,0,0,0,0,0,0,0,0,0,0,0,0,0,500,0,0,0,0,500,0,0,0,0,0,0,0,0,0,0,0,0,0,0,0,0,0,0,500,0,0,0,0
"288",288,"M00718","Multidrug resistance, efflux pump MexAB-OprM",3750,4500,10500,3000,2250,3500,6000,2000,1000,3500,3000,2500,3750,10500,5250,2500,3000,4500,0,7500,6000,1500,2500,250,2250,250,3000,4500,0,1500,1000,1000,1000,3750,8250,2500,2000,3500,2500,1000,2000,0,4500,6000,0,5250,1000,1000,1000,3500,2250,11250,3000,1000,1500,2500,4500,2000,9750,3500,2000,1500,4500,6750,3750
"289",289,"M00725","Cationic antimicrobial peptide (CAMP) resistance, dltABCD operon",0,0,0,0,0,0,0,0,0,0,0,0,0,0,0,0,0,0,0,0,0,0,1500,166.666666666667,0,0,0,0,0,0,0,0,0,0,0,0,0,0,0,0,0,0,0,0,0,0,0,0,0,0,0,666.666666666667,0,1500,0,0,0,0,0,0,0,0,0,0,0
"290",290,"M00726","Cationic antimicrobial peptide (CAMP) resistance, lysyl-phosphatidylglycerol (L-PG) synthase MprF",0,0,0,0,0,0,0,0,0,333.333333333333,0,333.333333333333,0,333.333333333333,0,0,0,0,0,333.333333333333,0,0,0,0,0,666.666666666667,0,0,0,0,0,0,0,0,0,0,0,0,0,0,0,0,0,0,0,0,0,0,0,0,0,333.333333333333,0,0,0,0,0,0,0,333.333333333333,333.333333333333,0,0,0,0
"291",291,"M00730","Cationic antimicrobial peptide (CAMP) resistance, VraFG transporter",0,0,0,0,0,0,0,0,0,0,0,0,0,0,0,0,0,0,0,0,0,0,0,0,0,0,0,0,0,0,0,0,0,0,0,0,0,0,0,0,0,0,0,0,0,0,0,0,0,0,0,0,0,0,0,0,0,0,0,0,0,0,0,0,0
"292",292,"M00736","Nocardicin A biosynthesis, L-pHPG + arginine + serine => nocardicin A",0,0,166.666666666667,166.666666666667,0,0,0,0,0,0,0,166.666666666667,0,166.666666666667,0,0,0,0,0,333.333333333333,0,0,0,0,0,0,0,0,0,0,0,0,0,166.666666666667,0,0,0,0,0,0,0,166.666666666667,0,0,0,0,0,0,0,0,0,0,0,0,0,0,0,0,166.666666666667,0,0,0,166.666666666667,0,166.666666666667
"293",293,"M00740","Methylaspartate cycle",2307.69230769231,3076.92307692308,3461.53846153846,1538.46153846154,2153.84615384615,1230.76923076923,1538.46153846154,1846.15384615385,692.307692307692,1538.46153846154,923.076923076923,1538.46153846154,2307.69230769231,692.307692307692,1538.46153846154,3076.92307692308,1538.46153846154,692.307692307692,3384.61538461539,3846.15384615385,1538.46153846154,2153.84615384615,1538.46153846154,1230.76923076923,1538.46153846154,1538.46153846154,1846.15384615385,1923.07692307692,1384.61538461538,2153.84615384615,1923.07692307692,307.692307692308,76.9230769230769,1923.07692307692,3076.92307692308,1846.15384615385,923.076923076923,923.076923076923,1230.76923076923,1230.76923076923,1230.76923076923,2461.53846153846,2153.84615384615,1846.15384615385,76.9230769230769,692.307692307692,2692.30769230769,1230.76923076923,923.076923076923,1538.46153846154,692.307692307692,923.076923076923,2153.84615384615,1538.46153846154,1153.84615384615,1538.46153846154,1538.46153846154,2307.69230769231,3846.15384615385,1615.38461538462,2153.84615384615,1230.76923076923,1538.46153846154,692.307692307692,1923.07692307692
"294",294,"M00741","Propanoyl-CoA metabolism, propanoyl-CoA => succinyl-CoA",600,1200,266.666666666667,600,1000,1333.33333333333,1066.66666666667,1600,266.666666666667,3333.33333333333,400,1333.33333333333,1000,0,1066.66666666667,1200,600,0,1400,1066.66666666667,1666.66666666667,1666.66666666667,1333.33333333333,2000,600,0,66.6666666666667,66.6666666666667,266.666666666667,600,1066.66666666667,0,0,0,800,1866.66666666667,0,0,1333.33333333333,0,1066.66666666667,3200,600,1666.66666666667,0,600,66.6666666666667,0,2333.33333333333,0,0,0,1600,1333.33333333333,600,400,800,1333.33333333333,266.666666666667,0,1866.66666666667,400,1066.66666666667,0,0
"295",295,"M00744","Cationic antimicrobial peptide (CAMP) resistance, protease PgtE",0,0,0,333.333333333333,0,0,0,0,0,0,0,0,1333.33333333333,1333.33333333333,333.333333333333,333.333333333333,0,1333.33333333333,0,0,666.666666666667,0,0,0,0,1333.33333333333,0,0,0,0,0,0,0,0,0,0,0,1333.33333333333,0,0,0,0,0,0,0,0,333.333333333333,0,0,333.333333333333,0,1333.33333333333,0,0,0,0,0,0,0,0,0,0,0,1333.33333333333,0
"296",296,"M00745","Imipenem resistance, repression of porin OprD",2666.66666666667,2000,2000,1666.66666666667,666.666666666667,1000,2000,0,0,0,0,500,166.666666666667,15000,166.666666666667,0,0,1333.33333333333,0,2666.66666666667,666.666666666667,0,333.333333333333,166.666666666667,1333.33333333333,0,0,1333.33333333333,166.666666666667,0,0,0,0,0,166.666666666667,166.666666666667,0,4666.66666666667,0,0,0,166.666666666667,0,0,0,666.666666666667,166.666666666667,166.666666666667,0,666.666666666667,0,18000,0,166.666666666667,0,0,666.666666666667,166.666666666667,2000,166.666666666667,0,0,666.666666666667,6666.66666666667,0
"297",297,"M00746","Multidrug resistance, repression of porin OmpF",0,0,0,0,0,0,0,0,0,0,0,0,0,0,0,0,333.333333333333,0,0,0,0,0,0,0,0,0,0,0,0,0,0,0,0,0,0,0,0,0,0,0,0,0,0,0,0,0,0,0,0,0,0,0,0,0,0,0,0,0,0,0,0,0,0,0,0
"298",298,"M00761","Undecaprenylphosphate alpha-L-Ara4N biosynthesis, UDP-GlcA => undecaprenyl phosphate alpha-L-Ara4N",0,0,0,250,250,250,0,250,0,0,0,250,0,0,0,0,0,250,0,0,0,0,250,1000,0,0,0,0,0,0,0,250,0,250,0,0,0,0,0,0,0,250,0,0,0,0,250,0,1000,0,0,3000,250,250,0,0,250,0,0,0,0,0,250,250,250
"299",299,"M00763","Ornithine biosynthesis, mediated by LysW, glutamate => ornithine",0,0,0,0,0,0,0,0,0,0,0,0,0,0,0,0,0,0,0,0,0,0,0,0,0,0,0,0,0,0,0,0,0,0,0,0,0,0,0,0,0,0,0,0,0,0,0,0,0,0,0,0,0,0,0,0,0,0,0,0,0,0,0,0,0
"300",300,"M00769","Multidrug resistance, efflux pump MexPQ-OpmE",400,400,200,0,200,0,200,0,0,200,0,0,200,200,200,0,200,400,400,200,400,0,0,600,200,200,0,200,0,0,200,0,0,200,200,0,0,800,0,0,400,0,0,0,0,400,0,0,600,0,0,800,0,0,0,0,200,200,200,0,2400,0,200,400,200
"301",301,"M00773","Tylosin biosynthesis, methylmalonyl-CoA + malonyl-CoA => tylactone => tylosin",0,0,0,0,0,0,0,0,0,0,0,0,0,0,0,0,0,0,0,0,0,0,0,0,0,0,0,0,0,0,0,0,0,0,0,0,0,0,0,0,0,0,0,0,0,0,0,0,0,0,0,0,0,0,0,0,0,0,0,0,0,0,0,0,0
"302",302,"M00774","Erythromycin biosynthesis, propanoyl-CoA + methylmalonyl-CoA => deoxyerythronolide B => erythromycin A/B",0,0,0,0,0,0,0,0,0,0,0,0,0,0,0,0,0,0,0,0,0,0,0,0,0,111.111111111111,0,0,0,0,0,0,0,0,0,0,0,0,0,0,0,0,0,0,0,0,0,0,0,0,111.111111111111,0,0,0,0,0,0,0,0,0,0,0,0,0,0
"303",303,"M00775","Oleandomycin biosynthesis, malonyl-CoA + methylmalonyl-CoA => 8,8a-deoxyoleandolide => oleandomycin",0,0,0,0,0,0,0,0,0,0,0,0,0,0,0,0,0,0,0,0,0,0,0,0,0,0,0,0,0,0,0,0,0,0,0,0,0,0,0,0,0,0,0,0,0,0,0,0,0,0,0,0,0,0,0,0,0,0,0,0,0,0,0,0,0
"304",304,"M00776","Pikromycin/methymycin biosynthesis, methylmalonyl-CoA + malonyl-CoA => narbonolide/10-deoxymethynolide => pikromycin/methymycin",0,0,0,0,0,0,0,0,0,0,0,0,0,0,0,0,0,0,0,0,0,0,0,0,0,0,0,0,0,0,0,0,0,0,0,0,0,0,0,0,0,0,0,0,0,0,0,0,0,0,0,0,0,0,0,0,0,0,0,0,0,0,0,0,0
"305",305,"M00777","Avermectin biosynthesis, 2-methylbutanoyl-CoA/isobutyryl-CoA => 6,8a-Seco-6,8a-deoxy-5-oxoavermectin 1a/1b aglycone => avermectin A1a/B1a/A1b/B1b",0,0,0,0,0,0,0,0,0,0,0,0,0,0,0,0,0,0,0,0,0,0,0,0,0,0,0,0,0,0,0,0,0,0,0,0,0,0,0,0,0,0,0,0,0,0,0,0,0,0,0,0,0,0,0,0,0,0,0,0,0,0,0,0,0
"306",306,"M00778","Type II polyketide backbone biosynthesis, acyl-CoA + malonyl-CoA => polyketide",0,0,0,0,0,0,0,0,0,0,0,0,0,0,0,0,0,0,0,0,0,0,0,0,0,90.9090909090909,0,0,0,0,0,0,0,0,0,0,0,0,0,0,0,90.9090909090909,0,0,0,0,0,0,0,0,0,0,0,0,0,0,0,0,0,0,0,0,0,0,0
"307",307,"M00779","Dihydrokalafungin biosynthesis, octaketide => dihydrokalafungin",0,0,0,0,0,0,0,0,0,0,0,0,0,0,0,0,0,0,0,0,0,0,0,0,0,0,0,0,0,0,0,0,0,0,0,0,0,0,0,0,0,125,0,0,0,0,0,0,0,0,0,0,0,0,125,0,0,0,0,0,0,0,0,0,0
"308",308,"M00780","Tetracycline/oxytetracycline biosynthesis, pretetramide => tetracycline/oxytetracycline",0,0,0,0,0,0,0,0,0,0,0,0,0,0,0,0,0,0,0,0,0,0,0,0,0,0,0,0,0,0,0,0,0,0,0,0,0,0,0,0,0,0,0,0,0,0,0,0,0,0,0,0,0,0,0,0,0,0,0,0,0,0,0,0,0
"309",309,"M00781","Nogalavinone/aklavinone biosynthesis, deoxynogalonate/deoxyaklanonate => nogalavinone/aklavinone",0,0,0,0,0,0,0,0,0,0,0,0,0,0,0,0,0,0,0,0,250,0,0,0,0,0,0,0,0,0,0,0,0,0,0,0,0,0,0,0,0,0,0,0,0,0,0,0,0,0,0,0,0,0,0,0,0,0,0,0,0,0,0,0,0
"310",310,"M00782","Mithramycin biosynthesis, 4-demethylpremithramycinone => mithramycin",0,0,0,0,0,0,0,0,0,0,0,0,0,0,0,0,0,0,0,0,0,0,0,0,0,0,0,0,0,0,0,0,0,0,0,0,0,0,0,0,0,0,0,0,0,0,0,0,0,0,0,0,0,0,0,0,0,0,0,0,0,0,0,0,0
"311",311,"M00783","Tetracenomycin C/8-demethyltetracenomycin C biosynthesis, tetracenomycin F2 => tetracenomycin C/8-demethyltetracenomycin C",0,0,0,0,0,0,0,0,0,0,0,0,0,0,0,0,0,0,0,0,0,0,0,0,0,0,0,0,0,0,0,0,0,0,0,0,0,0,0,0,0,0,0,0,0,0,0,0,0,0,0,0,0,0,0,0,0,0,0,0,0,0,0,0,0
"312",312,"M00784","Elloramycin biosynthesis, 8-demethyltetracenomycin C => elloramycin A",0,0,0,0,0,0,0,0,0,0,0,0,0,0,0,0,0,0,0,0,0,0,0,0,0,0,0,0,0,0,0,0,0,0,0,0,0,0,0,0,0,0,0,0,0,0,0,0,0,0,0,0,0,0,0,0,0,0,0,0,0,0,0,0,0
"313",313,"M00785","Cycloserine biosynthesis, arginine/serine => cycloserine",0,0,0,0,0,0,0,0,0,0,0,0,0,0,0,0,0,0,0,0,0,0,0,0,0,0,0,0,0,0,0,0,0,0,0,0,0,0,0,0,0,0,0,0,0,0,0,0,0,0,0,0,0,0,0,0,0,0,0,0,0,0,0,0,0
"314",314,"M00786","Fumitremorgin alkaloid biosynthesis, tryptophan + proline => fumitremorgin C/A",0,0,0,0,0,0,0,0,0,0,0,0,0,0,0,0,0,0,0,0,0,0,0,0,0,0,0,0,0,0,0,0,0,0,0,0,0,0,0,0,0,0,0,0,0,0,0,0,0,0,0,0,0,0,0,0,0,0,0,0,0,0,0,0,0
"315",315,"M00787","Bacilysin biosynthesis, prephenate => bacilysin",0,0,0,0,0,0,0,0,0,0,0,0,0,0,0,0,0,0,0,0,0,0,0,0,0,0,0,0,0,0,0,0,0,0,0,0,0,0,0,0,0,0,0,0,0,0,166.666666666667,0,0,0,0,0,0,0,0,0,0,0,0,0,0,0,0,0,0
"316",316,"M00788","Terpentecin biosynthesis, GGAP => terpentecin",0,0,0,0,0,0,0,0,0,0,0,0,0,0,0,0,0,0,0,0,0,0,0,0,0,0,0,0,0,0,0,0,0,0,0,0,0,0,0,0,0,0,0,0,0,0,0,0,0,0,0,0,0,0,0,0,0,0,0,0,0,0,0,0,0
"317",317,"M00789","Rebeccamycin biosynthesis, tryptophan => rebeccamycin",0,0,0,0,142.857142857143,0,285.714285714286,0,0,0,0,0,0,0,571.428571428571,0,0,0,0,0,0,0,0,0,0,0,0,0,0,0,0,0,0,0,142.857142857143,0,0,0,0,0,0,0,0,0,0,0,0,0,0,1428.57142857143,0,0,0,0,0,0,285.714285714286,0,0,0,0,0,428.571428571429,0,0
"318",318,"M00790","Pyrrolnitrin biosynthesis, tryptophan => pyrrolnitrin",250,500,0,0,250,0,500,0,0,0,0,0,250,0,1000,0,250,0,250,0,250,0,0,0,250,0,0,0,0,0,0,0,0,0,250,0,0,0,0,0,0,0,0,0,0,0,0,0,0,2500,0,0,0,0,0,0,500,0,0,0,0,0,750,0,0
"319",319,"M00793","dTDP-L-rhamnose biosynthesis, glucose-1P => dTDP-L-Rha",4800,8000,4800,5600,3200,4800,4800,4800,200,200,4800,5600,4000,4800,4000,5600,1800,7200,6400,3200,3200,6400,5600,2000,4000,1800,0,4000,4000,7200,3200,200,0,4000,7200,4800,200,4000,4800,800,3200,3200,6400,7200,0,3200,5600,4800,4000,3200,0,5600,4800,4800,3200,4800,1800,3200,4800,0,5600,4800,4000,4800,4000
"320",320,"M00794","dTDP-6-deoxy-D-allose biosynthesis",0,0,0,0,0,0,0,0,0,0,0,0,0,0,0,0,0,0,0,0,0,0,0,0,0,0,0,0,0,0,0,0,0,0,0,0,0,0,0,0,0,0,0,0,0,0,0,0,0,0,0,0,0,0,0,0,0,0,0,0,0,0,0,0,0
"321",321,"M00795","dTDP-beta-L-noviose biosynthesis",0,0,0,0,0,0,0,0,0,0,0,0,0,0,0,0,0,0,0,0,0,0,0,0,0,0,0,0,0,0,0,0,0,0,0,0,0,0,0,0,0,0,0,0,0,0,0,0,0,0,0,0,0,0,0,0,0,0,0,0,0,0,0,0,0
"322",322,"M00796","dTDP-D-mycaminose biosynthesis",0,0,0,0,0,0,0,0,0,0,0,0,0,0,0,0,0,0,0,0,0,0,0,0,0,0,0,0,0,0,0,0,0,0,0,0,0,0,0,0,0,0,0,0,0,0,0,0,0,0,0,0,0,0,0,0,0,0,0,0,0,0,0,0,0
"323",323,"M00797","dTDP-D-desosamine biosynthesis",0,0,0,0,0,0,0,0,0,0,0,0,0,0,0,0,0,0,0,0,0,0,0,0,0,0,0,0,0,0,0,0,0,0,0,0,0,0,0,0,0,0,0,0,0,0,0,0,0,0,0,0,0,0,0,0,0,0,0,0,0,0,0,0,0
"324",324,"M00798","dTDP-L-mycarose biosynthesis",0,0,0,0,0,0,0,0,0,0,0,0,0,0,0,0,0,0,0,0,0,0,0,0,0,0,0,0,0,0,0,0,0,0,0,0,0,0,0,0,0,0,0,0,0,0,0,0,0,0,0,0,0,0,0,0,0,0,0,0,0,0,0,0,0
"325",325,"M00799","dTDP-L-oleandrose biosynthesis",0,0,0,0,0,0,0,0,0,0,0,0,0,0,0,0,0,0,0,0,0,0,0,0,0,0,0,0,0,0,0,0,0,0,0,0,0,0,0,0,0,200,0,0,0,0,0,0,0,0,0,0,0,0,0,0,0,0,0,0,0,0,0,0,0
"326",326,"M00800","dTDP-L-megosamine biosynthesis",0,0,0,0,0,0,0,0,0,0,0,0,0,0,0,0,0,0,0,0,0,0,0,0,0,0,0,0,0,0,0,0,0,0,0,0,0,0,0,0,0,0,0,0,0,0,0,0,0,0,0,0,0,0,0,0,0,0,0,0,0,0,0,0,0
"327",327,"M00801","dTDP-L-olivose biosynthesis",0,0,0,0,0,0,0,0,0,0,0,0,0,0,0,0,0,0,0,0,0,0,250,0,0,0,0,0,0,0,0,0,0,0,0,0,0,0,0,0,0,250,0,0,0,0,0,0,0,0,0,0,0,0,0,0,0,0,0,0,0,0,0,0,0
"328",328,"M00802","dTDP-D-forosamine biosynthesis",0,0,0,0,0,0,0,0,0,0,0,0,0,0,0,0,0,0,0,0,0,0,200,0,0,0,0,0,0,0,0,0,0,0,0,0,0,0,0,0,0,800,0,0,0,0,0,0,0,0,0,0,0,0,0,0,0,0,0,0,0,0,0,0,0
"329",329,"M00803","dTDP-D-angolosamine biosynthesis",0,0,0,0,0,0,0,0,0,0,0,0,0,0,0,0,0,0,0,0,0,0,0,0,0,0,0,0,0,0,0,0,0,0,0,0,0,0,0,0,0,0,0,0,0,0,0,0,0,0,0,0,0,0,0,0,0,0,0,0,0,0,0,0,0
"330",330,"M00804","Complete nitrification, comammox, ammonia => nitrite => nitrate",666.666666666667,0,0,666.666666666667,666.666666666667,0,666.666666666667,0,0,666.666666666667,0,0,666.666666666667,0,666.666666666667,0,666.666666666667,0,0,0,0,0,0,0,0,0,0,0,0,0,0,0,0,0,0,0,0,0,0,0,0,0,0,0,0,0,0,0,0,666.666666666667,0,0,1000,0,0,0,0,0,0,0,0,0,0,666.666666666667,666.666666666667
"331",331,"M00805","Staurosporine biosynthesis, tryptophan => staurosporine",0,0,0,0,0,0,0,0,0,0,0,0,0,0,0,0,0,0,0,0,0,0,0,0,0,0,0,0,0,0,0,0,0,0,0,0,0,0,0,0,0,0,0,0,0,0,0,0,0,0,0,0,0,0,0,0,0,0,0,0,0,0,0,0,0
"332",332,"M00808","Violacein biosynthesis, tryptophan => violacein",0,0,0,0,0,0,0,0,0,0,0,0,0,0,0,0,0,0,0,0,0,0,0,0,0,0,0,0,0,0,0,0,0,0,0,0,0,0,0,0,0,0,0,0,0,0,0,0,0,0,0,0,0,0,0,0,0,0,0,0,0,0,0,0,0
"333",333,"M00810","Nicotine degradation, pyridine pathway, nicotine => 2,6-dihydroxypyridine/succinate semialdehyde",0,0,0,0,0,0,0,0,0,0,0,0,100,0,0,0,0,0,0,0,0,0,0,0,0,0,0,0,0,0,0,0,0,0,0,0,0,0,0,0,0,0,0,0,0,0,0,0,0,0,0,0,0,0,0,0,0,0,0,0,0,0,0,0,0
"334",334,"M00811","Nicotine degradation, pyrrolidine pathway, nicotine => succinate semialdehyde",0,0,0,0,0,0,0,0,0,0,0,0,0,0,0,0,0,0,0,0,0,0,0,0,0,0,0,0,0,0,0,0,0,0,0,0,0,0,0,0,0,0,0,0,0,0,0,0,0,0,0,0,0,0,0,0,0,0,0,0,0,0,0,0,0
"335",335,"M00814","Acarbose biosynthesis, sedoheptulopyranose-7P => acarbose",0,0,0,125,0,0,0,125,0,0,0,0,0,0,0,0,0,0,0,0,0,0,0,0,0,0,0,0,0,0,0,0,0,0,0,0,0,0,0,0,0,1125,0,0,0,0,125,0,0,0,0,125,125,0,0,0,0,0,0,0,0,0,0,0,0
"336",336,"M00815","Validamycin A biosynthesis, sedoheptulopyranose-7P => validamycin A",0,0,0,0,0,0,0,0,0,0,0,0,0,0,0,0,0,0,111.111111111111,0,0,0,0,0,0,0,0,0,0,0,0,0,0,0,0,0,0,0,0,0,0,111.111111111111,0,0,0,0,111.111111111111,0,111.111111111111,0,0,111.111111111111,0,0,0,0,0,0,0,0,0,0,0,0,0
"337",337,"M00819","Pentalenolactone biosynthesis, farnesyl-PP => pentalenolactone",0,0,0,0,0,0,0,0,0,0,0,0,0,0,0,0,0,0,0,0,0,0,0,0,0,0,0,0,0,0,0,0,0,0,0,0,0,0,0,0,0,0,0,0,0,0,0,0,0,0,0,0,0,0,0,0,0,0,0,0,0,0,0,0,0
"338",338,"M00823","Chlortetracycline biosynthesis, pretetramide => chlortetracycline",0,0,0,0,0,0,0,0,0,0,0,0,0,0,0,0,0,0,0,0,0,0,0,0,0,0,0,0,0,0,0,0,0,0,0,0,0,0,0,0,0,0,0,0,0,0,0,0,0,0,0,0,0,0,0,0,0,0,0,0,0,0,0,0,0
"339",339,"M00824","9-membered enediyne core biosynthesis, malonyl-CoA => 3-hydroxyhexadeca-4,6,8,10,12,14-hexaenoyl-ACP => 9-membered enediyne core",0,0,0,0,0,0,0,0,0,0,0,0,0,0,0,0,0,0,0,0,0,0,0,0,0,0,0,0,0,0,0,0,0,0,0,0,0,0,0,0,0,111.111111111111,0,0,0,0,0,0,0,0,0,0,0,0,0,0,0,0,0,0,0,0,0,0,0
"340",340,"M00825","10-membered enediyne core biosynthesis, malonyl-CoA => 3-hydroxyhexadeca-4,6,8,10,12,14-hexaenoyl-ACP => 10-membered enediyne core",0,0,0,0,125,0,0,0,0,0,0,0,0,0,0,0,0,0,0,0,0,0,0,0,0,0,0,0,0,0,0,0,0,0,0,0,0,0,0,0,0,125,0,0,0,0,0,0,125,0,0,0,0,0,0,0,0,0,0,0,0,0,0,0,0
"341",341,"M00826","C-1027 benzoxazolinate moiety biosynthesis, chorismate => benzoxazolinyl-CoA",0,0,0,0,0,0,0,0,0,0,0,0,0,0,0,0,0,0,0,0,0,0,0,0,0,0,0,0,0,0,0,0,0,0,0,0,0,0,0,0,0,0,0,0,0,0,0,0,0,0,0,0,0,0,0,0,0,0,0,0,0,0,0,0,0
"342",342,"M00827","C-1027 beta-amino acid moiety biosynthesis, tyrosine => 3-chloro-4,5-dihydroxy-beta-phenylalanyl-PCP",0,0,0,0,0,0,0,0,0,0,0,0,0,0,0,0,0,0,0,0,0,0,0,0,0,0,0,0,0,0,0,0,0,0,0,0,0,0,0,0,0,0,0,0,0,0,0,0,0,0,0,0,0,0,0,0,0,0,0,0,0,0,0,0,0
"343",343,"M00828","Maduropeptin beta-hydroxy acid moiety biosynthesis, tyrosine => 3-(4-hydroxyphenyl)-3-oxopropanoyl-PCP",0,0,0,0,0,0,0,0,0,0,0,0,0,0,0,0,0,0,0,0,0,0,0,0,0,0,0,0,0,0,0,0,0,0,0,0,0,0,0,0,0,0,0,0,0,0,0,0,0,0,0,0,0,0,0,0,0,0,0,0,0,0,0,0,0
"344",344,"M00829","3,6-Dimethylsalicylyl-CoA biosynthesis, malonyl-CoA => 6-methylsalicylate => 3,6-dimethylsalicylyl-CoA",0,0,0,0,0,0,0,0,0,0,0,0,0,0,0,0,0,0,0,0,0,0,0,0,0,0,0,0,0,0,0,0,0,0,0,0,0,0,0,0,0,0,0,0,0,0,0,0,0,0,0,0,0,0,0,0,0,0,0,0,0,0,0,0,0
"345",345,"M00830","Neocarzinostatin naphthoate moiety biosynthesis, malonyl-CoA => 2-hydroxy-5-methyl-1-naphthoate => 2-hydroxy-7-methoxy-5-methyl-1-naphthoyl-CoA",0,0,0,0,0,0,0,0,0,0,0,0,0,0,0,0,0,0,0,0,0,0,0,0,0,0,0,0,0,0,0,0,0,0,0,0,0,0,0,0,0,0,0,0,0,0,250,0,0,0,0,0,0,0,0,0,0,0,0,0,0,0,0,0,0
"346",346,"M00831","Kedarcidin 2-hydroxynaphthoate moiety biosynthesis, malonyl-CoA => 3,6,8-trihydroxy-2-naphthoate => 3-hydroxy-7,8-dimethoxy-6-isopropoxy-2-naphthoyl-CoA",0,0,0,0,0,0,0,0,0,0,0,0,0,0,0,0,0,0,0,0,0,0,0,0,0,0,0,0,0,0,0,0,0,0,0,0,0,0,0,0,0,0,0,0,0,0,0,0,0,0,0,0,0,0,0,0,0,0,0,0,0,0,0,0,0
"347",347,"M00832","Kedarcidin 2-aza-3-chloro-beta-tyrosine moiety biosynthesis, azatyrosine => 2-aza-3-chloro-beta-tyrosyl-PCP",0,0,0,0,0,0,0,0,0,0,0,0,0,0,0,0,0,0,0,0,0,0,0,0,0,0,0,0,0,0,0,0,0,0,0,0,0,0,0,0,0,0,0,0,0,0,0,0,0,0,0,0,0,0,0,0,0,0,0,0,0,0,0,0,0
"348",348,"M00833","Calicheamicin biosynthesis, calicheamicinone => calicheamicin",0,0,0,0,0,0,0,0,0,0,0,0,0,0,0,0,0,0,0,0,0,0,0,0,0,0,0,0,0,0,0,0,0,0,0,0,0,0,0,0,0,0,0,0,0,0,0,0,0,0,0,0,0,0,0,0,0,0,0,0,0,0,0,0,0
"349",349,"M00834","Calicheamicin orsellinate moiety biosynthesis, malonyl-CoA => orsellinate-ACP => 5-iodo-2,3-dimethoxyorsellinate-ACP",0,0,0,0,0,0,0,0,0,0,0,0,0,0,0,0,0,0,0,0,0,0,0,0,0,0,0,0,0,0,0,0,0,0,0,0,0,0,0,0,0,0,0,0,0,0,0,0,0,0,0,0,0,0,0,0,0,0,0,0,0,0,0,0,0
"350",350,"M00835","Pyocyanine biosynthesis, chorismate => pyocyanine",857.142857142857,571.428571428571,142.857142857143,142.857142857143,0,142.857142857143,571.428571428571,857.142857142857,0,285.714285714286,0,0,857.142857142857,0,571.428571428571,0,285.714285714286,0,142.857142857143,857.142857142857,857.142857142857,0,0,0,285.714285714286,0,0,0,0,0,142.857142857143,0,0,142.857142857143,142.857142857143,0,0,0,0,0,142.857142857143,0,0,142.857142857143,0,142.857142857143,142.857142857143,0,0,0,0,0,857.142857142857,0,0,0,142.857142857143,0,142.857142857143,0,857.142857142857,0,142.857142857143,0,142.857142857143
"351",351,"M00836","Coenzyme F430 biosynthesis, sirohydrochlorin => coenzyme F430",0,0,0,0,0,0,0,0,0,0,0,0,0,0,0,0,0,0,0,0,0,0,0,0,0,0,0,0,0,0,0,0,0,0,0,0,0,0,0,0,0,0,0,0,0,0,0,0,0,0,0,0,0,0,0,0,0,0,0,0,0,0,0,0,0
"352",352,"M00837","Prodigiosin biosynthesis, L-proline => prodigiosin",0,0,0,0,0,0,0,0,0,0,0,0,0,0,0,0,0,0,90.9090909090909,0,0,0,0,0,0,0,0,0,0,0,0,0,0,0,0,0,0,0,0,0,0,0,0,0,0,0,90.9090909090909,0,0,0,0,0,0,0,0,0,0,0,0,0,0,0,2272.72727272727,0,0
"353",353,"M00838","Undecylprodigiosin biosynthesis, L-proline => undecylprodigiosin",0,0,0,0,0,0,0,0,0,0,0,0,0,0,0,0,0,0,90.9090909090909,0,0,0,0,0,0,0,0,0,0,0,0,0,0,0,0,0,0,0,0,0,0,0,0,0,0,0,90.9090909090909,0,0,0,0,0,0,0,0,0,0,0,0,0,0,0,2272.72727272727,0,0
"354",354,"M00840","Tetrahydrofolate biosynthesis, mediated by ribA and trpF, GTP => THF",2000,4000,1500,2500,1000,2500,1500,1000,0,2666.66666666667,666.666666666667,2000,1500,1500,1500,2000,1000,1500,2000,2000,1500,2500,2000,1500,2000,1500,1000,1500,666.666666666667,666.666666666667,3333.33333333333,666.666666666667,166.666666666667,1500,1500,1500,1500,1500,2000,666.666666666667,1500,1500,1000,3000,166.666666666667,1500,1500,1500,666.666666666667,1500,166.666666666667,1500,1333.33333333333,2500,1500,3000,666.666666666667,2000,2000,2000,2666.66666666667,1500,1500,1500,1500
"355",355,"M00841","Tetrahydrofolate biosynthesis, mediated by PTPS, GTP => THF",800,1600,1200,800,800,800,800,800,800,1800,800,800,800,1200,800,200,800,1200,800,800,1200,800,800,200,800,1200,800,800,800,800,800,0,0,800,1200,1200,200,1200,800,1200,800,800,1200,800,0,800,200,800,1200,200,0,1200,800,800,800,800,800,800,1200,1800,1800,1200,800,1200,800
"356",356,"M00842","Tetrahydrobiopterin biosynthesis, GTP => BH4",1333.33333333333,2666.66666666667,2000,333.333333333333,1333.33333333333,2000,1333.33333333333,333.333333333333,1333.33333333333,333.333333333333,333.333333333333,2000,1333.33333333333,2666.66666666667,1333.33333333333,333.333333333333,1333.33333333333,2000,333.333333333333,1333.33333333333,666.666666666667,2000,2000,2000,1333.33333333333,666.666666666667,2000,1333.33333333333,333.333333333333,2000,0,0,0,1333.33333333333,2000,2666.66666666667,0,2000,2000,1333.33333333333,0,333.333333333333,2000,333.333333333333,333.333333333333,1333.33333333333,0,1333.33333333333,666.666666666667,0,0,2000,333.333333333333,2000,333.333333333333,2000,1333.33333333333,0,2000,1333.33333333333,333.333333333333,2666.66666666667,1333.33333333333,2000,1333.33333333333
"357",357,"M00843","L-threo-Tetrahydrobiopterin biosynthesis, GTP => L-threo-BH4",1333.33333333333,2666.66666666667,2000,333.333333333333,1333.33333333333,2000,1333.33333333333,333.333333333333,1333.33333333333,333.333333333333,333.333333333333,2000,1333.33333333333,2666.66666666667,1333.33333333333,333.333333333333,1333.33333333333,2000,333.333333333333,1333.33333333333,666.666666666667,2000,2000,2000,1333.33333333333,666.666666666667,2000,1333.33333333333,333.333333333333,2000,0,0,0,1333.33333333333,2000,2666.66666666667,0,2000,2000,1333.33333333333,0,333.333333333333,2000,333.333333333333,333.333333333333,1333.33333333333,0,1333.33333333333,666.666666666667,0,0,2000,333.333333333333,2000,333.333333333333,2000,1333.33333333333,0,2000,1333.33333333333,333.333333333333,2666.66666666667,1333.33333333333,2000,1333.33333333333
"358",358,"M00844","Arginine biosynthesis, ornithine => arginine",3750,4500,2250,2250,3000,1000,3000,2250,0,3000,2250,1000,2250,3000,3000,0,2250,3000,1000,4500,2250,0,0,4000,2250,1000,0,2250,250,0,2250,0,0,2250,3000,1000,0,2250,0,0,2250,2250,1000,1500,0,2250,2250,0,3000,2250,0,3000,2250,250,3000,0,2250,2250,2250,500,4500,0,2250,2250,2250
"359",359,"M00845","Arginine biosynthesis, glutamate => acetylcitrulline => arginine",5714.28571428571,4571.42857142857,2285.71428571429,2285.71428571429,2285.71428571429,6000,2285.71428571429,5714.28571428571,0,5714.28571428571,5000,6000,4285.71428571429,10000,2285.71428571429,142.857142857143,2285.71428571429,7000,571.428571428571,6428.57142857143,2285.71428571429,142.857142857143,142.857142857143,2285.71428571429,2285.71428571429,3571.42857142857,0,2285.71428571429,2857.14285714286,142.857142857143,4285.71428571429,0,0,2285.71428571429,2857.14285714286,6857.14285714286,142.857142857143,6000,142.857142857143,142.857142857143,4285.71428571429,3571.42857142857,6857.14285714286,6428.57142857143,0,2285.71428571429,3571.42857142857,0,5714.28571428571,2285.71428571429,0,12000,5714.28571428571,142.857142857143,2857.14285714286,142.857142857143,2285.71428571429,4285.71428571429,2285.71428571429,3428.57142857143,5142.85714285714,285.714285714286,2285.71428571429,7000,2285.71428571429
"360",360,"M00846","Siroheme biosynthesis, glutamyl-tRNA => siroheme",6750,12375,6187.5,6000,8750,6750,6187.5,3750,1000,2187.5,562.5,7875,5062.5,7500,5000,2187.5,2500,7500,3937.5,9000,7312.5,62.5,5625,1000,6187.5,5062.5,2250,4500,250,62.5,3000,562.5,0,6187.5,10687.5,1875,2625,7875,6875,1562.5,3375,6750,6750,5062.5,0,6187.5,5500,2250,2187.5,3500,1250,7500,4500,6875,2625,1875,7500,1875,6187.5,6562.5,2250,2187.5,8125,7500,6187.5
"361",361,"M00847","Heme biosynthesis, archaea, siroheme => heme",0,0,0,0,0,0,0,0,0,0,0,0,0,0,0,0,0,0,0,0,0,0,0,0,0,0,0,0,0,0,0,0,0,0,0,0,0,0,0,0,0,0,0,0,0,0,0,0,0,0,0,0,0,0,0,0,0,0,0,0,0,0,0,0,0
"362",362,"M00848","Aurachin biosynthesis, anthranilate => aurachin A",90.9090909090909,181.818181818182,90.9090909090909,272.727272727273,181.818181818182,181.818181818182,90.9090909090909,90.9090909090909,90.9090909090909,90.9090909090909,90.9090909090909,181.818181818182,90.9090909090909,272.727272727273,272.727272727273,181.818181818182,181.818181818182,272.727272727273,0,363.636363636364,454.545454545455,363.636363636364,272.727272727273,363.636363636364,90.9090909090909,363.636363636364,90.9090909090909,181.818181818182,90.9090909090909,90.9090909090909,181.818181818182,0,90.9090909090909,181.818181818182,181.818181818182,90.9090909090909,90.9090909090909,272.727272727273,90.9090909090909,90.9090909090909,181.818181818182,90.9090909090909,181.818181818182,181.818181818182,0,90.9090909090909,727.272727272727,181.818181818182,181.818181818182,90.9090909090909,90.9090909090909,272.727272727273,0,181.818181818182,90.9090909090909,181.818181818182,90.9090909090909,181.818181818182,90.9090909090909,90.9090909090909,90.9090909090909,181.818181818182,90.9090909090909,363.636363636364,181.818181818182
"363",363,"M00849","C5 isoprenoid biosynthesis, mevalonate pathway, archaea",1066.66666666667,800,933.333333333333,933.333333333333,933.333333333333,533.333333333333,933.333333333333,933.333333333333,266.666666666667,1200,133.333333333333,133.333333333333,466.666666666667,5333.33333333333,666.666666666667,2333.33333333333,400,1200,800,3400,733.333333333333,800,1600,2133.33333333333,400,200,1333.33333333333,1200,66.6666666666667,400,400,2333.33333333333,266.666666666667,533.333333333333,933.333333333333,2333.33333333333,1333.33333333333,1400,1066.66666666667,1333.33333333333,266.666666666667,3066.66666666667,800,1066.66666666667,0,533.333333333333,1066.66666666667,2000,800,400,0,1800,1333.33333333333,800,466.666666666667,2000,800,466.666666666667,1066.66666666667,800,533.333333333333,1666.66666666667,666.666666666667,1400,533.333333333333
"364",364,"M00850","Vibrio cholerae pathogenicity signature, cholera toxins",0,0,142.857142857143,142.857142857143,0,0,428.571428571429,0,0,0,0,0,142.857142857143,142.857142857143,0,0,0,0,0,0,0,0,0,0,0,0,0,142.857142857143,0,0,0,0,0,0,0,0,0,0,0,142.857142857143,0,0,0,0,0,142.857142857143,0,0,0,0,0,0,0,0,0,0,0,0,142.857142857143,0,0,0,0,0,0
"365",365,"M00851","Carbapenem resistance",0,0,0,0,0,0,47.6190476190476,0,0,0,0,0,0,0,0,0,0,0,0,0,0,0,0,0,0,0,0,0,0,0,0,0,0,0,47.6190476190476,0,0,0,0,0,0,0,0,0,0,0,0,0,0,0,0,0,0,0,0,0,47.6190476190476,0,0,0,0,0,47.6190476190476,0,0
"366",366,"M00852","Vibrio cholerae pathogenicity signature, toxin coregulated pilus",0,0,0,0,0,0,0,0,0,0,0,0,0,0,0,0,0,0,0,0,0,0,0,0,0,0,0,0,0,0,0,0,0,0,0,0,0,0,0,0,0,0,0,0,0,0,0,0,0,0,0,0,0,0,0,0,0,0,0,0,0,0,0,0,0
"367",367,"M00853","ETEC pathogenicity signature, colonization factors",0,0,0,0,0,0,0,0,0,0,0,0,0,0,0,0,0,0,0,0,0,0,0,0,0,0,0,0,0,0,0,0,0,0,0,0,0,0,0,0,0,0,0,0,0,0,0,0,0,0,0,0,0,0,0,0,0,0,0,0,0,0,0,0,0
"368",368,"M00854","Glycogen biosynthesis, glucose-1P => glycogen/starch",76.9230769230769,1384.61538461538,76.9230769230769,1230.76923076923,153.846153846154,2307.69230769231,76.9230769230769,76.9230769230769,0,1230.76923076923,76.9230769230769,1230.76923076923,76.9230769230769,923.076923076923,76.9230769230769,307.692307692308,692.307692307692,76.9230769230769,230.769230769231,1538.46153846154,76.9230769230769,76.9230769230769,76.9230769230769,76.9230769230769,692.307692307692,307.692307692308,76.9230769230769,76.9230769230769,0,1153.84615384615,2153.84615384615,76.9230769230769,0,76.9230769230769,76.9230769230769,76.9230769230769,76.9230769230769,76.9230769230769,76.9230769230769,0,1230.76923076923,2692.30769230769,1153.84615384615,1153.84615384615,0,76.9230769230769,153.846153846154,0,76.9230769230769,1230.76923076923,692.307692307692,1615.38461538462,307.692307692308,76.9230769230769,230.769230769231,692.307692307692,76.9230769230769,1230.76923076923,76.9230769230769,923.076923076923,76.9230769230769,307.692307692308,76.9230769230769,76.9230769230769,76.9230769230769
"369",369,"M00855","Glycogen degradation, glycogen => glucose-6P",800,4000,600,2000,2000,400,3000,0,0,1200,100,100,400,1600,2500,0,2000,400,1500,3500,400,400,100,100,2000,400,100,400,0,900,900,0,0,400,1600,200,100,400,100,100,900,900,100,100,0,400,900,100,0,1600,1200,3000,400,100,0,100,2500,900,800,100,100,100,3000,400,400
"370",370,"M00856","Salmonella enterica pathogenicity signature, typhoid toxin",0,0,0,0,0,0,0,0,0,0,0,0,0,0,0,0,0,0,0,0,0,0,0,0,0,0,0,0,0,0,0,0,0,0,0,0,0,0,0,0,0,0,0,0,0,0,0,0,0,0,0,0,0,0,0,0,0,0,0,0,0,0,0,0,0
"371",371,"M00857","Salmonella enterica pathogenicity signature, Vi antigen",0,0,0,0,0,0,0,0,0,0,0,0,0,0,0,0,0,0,0,0,0,0,0,0,0,0,0,0,0,0,0,0,0,0,0,0,0,0,0,0,0,0,0,0,0,0,0,0,0,0,0,0,0,0,0,0,0,0,0,0,0,0,0,0,0
"372",372,"M00859","Bacillus anthracis pathogenicity signature, anthrax toxin",0,0,666.666666666667,0,0,0,0,333.333333333333,0,0,0,0,0,0,0,0,0,0,0,0,0,0,0,0,0,0,0,0,0,0,0,0,0,0,0,0,0,0,0,0,0,0,0,0,0,0,0,0,0,0,0,0,0,0,0,0,0,0,666.666666666667,0,0,0,0,0,0
"373",373,"M00860","Bacillus anthracis pathogenicity signature, polyglutamic acid capsule biosynthesis",0,285.714285714286,0,142.857142857143,0,0,0,0,0,0,0,0,0,0,571.428571428571,0,0,0,0,142.857142857143,0,0,142.857142857143,142.857142857143,142.857142857143,0,0,0,0,0,0,0,0,142.857142857143,0,0,0,0,0,0,0,0,285.714285714286,142.857142857143,142.857142857143,0,142.857142857143,0,142.857142857143,0,0,0,0,428.571428571429,142.857142857143,0,0,0,0,0,0,0,0,0,142.857142857143
"374",374,"M00861","beta-Oxidation, peroxisome, VLCFA",0,0,0,0,0,0,0,0,0,0,0,0,0,0,0,250,0,0,250,0,0,0,0,0,0,0,0,0,0,0,0,0,0,0,0,250,0,0,0,0,0,250,0,0,0,0,0,0,0,0,0,0,0,0,0,250,0,0,0,0,0,0,0,0,0
"375",375,"M00862","beta-Oxidation, peroxisome, tri/dihydroxycholestanoyl-CoA => choloyl/chenodeoxycholoyl-CoA",0,0,0,0,0,0,0,0,0,0,0,0,0,0,0,0,0,0,0,0,0,0,0,0,0,0,0,0,0,0,0,0,0,0,0,0,0,0,0,0,0,0,0,0,0,0,0,0,0,0,0,0,0,0,0,0,0,0,0,0,0,0,0,0,0
"376",376,"M00866","KDO2-lipid A biosynthesis, Raetz pathway, non-LpxL-LpxM type",8000,13090.9090909091,6545.45454545455,6545.45454545455,8000,6545.45454545455,6545.45454545455,0,7363.63636363636,5818.18181818182,6545.45454545455,5818.18181818182,7272.72727272727,6545.45454545455,6545.45454545455,5727.27272727273,6545.45454545455,6545.45454545455,0,6545.45454545455,6545.45454545455,5818.18181818182,6545.45454545455,9000,6545.45454545455,7272.72727272727,5818.18181818182,6545.45454545455,5818.18181818182,8727.27272727273,6545.45454545455,4454.54545454545,0,6545.45454545455,6545.45454545455,10181.8181818182,4454.54545454545,2272.72727272727,7272.72727272727,8000,6545.45454545455,90.9090909090909,5090.90909090909,6545.45454545455,0,7272.72727272727,8181.81818181818,5818.18181818182,7363.63636363636,5818.18181818182,4454.54545454545,6545.45454545455,0,5818.18181818182,0,8000,6545.45454545455,6545.45454545455,8000,5090.90909090909,8181.81818181818,8000,6545.45454545455,6545.45454545455,6545.45454545455
"377",377,"M00867","KDO2-lipid A modification pathway",166.666666666667,0,166.666666666667,666.666666666667,0,0,166.666666666667,0,333.333333333333,333.333333333333,0,0,166.666666666667,166.666666666667,333.333333333333,0,166.666666666667,0,0,166.666666666667,166.666666666667,0,0,0,0,0,0,166.666666666667,166.666666666667,0,166.666666666667,0,0,0,0,0,0,0,0,0,0,0,0,0,0,166.666666666667,0,0,0,166.666666666667,0,166.666666666667,0,0,0,166.666666666667,166.666666666667,0,0,0,0,0,166.666666666667,0,0
"378",378,"M00868","Heme biosynthesis, animals and fungi, glycine => heme",4500,9000,4500,3125,4500,4500,4500,6125,6125,5250,9000,4500,4500,4500,3125,7500,3750,4500,6000,4500,4500,125,5250,3125,4500,4500,4500,3125,3125,125,6125,6125,0,4500,3125,6000,4500,1125,5250,3125,6125,6000,4500,4500,0,4500,3125,4500,8750,4500,5250,5250,7875,5250,6125,5250,4500,4500,5250,9000,7000,5250,4500,4500,4500
"379",379,"M00872","O-glycan biosynthesis, mannose type (core M3)",0,0,0,0,0,200,0,0,0,0,0,0,0,0,0,0,0,0,0,0,0,0,100,0,0,0,0,0,0,0,0,0,0,0,0,0,0,0,0,0,0,100,0,0,0,0,0,0,0,0,0,0,0,0,0,0,0,0,0,0,0,0,0,0,0
"380",380,"M00873","Fatty acid biosynthesis in mitochondria, animals",750,2000,500,1000,1250,1500,500,500,500,1000,750,750,750,1000,1000,750,500,750,125,1250,500,500,500,500,1250,750,1000,500,125,500,500,500,500,500,750,750,125,1000,500,1250,750,500,500,250,0,500,1250,1000,750,500,500,1000,750,750,500,750,500,750,500,500,1250,500,500,750,500
"381",381,"M00874","Fatty acid biosynthesis in mitochondria, fungi",3428.57142857143,6000,3428.57142857143,4714.28571428571,4285.71428571429,3428.57142857143,3428.57142857143,5571.42857142857,1285.71428571429,6000,2142.85714285714,4285.71428571429,3000,5571.42857142857,3857.14285714286,1714.28571428571,2571.42857142857,3428.57142857143,2000,15000,7285.71428571429,2142.85714285714,2571.42857142857,2571.42857142857,3428.57142857143,2571.42857142857,3000,1714.28571428571,857.142857142857,2142.85714285714,2571.42857142857,1714.28571428571,1714.28571428571,1285.71428571429,3428.57142857143,2142.85714285714,1142.85714285714,3000,1285.71428571429,2571.42857142857,3428.57142857143,8571.42857142857,1285.71428571429,1714.28571428571,0,3000,5571.42857142857,2571.42857142857,6857.14285714286,1285.71428571429,1714.28571428571,6428.57142857143,5571.42857142857,2571.42857142857,2142.85714285714,3000,3000,3428.57142857143,3428.57142857143,2571.42857142857,7285.71428571429,2142.85714285714,3000,3428.57142857143,1285.71428571429
"382",382,"M00875","Staphyloferrin B biosynthesis, L-serine => staphyloferrin B",0,0,0,0,0,0,0,0,0,0,0,0,0,142.857142857143,0,0,0,0,0,0,0,0,0,0,0,0,0,0,0,0,0,0,0,142.857142857143,0,0,0,0,0,0,0,0,0,0,0,0,0,0,0,142.857142857143,0,0,0,0,0,0,0,0,0,0,0,0,142.857142857143,0,142.857142857143
"383",383,"M00876","Staphyloferrin A biosynthesis, L-ornithine => staphyloferrin A",0,0,0,0,0,0,0,0,0,0,0,0,0,0,0,0,0,0,0,0,0,0,0,0,0,0,0,0,0,0,0,0,0,0,0,0,0,0,0,0,0,0,0,0,0,0,0,0,0,0,0,0,0,0,0,0,0,0,0,0,0,0,0,0,0
"384",384,"M00877","Kanosamine biosynthesis, glucose 6-phosphate => kanosamine",0,0,0,0,0,0,0,0,0,0,0,0,0,0,0,0,0,333.333333333333,0,0,0,0,0,0,0,0,0,0,0,0,0,0,0,0,0,0,0,333.333333333333,0,0,0,0,0,0,0,0,0,0,0,0,0,0,0,0,0,0,0,0,0,0,0,0,0,333.333333333333,0
"385",385,"M00878","Phenylacetate degradation, phenylaxetate => acetyl-CoA/succinyl-CoA",2909.09090909091,3272.72727272727,10636.3636363636,12727.2727272727,11818.1818181818,2909.09090909091,13636.3636363636,8181.81818181818,0,10909.0909090909,181.818181818182,2545.45454545455,2909.09090909091,19000,12727.2727272727,90.9090909090909,2545.45454545455,272.727272727273,727.272727272727,28181.8181818182,22909.0909090909,5090.90909090909,9000,90.9090909090909,1636.36363636364,0,0,181.818181818182,181.818181818182,7272.72727272727,1818.18181818182,0,0,727.272727272727,11818.1818181818,545.454545454545,0,181.818181818182,818.181818181818,0,818.181818181818,28181.8181818182,1090.90909090909,1454.54545454545,0,3636.36363636364,727.272727272727,0,2545.45454545455,90.9090909090909,0,1636.36363636364,6818.18181818182,10181.8181818182,1909.09090909091,363.636363636364,11818.1818181818,2545.45454545455,10636.3636363636,1090.90909090909,1818.18181818182,1090.90909090909,11818.1818181818,272.727272727273,727.272727272727
"386",386,"M00879","Arginine succinyltransferase pathway, arginine => glutamate",0,0,6000,0,400,0,800,0,0,0,1800,0,0,6000,800,0,0,6000,0,0,0,0,0,800,0,400,0,0,1800,0,0,0,0,200,400,0,1800,7000,0,1800,0,0,0,0,0,0,800,0,0,3200,0,7000,0,0,800,0,400,0,6000,3000,0,0,400,6000,200
"387",387,"M00880","Molybdenum cofactor biosynthesis, GTP => molybdenum cofactor",3333.33333333333,6666.66666666667,4666.66666666667,3888.88888888889,3333.33333333333,2777.77777777778,3333.33333333333,3333.33333333333,0,2777.77777777778,0,2777.77777777778,3333.33333333333,4666.66666666667,3333.33333333333,0,1000,4666.66666666667,3333.33333333333,4444.44444444444,3333.33333333333,0,3333.33333333333,111.111111111111,3333.33333333333,0,0,3333.33333333333,0,0,2777.77777777778,0,0,3333.33333333333,4444.44444444444,0,0,1333.33333333333,0,0,2777.77777777778,2666.66666666667,0,1000,0,3333.33333333333,1777.77777777778,0,3333.33333333333,5444.44444444444,0,2777.77777777778,2222.22222222222,0,2777.77777777778,0,2777.77777777778,2777.77777777778,4666.66666666667,1000,3333.33333333333,0,3333.33333333333,8000,4444.44444444444
"388",388,"M00881","Lipoic acid biosynthesis, plants and bacteria, octanoyl-ACP => dihydrolipoyl-E2/H",2000,4000,2000,2000,2000,2000,2000,3000,2000,2000,2000,2000,2000,2000,2000,2000,2000,2000,0,2000,2000,2000,2000,3000,2000,2000,1000,2000,500,2000,2000,2000,2000,2000,3000,2000,2000,2000,2000,3000,2000,2000,2000,1000,0,2000,2000,2000,2000,2000,500,2000,2000,2000,2000,2000,2000,2000,3000,500,2000,2000,2000,2000,2000
"389",389,"M00882","Lipoic acid biosynthesis, eukaryotes, octanoyl-ACP => dihydrolipoyl-H",500,1000,500,500,500,500,500,500,500,500,500,500,500,500,500,500,500,500,0,500,500,500,500,500,500,500,1000,500,0,500,500,500,500,500,1000,500,500,500,500,1000,500,500,500,0,0,500,500,500,500,500,500,500,500,500,500,500,500,500,1000,0,500,500,500,500,500
"390",390,"M00883","Lipoic acid biosynthesis, animals and bacteria, octanoyl-ACP => dihydrolipoyl-H => dihydrolipoyl-E2",200,400,200,200,200,200,200,200,200,200,200,200,200,200,200,200,200,200,0,200,200,200,200,200,200,200,400,200,0,200,200,200,200,200,400,200,200,200,200,400,200,200,200,0,0,200,200,200,200,200,200,200,200,200,200,200,200,200,400,0,200,200,200,200,200
"391",391,"M00884","Lipoic acid biosynthesis, octanoyl-CoA => dihydrolipoyl-E2",500,1000,500,500,500,500,500,500,500,500,500,500,500,500,500,500,500,500,0,500,500,500,500,500,500,500,1000,500,0,500,500,500,500,500,1000,500,500,500,500,1000,500,500,500,0,0,500,500,500,500,500,500,500,500,500,500,500,500,500,1000,0,500,500,500,500,500
"392",392,"M00885","Meromycolic acid biosynthesis, initiation and elongation FAS II (KasA)",363.636363636364,727.272727272727,363.636363636364,909.090909090909,727.272727272727,545.454545454545,363.636363636364,363.636363636364,363.636363636364,1090.90909090909,545.454545454545,545.454545454545,363.636363636364,727.272727272727,1363.63636363636,545.454545454545,545.454545454545,727.272727272727,363.636363636364,1636.36363636364,1090.90909090909,909.090909090909,727.272727272727,909.090909090909,363.636363636364,909.090909090909,363.636363636364,545.454545454545,363.636363636364,363.636363636364,545.454545454545,90.9090909090909,363.636363636364,545.454545454545,545.454545454545,363.636363636364,363.636363636364,727.272727272727,363.636363636364,363.636363636364,727.272727272727,6545.45454545455,545.454545454545,181.818181818182,0,363.636363636364,727.272727272727,545.454545454545,545.454545454545,363.636363636364,363.636363636364,727.272727272727,181.818181818182,545.454545454545,363.636363636364,545.454545454545,363.636363636364,727.272727272727,363.636363636364,363.636363636364,363.636363636364,545.454545454545,363.636363636364,909.090909090909,545.454545454545
"393",393,"M00886","Meromycolic acid biosynthesis, initiation and elongation FAS II (KasA and KasB)",250,500,250,625,500,375,250,250,250,750,375,375,250,500,937.5,375,375,500,250,1125,750,625,500,625,250,625,250,375,250,250,375,62.5,250,375,375,250,250,500,250,250,500,6875,375,125,0,250,500,375,375,250,250,500,125,375,250,375,250,500,250,250,250,375,250,625,375
"394",394,"M00887","Mycolic acid biosynthesis, meromycolic acid + alpha-carboxyacyl-CoA + trehalose => TMM => TDM/mAGP/GMM",0,0,0,0,0,0,0,0,0,250,0,0,0,0,125,0,0,0,500,125,0,0,0,0,0,0,0,0,0,0,0,0,0,0,0,0,0,0,0,0,0,6500,0,0,0,0,0,0,0,0,0,0,0,0,0,0,0,0,0,0,0,0,0,0,0
"395",395,"M00888","Galactofuranan biosynthesis, decaprenyl phosphate + UDP-GlcNAc (+ dTDP-Rha/UDP-Galf) => GL-5",500,0,250,250,1000,0,250,0,0,0,0,0,250,0,250,0,0,0,1500,250,0,0,250,0,0,0,250,0,0,0,0,250,0,0,250,0,0,0,0,0,250,5000,0,0,0,250,0,0,250,250,0,250,0,250,0,0,250,0,250,0,250,0,250,0,0
"396",396,"M00889","Puromycin biosynthesis, ATP => puromycin",0,0,0,0,0,0,0,0,0,0,0,0,0,0,0,0,0,0,0,0,0,0,0,0,0,0,0,0,0,0,0,0,0,0,0,0,0,0,0,0,0,0,0,0,0,0,0,0,0,0,0,0,0,0,0,0,0,0,0,0,0,0,0,0,0
"397",397,"M00890","Roseoflavin biosynthesis, FMN => roseoflavin",0,0,0,0,0,0,0,0,0,0,0,0,0,0,0,0,0,0,0,0,0,0,0,0,0,0,0,0,0,0,0,0,0,0,0,0,0,0,0,0,0,0,0,0,0,0,0,0,0,0,0,0,0,0,0,0,0,0,0,0,0,0,0,0,0
"398",398,"M00891","Ditryptophenaline biosynthesis, tryptophan + phenylalanine => ditryptophenaline",0,0,0,0,0,0,0,0,0,0,0,0,0,0,0,0,0,0,0,0,0,0,0,0,0,0,0,0,0,0,0,0,0,0,0,0,0,0,0,0,0,0,0,0,0,0,0,0,0,0,0,0,0,0,0,0,0,0,0,0,0,0,0,0,0
"399",399,"M00892","UDP-N-acetyl-D-glucosamine biosynthesis, eukaryotes, glucose => UDP-GlcNAc",1125,3000,2250,2250,1500,2625,2250,1125,125,2250,500,1875,1125,1125,3750,500,1500,1125,2625,1125,1125,125,125,500,1500,750,125,1875,500,1500,1125,500,500,2250,3000,500,500,1500,500,500,1500,2250,2625,3000,0,750,1875,750,1875,1125,2000,1125,1875,500,1125,500,2625,1500,2250,1875,1500,750,2250,1125,2250
"400",400,"M00893","Lovastatin biosynthesis, malonyl-CoA => lovastatin acid",0,0,0,0,0,0,0,0,0,0,0,0,0,0,0,0,0,0,0,0,0,0,0,0,0,0,0,0,0,0,0,0,0,0,0,0,0,0,0,0,0,0,0,0,0,0,0,0,0,0,0,0,0,0,0,0,0,0,0,0,0,0,0,0,0
"401",401,"M00894","Cannabidiol biosynthesis, malonyl-CoA => cannabidiol/dronabinol",0,0,0,0,0,0,0,0,0,0,0,0,0,0,0,0,0,0,0,0,0,0,0,0,0,0,0,0,0,0,0,0,0,0,0,0,0,0,0,0,0,0,0,0,0,0,0,0,0,0,0,0,0,0,0,0,0,0,0,0,0,0,0,0,0
"402",402,"M00895","Thiamine biosynthesis, prokaryotes, AIR (+ DXP/glycine) => TMP/TPP",7000,9600,4800,4200,4200,400,4200,4800,100,6000,4200,4200,6300,6400,4200,100,4800,6400,200,6300,6300,100,5400,400,4800,4200,100,4200,2000,100,1200,0,900,4200,4200,100,0,4900,4200,100,600,5600,900,0,0,4800,2500,0,1500,5600,0,6400,5400,4200,3000,100,4200,600,4800,900,6300,100,4200,6400,4200
"403",403,"M00896","Thiamine biosynthesis, archaea, AIR (+ NAD+) => TMP/TPP",3428.57142857143,3428.57142857143,2857.14285714286,1714.28571428571,1714.28571428571,571.428571428571,1714.28571428571,2142.85714285714,142.857142857143,2571.42857142857,2285.71428571429,2857.14285714286,2857.14285714286,2285.71428571429,1714.28571428571,142.857142857143,1714.28571428571,2285.71428571429,285.714285714286,2857.14285714286,2857.14285714286,142.857142857143,4000,142.857142857143,1714.28571428571,2285.71428571429,142.857142857143,2857.14285714286,1714.28571428571,142.857142857143,857.142857142857,0,1285.71428571429,2857.14285714286,1714.28571428571,142.857142857143,0,2285.71428571429,2857.14285714286,142.857142857143,285.714285714286,2857.14285714286,1285.71428571429,0,0,1714.28571428571,1285.71428571429,0,2142.85714285714,1285.71428571429,0,2285.71428571429,2142.85714285714,2857.14285714286,2857.14285714286,142.857142857143,1714.28571428571,285.714285714286,2857.14285714286,1285.71428571429,3428.57142857143,142.857142857143,1714.28571428571,2285.71428571429,2857.14285714286
"404",404,"M00897","Thiamine biosynthesis, plants, AIR (+ NAD+) => TMP/thiamine/TPP",200,1600,200,800,800,200,800,200,200,1200,200,800,200,200,800,200,800,200,400,200,200,200,200,200,800,200,200,800,400,0,800,200,0,200,800,200,0,200,800,0,200,200,200,200,0,800,200,200,0,200,0,200,800,200,200,200,800,200,200,200,200,200,800,200,200
"405",405,"M00898","Thiamine biosynthesis, pyridoxal-5P => TMP/thiamine/TPP",0,0,0,0,0,200,0,200,200,200,0,200,0,0,0,200,0,0,0,0,0,200,0,200,0,0,200,200,0,0,200,200,0,0,0,200,0,0,200,0,200,0,200,200,0,0,0,200,0,0,0,0,200,0,0,200,0,200,0,0,0,200,0,0,0
"406",406,"M00899","Thiamine salvage pathway, HMP/HET => TMP",1200,2400,1200,1200,1200,200,1200,1600,200,1600,800,1200,1200,800,1200,0,1200,800,3000,1200,1200,0,1600,0,1200,800,200,1200,200,0,400,0,1800,1200,1200,0,0,800,1200,0,400,2400,800,0,0,1200,200,0,1200,200,0,800,1600,1200,1200,0,1200,400,1200,800,3000,0,1200,800,1200
"407",407,"M00900","Crocin biosynthesis, crocetin => crocin",0,0,0,0,0,0,0,0,0,0,0,0,0,0,0,0,0,0,0,0,0,0,0,0,0,0,0,0,0,0,0,0,0,0,0,0,0,0,0,0,0,0,0,0,0,0,0,0,0,0,0,0,0,0,0,0,0,0,0,0,0,0,0,0,0
"408",408,"M00901","Fumiquinazoline biosynthesis, tryptophan + alanine + anthranilate => fumiquinazoline",0,0,0,0,0,0,0,0,0,0,0,0,0,0,0,0,0,0,0,0,0,0,0,0,0,0,0,0,0,0,0,0,0,0,0,0,0,0,0,0,0,0,0,0,0,0,0,0,0,0,0,0,0,0,0,0,0,0,0,0,0,0,0,0,0
"409",409,"M00902","Podophyllotoxin biosynthesis, coniferyl alcohol => podophyllotoxin",0,0,0,0,0,0,0,0,0,0,0,0,0,0,0,0,0,0,0,0,0,0,0,0,0,0,0,0,0,0,0,0,0,0,0,0,0,0,0,0,0,0,0,0,0,0,0,0,0,0,0,0,0,0,0,0,0,0,0,0,0,0,0,0,0
"410",410,"M00903","Fosfomycin biosynthesis, phosphoenolpyruvate => fosfomycin",0,0,0,0,0,0,0,0,0,0,0,0,0,0,0,0,0,0,0,0,0,0,0,0,0,0,333.333333333333,0,0,0,0,0,0,0,0,0,0,0,0,0,0,0,0,0,0,0,166.666666666667,0,0,0,0,0,0,0,0,0,0,0,0,0,0,0,0,0,0
"411",411,"M00904","Dapdiamides biosynthesis, L-2,3-diaminopropanoate => dapdiamide A/B/C",0,0,0,0,0,0,0,0,0,0,0,0,0,0,0,0,0,0,0,0,0,0,0,0,0,0,0,0,0,0,0,0,0,0,0,0,0,0,0,0,0,0,0,0,0,0,0,0,0,0,0,0,0,0,0,0,0,0,0,0,0,0,0,0,0
"412",412,"M00905","Grixazone biosynthesis, aspartate 4-semialdehyde => grixazone B",0,666.666666666667,0,0,0,0,0,0,0,0,0,0,0,0,0,0,0,0,0,0,0,0,0,0,333.333333333333,0,0,0,0,0,0,0,0,0,0,0,0,0,0,0,0,0,0,0,0,0,0,0,0,0,0,0,0,0,0,0,0,0,0,0,0,0,0,0,0
"413",413,"M00906","Ethynylserine biosynthesis, lysine => ethynylserine",0,0,0,0,0,0,0,0,0,0,0,0,0,0,0,0,0,0,0,0,0,0,0,0,0,0,0,0,0,0,0,0,0,0,0,0,0,0,0,0,0,0,0,0,0,0,0,0,0,0,0,0,0,0,0,0,0,0,0,0,0,0,0,0,0
"414",414,"M00909","UDP-N-acetyl-D-glucosamine biosynthesis, prokaryotes, glucose => UDP-GlcNAc",3125,7500,5000,6750,3750,2625,5000,4500,500,5000,3750,1875,3125,3125,7500,1125,3750,3125,5625,3125,2500,500,500,2000,3750,3750,1125,4375,3125,1500,3125,2500,2000,5000,6875,500,2000,3750,500,2000,3750,6750,2625,3000,125,2500,4375,2500,6750,3125,1125,3125,6750,1125,3125,500,5625,3750,5000,3000,5250,750,5000,3125,5000
"415",415,"M00910","Phenylalanine biosynthesis, chorismate => arogenate => phenylalanine",0,0,0,0,0,0,0,0,0,0,0,0,0,0,0,0,0,0,0,0,0,0,0,0,0,0,0,0,0,0,0,0,0,0,0,0,0,0,0,0,0,0,0,0,0,0,0,0,0,0,0,0,0,0,0,0,0,0,0,0,0,0,0,0,0
"416",416,"M00911","Riboflavin biosynthesis, fungi, GTP => riboflavin/FMN/FAD",750,1000,1125,1125,750,500,2000,1500,0,500,500,500,750,1125,750,125,500,1125,1125,750,750,500,500,500,500,1125,500,500,500,0,2500,0,0,2000,750,500,0,1125,500,500,1125,750,125,500,0,500,500,750,750,750,0,1500,1000,500,500,500,500,2000,1125,125,1500,500,750,1125,2000
"417",417,"M00912","NAD biosynthesis, tryptophan => quinolinate => NAD",4846.15384615385,8615.38461538462,3230.76923076923,5538.46153846154,4923.07692307692,1230.76923076923,4923.07692307692,2153.84615384615,307.692307692308,4307.69230769231,923.076923076923,1230.76923076923,6153.84615384615,3692.30769230769,4923.07692307692,5384.61538461538,4307.69230769231,692.307692307692,3076.92307692308,7384.61538461538,6153.84615384615,4307.69230769231,4846.15384615385,1923.07692307692,4307.69230769231,2769.23076923077,1230.76923076923,1923.07692307692,692.307692307692,3769.23076923077,1923.07692307692,307.692307692308,0,4307.69230769231,4923.07692307692,3230.76923076923,0,923.076923076923,3769.23076923077,307.692307692308,1923.07692307692,3769.23076923077,2692.30769230769,2307.69230769231,0,1923.07692307692,1230.76923076923,692.307692307692,5923.07692307692,1230.76923076923,461.538461538462,4307.69230769231,1384.61538461538,4307.69230769231,692.307692307692,3769.23076923077,4923.07692307692,1923.07692307692,2769.23076923077,461.538461538462,2307.69230769231,3769.23076923077,4923.07692307692,692.307692307692,4307.69230769231
"418",418,"M00913","Pantothenate biosynthesis, 2-oxoisovalerate/spermine => pantothenate",7200,8000,2400,1800,4800,3600,5600,6400,0,6600,1200,3000,7200,7200,5600,1200,1800,2400,4800,17600,4800,3000,3600,1800,4000,1200,2400,3200,200,3000,4800,0,200,2400,1800,3600,0,1800,1800,3600,11200,6000,4000,3000,0,3200,6400,800,4800,2400,0,7200,8000,3000,4200,3600,4000,8000,3000,800,3600,3000,4000,2400,2400
"419",419,"M00914","Coenzyme A biosynthesis, archaea, 2-oxoisovalerate => 4-phosphopantoate => CoA",2142.85714285714,2571.42857142857,571.428571428571,1285.71428571429,2142.85714285714,571.428571428571,2142.85714285714,3000,0,1142.85714285714,571.428571428571,571.428571428571,2142.85714285714,3000,1714.28571428571,142.857142857143,571.428571428571,857.142857142857,1714.28571428571,3000,1285.71428571429,571.428571428571,571.428571428571,571.428571428571,1285.71428571429,142.857142857143,857.142857142857,1285.71428571429,571.428571428571,571.428571428571,1285.71428571429,0,0,571.428571428571,1285.71428571429,571.428571428571,0,571.428571428571,571.428571428571,571.428571428571,2571.42857142857,571.428571428571,1285.71428571429,571.428571428571,0,1285.71428571429,1714.28571428571,571.428571428571,2142.85714285714,1714.28571428571,0,1714.28571428571,3428.57142857143,571.428571428571,571.428571428571,571.428571428571,1714.28571428571,1285.71428571429,571.428571428571,857.142857142857,571.428571428571,571.428571428571,1714.28571428571,857.142857142857,571.428571428571
"420",420,"M00915","Caffeine degradation, caffeine => xanthine",0,0,0,0,0,0,0,0,0,0,0,0,0,0,0,0,0,0,0,0,0,0,0,0,0,0,0,0,0,0,0,0,0,0,0,0,0,0,0,0,0,0,0,0,0,0,0,0,0,0,0,333.333333333333,0,0,0,0,0,0,0,0,0,0,0,0,0
"421",421,"M00916","Pyridoxal-P biosynthesis, R5P + glyceraldehyde-3P + glutamine => pyridoxal-P",0,0,0,0,0,0,0,0,0,0,0,0,0,0,0,0,0,0,500,0,0,0,0,0,0,0,0,0,0,0,0,0,0,0,0,0,0,0,0,0,0,2000,0,0,0,0,0,0,0,0,0,0,0,0,0,0,0,0,0,0,0,0,0,0,0
"422",422,"M00917","Phytosterol biosynthesis, squalene 2,3-epoxide => campesterol/sitosterol",0,0,0,0,0,0,0,0,0,0,0,0,0,76.9230769230769,0,0,0,0,0,0,0,0,76.9230769230769,0,0,76.9230769230769,0,0,0,0,0,0,0,0,0,0,0,0,0,76.9230769230769,0,76.9230769230769,0,0,0,0,0,0,0,0,0,0,0,76.9230769230769,0,0,0,0,0,0,0,0,76.9230769230769,0,0
"423",423,"M00918","Aerobactin biosynthesis, lysine => aerobactin",0,0,0,250,0,0,0,0,0,1000,0,0,0,250,0,0,0,250,0,250,0,0,0,0,0,0,0,0,0,0,0,0,0,250,250,0,0,0,0,0,0,0,0,0,0,0,0,0,0,0,0,250,0,0,0,0,0,0,0,0,0,0,0,0,250
"424",424,"M00919","Ectoine degradation, ectoine => aspartate",0,0,0,0,0,0,0,250,0,5000,0,0,0,0,0,0,0,0,0,0,0,0,0,0,0,0,0,0,0,0,2250,0,0,0,0,0,0,0,0,0,0,0,0,0,0,0,0,0,250,0,0,0,250,0,0,0,0,0,0,0,250,0,0,0,0
"425",425,"M00921","Cyclooctatin biosynthesis, dimethylallyl-PP + isopentenyl-PP => cyclooctatin",0,0,0,0,0,0,0,0,0,0,0,0,0,0,0,0,0,0,500,0,0,0,0,0,0,0,0,0,0,0,0,0,0,0,0,0,0,0,0,0,0,250,0,0,250,0,0,0,0,0,0,0,0,0,0,0,0,0,0,0,0,0,0,0,0
"426",426,"M00922","CMP-Neu5Ac biosynthesis, UDP-GlcNAc => CMP-Neu5Ac",1333.33333333333,0,0,0,0,2000,0,333.333333333333,333.333333333333,333.333333333333,333.333333333333,333.333333333333,333.333333333333,2666.66666666667,0,0,0,0,0,0,333.333333333333,333.333333333333,0,1333.33333333333,0,0,0,333.333333333333,0,333.333333333333,0,0,0,1333.33333333333,333.333333333333,333.333333333333,1333.33333333333,0,1333.33333333333,2000,0,0,0,333.333333333333,0,0,2000,0,333.333333333333,333.333333333333,0,0,333.333333333333,333.333333333333,0,0,0,0,0,1333.33333333333,0,2000,666.666666666667,1333.33333333333,1333.33333333333
"427",427,"M00923","UDP-L-FucNAm biosynthesis, UDP-GlcNAc => UDP-L-FucNAm",250,0,0,0,0,250,0,250,250,0,0,0,0,250,0,0,0,0,0,0,0,250,0,250,0,0,0,0,250,0,0,0,0,250,0,0,0,0,250,0,0,0,0,0,0,0,1000,0,0,0,0,250,250,250,0,0,0,0,0,0,0,250,0,0,250
"428",428,"M00924","Cobalamin biosynthesis, anaerobic, uroporphyrinogen III => sirohydrochlorin => cobyrinate a,c-diamide",409.090909090909,818.181818181818,545.454545454545,2227.27272727273,681.818181818182,681.818181818182,545.454545454545,7636.36363636364,0,7636.36363636364,0,681.818181818182,409.090909090909,9545.45454545454,545.454545454545,0,409.090909090909,7090.90909090909,45.4545454545455,545.454545454545,409.090909090909,0,409.090909090909,0,409.090909090909,45.4545454545455,0,181.818181818182,0,0,7636.36363636364,0,0,409.090909090909,1454.54545454545,0,0,3181.81818181818,727.272727272727,0,6500,4545.45454545455,681.818181818182,409.090909090909,0,5454.54545454545,545.454545454545,0,8000,45.4545454545455,0,9545.45454545454,8727.27272727273,727.272727272727,181.818181818182,0,8863.63636363636,181.818181818182,545.454545454545,45.4545454545455,5500,0,10045.4545454545,545.454545454545,409.090909090909
"429",429,"M00925","Cobalamin biosynthesis, aerobic, uroporphyrinogen III => precorrin 2 => cobyrinate a,c-diamide",529.411764705882,470.588235294118,705.882352941176,2117.64705882353,176.470588235294,470.588235294118,705.882352941176,12352.9411764706,0,10705.8823529412,352.941176470588,470.588235294118,529.411764705882,12352.9411764706,352.941176470588,0,235.294117647059,9176.4705882353,58.8235294117647,2352.94117647059,941.176470588235,0,235.294117647059,0,235.294117647059,0,0,58.8235294117647,352.941176470588,0,12352.9411764706,0,0,235.294117647059,1235.29411764706,0,0,4705.88235294118,235.294117647059,0,10705.8823529412,9941.17647058824,470.588235294118,235.294117647059,0,8411.76470588235,352.941176470588,0,18823.5294117647,58.8235294117647,0,12352.9411764706,15647.0588235294,235.294117647059,529.411764705882,0,5294.11764705882,705.882352941176,705.882352941176,0,12352.9411764706,0,5823.52941176471,352.941176470588,235.294117647059
"430",430,"M00926","Heme biosynthesis, bacteria, glutamyl-tRNA => coproporphyrin III => heme",4900,12600,5600,4200,6300,7200,5600,4800,3600,3000,4200,8800,4900,5600,4200,7000,5400,5600,9900,9100,7700,100,7200,4900,6300,4900,4900,4200,1600,100,3600,2500,0,4900,6000,6300,5600,3500,7200,3600,4200,10800,7200,6400,0,5600,8000,4900,3000,5600,5600,5600,6000,7200,4200,5600,5600,3000,6300,11200,3600,6300,5600,5600,4900
"431",431,"M00927","Gibberellin A12 biosynthesis, GAPP => GA12",0,0,0,0,0,0,0,0,0,0,0,0,0,0,0,0,0,0,0,0,0,0,0,0,0,0,0,0,0,0,0,0,0,0,0,0,0,0,0,0,0,0,0,0,0,0,0,0,0,0,0,0,0,0,0,0,0,0,0,0,0,0,0,0,0
"432",432,"M00928","Gibberellin A4/A1 biosynthesis, GA12/GA53 => GA4/GA1",0,0,0,0,0,0,0,0,0,0,0,0,0,0,0,0,0,0,0,0,0,0,0,0,0,0,0,0,0,0,0,0,0,0,0,0,0,0,0,0,0,0,0,0,0,0,0,0,0,0,0,0,0,0,0,0,0,0,0,0,0,0,0,0,0
"433",433,"M00929","Gibberellin A1 biosynthesis, GGPP => GA1",0,0,0,0,0,0,0,0,0,0,0,0,0,0,0,0,0,0,0,0,0,0,0,0,0,0,0,0,0,0,0,0,0,0,0,0,0,0,0,0,0,0,0,0,0,0,0,0,0,0,0,0,0,0,0,0,0,0,0,0,0,0,0,0,0
"434",434,"M00930","Menaquinone biosynthesis, futalosine pathway",0,0,0,0,0,0,0,0,0,0,0,0,0,0,0,0,0,0,285.714285714286,0,0,0,5142.85714285714,0,0,0,0,0,0,5142.85714285714,0,0,0,0,0,0,0,0,0,0,0,0,3571.42857142857,5142.85714285714,0,0,3571.42857142857,0,142.857142857143,0,0,0,0,0,0,0,0,0,0,0,0,0,0,0,0
"435",435,"M00931","Menaquinone biosynthesis, modified futalosine pathway",0,0,0,0,0,0,0,0,0,0,0,0,0,0,0,0,0,0,0,0,0,0,3200,0,0,0,0,0,0,3200,0,0,0,0,0,0,0,0,0,0,0,0,1800,3200,0,0,3200,0,0,0,0,0,0,0,0,0,0,0,0,0,0,0,0,0,0
"436",436,"M00932","Phylloquinone biosynthesis, chorismate (+ phytyl-PP) => phylloquinol",76.9230769230769,153.846153846154,76.9230769230769,0,0,1923.07692307692,307.692307692308,0,0,76.9230769230769,0,1923.07692307692,76.9230769230769,76.9230769230769,76.9230769230769,1538.46153846154,0,76.9230769230769,4615.38461538462,692.307692307692,307.692307692308,1923.07692307692,76.9230769230769,2769.23076923077,76.9230769230769,0,0,76.9230769230769,0,0,76.9230769230769,0,0,0,0,2692.30769230769,0,76.9230769230769,1923.07692307692,0,0,3461.53846153846,76.9230769230769,76.9230769230769,0,0,76.9230769230769,76.9230769230769,0,0,3769.23076923077,76.9230769230769,0,1923.07692307692,307.692307692308,1923.07692307692,0,76.9230769230769,76.9230769230769,0,0,2307.69230769231,0,76.9230769230769,0
"437",437,"M00933","Plastoquinone biosynthesis, homogentisate + solanesyl-PP => plastoquinol",0,0,0,0,0,0,0,0,0,0,0,0,0,0,0,0,0,0,0,0,0,0,0,0,0,0,0,0,0,0,0,0,0,0,0,0,0,0,0,0,0,0,0,0,0,0,0,0,0,0,0,0,0,0,0,0,0,0,0,0,0,0,0,0,0
"438",438,"M00934","Mycinamicin biosynthesis, malonyl-CoA + methylmalonyl-CoA => protomycinolide IV => mycinamicin II",0,0,0,0,0,0,0,0,0,0,0,0,0,0,0,0,0,0,0,0,0,0,0,0,0,0,0,0,0,0,0,0,0,0,0,0,0,0,0,0,0,0,0,0,0,0,0,0,0,0,0,0,0,0,0,0,0,0,0,0,0,0,0,0,0
"439",439,"M00935","Methanofuran biosynthesis",0,0,0,0,0,0,0,0,0,0,0,0,0,0,0,0,0,0,0,0,0,0,0,0,0,0,0,0,0,0,0,0,0,0,0,0,0,0,0,0,0,333.333333333333,0,0,0,0,0,0,0,0,0,0,0,0,0,0,0,0,0,0,0,0,0,0,0
"440",440,"M00936","Melatonin biosynthesis, plants, tryptophan => serotonin => melatonin",0,0,0,0,0,0,0,0,0,200,0,0,0,0,0,0,0,0,0,0,0,0,0,0,0,0,0,0,0,0,0,0,0,0,0,0,0,0,0,0,200,0,0,0,0,0,0,0,0,0,0,0,0,0,0,0,200,0,0,0,0,0,200,0,0
"441",441,"M00937","Aflatoxin biosynthesis, malonyl-CoA => aflatoxin B1",0,0,0,0,0,0,0,0,0,0,0,0,0,0,0,0,0,0,0,0,0,0,0,0,0,0,0,0,0,0,0,0,0,0,0,0,0,0,0,0,0,0,0,0,0,0,0,0,0,0,0,0,0,0,0,0,0,0,0,0,0,0,0,0,0
"442",442,"M00938","Pyrimidine deoxyribonucleotide biosynthesis, UDP => dTTP",3818.18181818182,6545.45454545455,3272.72727272727,4363.63636363636,3818.18181818182,1454.54545454545,2727.27272727273,4909.09090909091,3272.72727272727,3636.36363636364,3818.18181818182,1454.54545454545,3818.18181818182,4363.63636363636,3818.18181818182,1090.90909090909,3818.18181818182,3818.18181818182,3272.72727272727,3818.18181818182,3272.72727272727,2727.27272727273,2272.72727272727,3818.18181818182,3272.72727272727,3818.18181818182,3272.72727272727,5727.27272727273,2727.27272727273,2272.72727272727,2727.27272727273,1454.54545454545,2272.72727272727,3818.18181818182,4909.09090909091,3636.36363636364,3272.72727272727,2272.72727272727,2272.72727272727,4909.09090909091,2727.27272727273,5090.90909090909,2545.45454545455,2727.27272727273,2272.72727272727,3272.72727272727,2272.72727272727,3272.72727272727,5454.54545454545,2272.72727272727,2272.72727272727,3818.18181818182,4909.09090909091,2272.72727272727,2272.72727272727,2272.72727272727,2727.27272727273,2727.27272727273,2272.72727272727,1363.63636363636,3818.18181818182,2272.72727272727,7636.36363636364,3818.18181818182,3818.18181818182
"443",443,"M00939","Pyrimidine degradation, uracil => 3-hydroxypropanoate",0,0,571.428571428571,142.857142857143,142.857142857143,0,0,1714.28571428571,142.857142857143,857.142857142857,142.857142857143,0,0,571.428571428571,0,0,0,0,0,2857.14285714286,571.428571428571,0,0,142.857142857143,0,142.857142857143,0,0,142.857142857143,0,1142.85714285714,0,0,571.428571428571,0,0,0,0,0,0,142.857142857143,0,0,0,0,0,0,0,571.428571428571,0,142.857142857143,142.857142857143,1714.28571428571,0,285.714285714286,0,142.857142857143,0,0,0,1285.71428571429,0,142.857142857143,0,571.428571428571
"444",444,"M00940","Flavanone biosynthesis, p-coumaroyl-CoA => liquiritigenin",0,0,0,0,0,0,0,0,0,0,0,0,0,0,0,0,0,0,0,0,0,0,0,0,0,0,0,0,0,0,0,0,0,0,0,0,0,0,0,0,0,0,0,0,0,0,0,0,0,0,0,0,0,0,0,0,0,0,0,0,0,0,0,0,0
"445",445,"M00941","Isoflavone biosynthesis, liquiritigenin/naringenin => daidzein/genistein",0,0,0,0,0,0,0,0,0,0,0,0,0,0,0,0,0,0,0,0,0,0,0,0,0,0,0,0,0,0,0,0,0,0,0,0,0,0,0,0,0,0,0,0,0,0,0,0,0,0,0,0,0,0,0,0,0,0,0,0,0,0,0,0,0
"446",446,"M00942","Pterocarpan biosynthesis, daidzein => medicarpin",0,0,0,0,200,0,200,0,0,0,0,0,0,0,0,0,0,0,0,0,0,0,0,0,0,0,0,0,0,0,0,0,0,0,200,0,0,0,0,0,0,0,0,0,0,0,0,0,0,0,0,0,0,0,0,0,0,0,0,0,0,0,0,0,0
"447",447,"M00943","Reticuline biosynthesis, dopamine + 4HPAA => (S)-reticuline",0,0,0,0,0,0,0,0,0,0,0,0,0,0,0,0,0,0,0,0,0,0,0,0,0,0,0,0,0,0,0,0,0,0,0,0,0,0,0,0,0,0,0,0,0,0,0,0,0,0,0,0,0,0,0,0,0,0,0,0,0,0,0,0,0
"448",448,"M00944","Morphine biosynthesis, (S)-reticuline => morphine",0,0,0,0,0,0,0,0,0,0,0,0,0,0,0,0,0,0,0,0,0,0,0,0,0,0,0,0,0,0,0,0,0,0,0,0,0,0,0,0,0,0,0,0,0,0,0,0,0,0,0,0,0,0,0,0,0,0,0,0,0,0,0,0,0
"449",449,"M00945","Sanguinarine biosynthesis, (S)-reticuline => sanguinarine",0,0,0,0,0,0,0,0,0,0,0,0,0,0,0,0,0,0,0,0,0,0,0,0,0,0,0,0,0,0,0,0,0,0,0,0,0,0,0,0,0,0,0,0,0,0,0,0,0,0,0,0,0,0,0,0,0,0,0,0,0,0,0,0,0
"450",450,"M00946","Noscapine biosynthesis, (S)-reticuline => noscapine",0,0,0,0,0,0,0,0,0,0,0,0,0,0,0,0,0,0,0,0,0,0,0,0,0,0,0,0,0,0,0,0,0,0,0,0,0,0,0,0,0,0,0,0,0,0,0,0,0,0,0,0,0,0,0,0,0,0,0,0,0,0,0,0,0
"451",451,"M00947","D-Arginine racemization, D-arginine => L-arginine",1000,0,500,0,0,0,500,500,0,500,0,0,1000,2000,1000,0,0,500,0,1000,0,0,0,0,0,0,0,0,0,0,0,0,0,0,0,0,0,0,0,0,500,0,0,0,0,0,500,0,500,0,0,3000,500,0,0,0,500,500,500,0,0,0,500,2000,0
"452",452,"M00948","Hydroxyproline degradation, trans-4-hydroxy-L-proline => 2-oxoglutarate",1285.71428571429,0,2571.42857142857,142.857142857143,0,1285.71428571429,571.428571428571,285.714285714286,0,571.428571428571,0,2142.85714285714,1285.71428571429,2285.71428571429,2285.71428571429,0,0,0,0,1285.71428571429,0,0,0,0,0,0,0,0,0,0,142.857142857143,0,0,2285.71428571429,1285.71428571429,0,0,0,0,0,1285.71428571429,142.857142857143,1714.28571428571,571.428571428571,0,0,0,0,1285.71428571429,1285.71428571429,0,2857.14285714286,142.857142857143,142.857142857143,0,0,1285.71428571429,142.857142857143,2571.42857142857,1714.28571428571,857.142857142857,0,1285.71428571429,0,1285.71428571429
"453",453,"M00949","Staphylopine biosynthesis, L-histidine => staphylopine",0,0,0,0,0,0,0,0,0,0,0,0,0,0,0,0,0,0,0,0,0,0,0,0,0,0,0,0,0,0,0,0,0,0,0,0,0,0,0,0,0,0,0,0,0,0,0,0,0,0,0,0,0,0,0,0,0,0,0,0,0,0,0,0,0
"454",454,"M00950","Biotin biosynthesis, BioU pathway, pimeloyl-ACP/CoA => biotin",3000,0,3000,250,2250,250,2250,250,0,2250,2250,2250,2250,2250,2250,2250,0,2250,0,250,2250,0,2250,0,0,3000,0,2250,3000,250,0,0,0,2250,2250,2250,0,2250,2250,3000,0,2250,3000,3000,0,2250,3000,2250,0,2250,1000,3000,250,2250,1000,2250,2250,250,2250,250,0,2250,2250,2250,2250
"455",455,"M00951","Cremeomycin biosynthesis, aspartate/3,4-AHBA => cremeomycin",0,0,0,0,0,0,0,0,0,0,0,0,0,0,0,0,0,0,0,0,0,0,0,0,0,0,0,0,0,0,0,0,0,0,0,0,0,0,0,0,0,0,0,0,0,0,0,0,0,0,0,0,0,0,0,0,0,0,0,0,0,0,0,0,0
"456",456,"M00952","Benzoxazinoid biosynthesis, indoleglycerol phosphate => DIMBOA-glucoside",0,0,0,0,0,0,0,0,0,0,0,0,0,0,0,0,0,0,0,0,0,0,0,0,0,0,0,0,0,0,0,0,0,0,0,0,0,0,0,0,0,0,0,0,0,0,0,0,0,0,0,0,0,0,0,0,0,0,0,0,0,0,0,0,0
"457",457,"M00953","Mugineic acid biosynthesis, methionine => 3-epihydroxymugineic acid",200,400,200,200,200,200,200,200,0,200,200,200,200,200,200,400,200,200,200,200,200,200,200,200,200,200,200,200,200,200,200,0,0,200,200,200,200,200,200,200,200,200,200,200,0,200,200,200,200,200,0,200,200,200,400,200,200,200,400,200,200,200,200,200,200
"458",458,"M00956","Lysine degradation, bacteria, L-lysine => succinate",1142.85714285714,1142.85714285714,285.714285714286,857.142857142857,1714.28571428571,142.857142857143,285.714285714286,142.857142857143,142.857142857143,4714.28571428571,142.857142857143,571.428571428571,857.142857142857,4000,857.142857142857,0,571.428571428571,1285.71428571429,1428.57142857143,571.428571428571,3000,571.428571428571,142.857142857143,571.428571428571,571.428571428571,0,142.857142857143,571.428571428571,0,0,1285.71428571429,0,0,285.714285714286,142.857142857143,142.857142857143,0,857.142857142857,0,285.714285714286,2142.85714285714,3000,0,0,0,142.857142857143,142.857142857143,142.857142857143,1714.28571428571,142.857142857143,0,5000,142.857142857143,142.857142857143,142.857142857143,142.857142857143,142.857142857143,1285.71428571429,285.714285714286,142.857142857143,285.714285714286,0,142.857142857143,1285.71428571429,142.857142857143
"459",459,"M00957","Lysine degradation, bacteria, L-lysine => glutarate => succinate/acetyl-CoA",8400,13066.6666666667,3466.66666666667,3666.66666666667,4333.33333333333,3200,5200,7200,1066.66666666667,9333.33333333333,800,3733.33333333333,7933.33333333333,19333.3333333333,6066.66666666667,400,7466.66666666667,11333.3333333333,4333.33333333333,12400,14000,2000,1200,6933.33333333333,6533.33333333333,200,2000,3000,266.666666666667,400,6066.66666666667,66.6666666666667,66.6666666666667,2666.66666666667,6400,800,600,8866.66666666667,266.666666666667,2333.33333333333,5600,22400,400,266.666666666667,0,7200,7466.66666666667,1333.33333333333,8400,2000,0,16133.3333333333,8400,800,6800,800,2400,7933.33333333333,3733.33333333333,3000,4000,266.666666666667,2133.33333333333,12000,2400
"460",460,"M00958","Adenine ribonucleotide degradation, AMP => Urate",6518.51851851852,11407.4074074074,6111.11111111111,7111.11111111111,6111.11111111111,7740.74074074074,5185.18518518519,3333.33333333333,148.148148148148,4444.44444444444,592.592592592593,2370.37037037037,6518.51851851852,10000,4814.81481481481,1296.2962962963,4888.88888888889,6666.66666666667,2777.77777777778,12444.4444444444,5703.7037037037,2222.22222222222,2962.96296296296,592.592592592593,5703.7037037037,1814.81481481481,925.925925925926,2370.37037037037,592.592592592593,2333.33333333333,5333.33333333333,333.333333333333,148.148148148148,3666.66666666667,5925.92592592593,1296.2962962963,296.296296296296,5555.55555555556,1666.66666666667,555.555555555556,3000,2333.33333333333,333.333333333333,6518.51851851852,0,3703.7037037037,4074.07407407407,925.925925925926,4888.88888888889,3000,925.925925925926,4074.07407407407,3333.33333333333,1333.33333333333,592.592592592593,1296.2962962963,4333.33333333333,5333.33333333333,5925.92592592593,666.666666666667,4444.44444444444,1296.2962962963,4333.33333333333,6666.66666666667,3666.66666666667
"461",461,"M00959","Guanine ribonucleotide degradation, GMP => Urate",4190.47619047619,6857.14285714286,4190.47619047619,4714.28571428571,3809.52380952381,4571.42857142857,3809.52380952381,2000,47.6190476190476,4571.42857142857,428.571428571429,1190.47619047619,4190.47619047619,9285.71428571429,3809.52380952381,571.428571428571,3047.61904761905,5238.09523809524,1714.28571428571,9428.57142857143,3809.52380952381,1142.85714285714,1428.57142857143,190.47619047619,3428.57142857143,761.904761904762,428.571428571429,1190.47619047619,428.571428571429,2000,4285.71428571429,428.571428571429,47.6190476190476,2666.66666666667,3333.33333333333,571.428571428571,95.2380952380952,4190.47619047619,714.285714285714,190.47619047619,2666.66666666667,1428.57142857143,428.571428571429,5142.85714285714,0,2333.33333333333,2333.33333333333,190.47619047619,4714.28571428571,1714.28571428571,428.571428571429,3428.57142857143,3428.57142857143,761.904761904762,190.47619047619,571.428571428571,3000,4285.71428571429,3666.66666666667,380.952380952381,3809.52380952381,571.428571428571,3000,5238.09523809524,2666.66666666667
"462",462,"M00960","Lysine degradation, bacteria, L-lysine => D-lysine => succinate",0,0,0,0,0,0,0,0,0,100,0,0,0,100,0,0,0,0,0,0,0,0,0,0,0,0,0,0,0,0,0,0,0,0,0,0,0,0,0,0,0,0,0,0,0,0,0,0,0,0,0,300,0,0,0,0,0,0,0,0,0,0,0,0,0
"463",463,"M00961","Betacyanin biosynthesis, L-tyrosine => amaranthin",400,400,0,400,200,400,0,200,0,0,0,200,400,200,200,200,400,200,0,200,400,400,400,400,200,200,0,0,0,200,0,0,0,200,200,200,0,200,200,0,0,200,400,200,0,200,0,0,200,200,0,200,200,200,0,0,0,0,0,200,0,200,200,200,200
"464",464,"M00962","Psilocybin biosynthesis, tryptophan => psilocybin",0,0,0,0,0,0,0,0,0,0,0,0,0,0,0,0,0,0,0,0,0,0,0,0,0,0,0,0,0,0,0,0,0,0,0,0,0,0,0,0,0,0,0,0,0,0,0,0,0,0,0,0,0,0,0,0,0,0,0,0,0,0,0,0,0
"465",465,"M00963","Chanoclavine aldehyde biosynthesis, tryptophan => chanoclavine-I aldehyde",0,0,0,0,0,0,0,0,0,0,0,0,0,0,0,0,0,0,0,0,0,0,0,0,0,0,0,0,0,0,0,0,0,0,0,0,0,0,0,0,0,0,0,0,0,0,0,0,0,0,0,0,0,0,0,0,0,0,0,0,0,0,0,0,0
"466",466,"M00964","Fumigaclavine biosynthesis, chanoclavine-I aldehyde => fumigaclavine C",0,0,0,0,0,0,0,0,0,0,0,0,0,0,0,0,0,0,0,0,0,0,0,0,0,0,0,0,0,0,0,0,0,0,0,0,0,0,0,0,0,0,0,0,0,0,0,0,0,0,0,0,0,0,0,0,0,0,0,0,0,0,0,0,0
"467",467,"M00965","Vinblastine biosynthesis, geissoschizine => vinblastine",0,0,0,0,0,0,0,0,0,0,0,0,0,0,0,0,0,0,0,0,0,0,0,0,0,0,0,0,0,0,0,0,0,0,0,0,0,0,0,0,0,0,0,0,0,0,0,0,0,0,0,0,0,0,0,0,0,0,0,0,0,0,0,0,0
"468",468,"M00966","Equol biosynthesis, daidzein => equol",0,0,0,0,0,0,0,0,0,0,0,0,0,0,0,0,0,0,0,0,0,0,0,0,0,0,0,0,0,0,0,0,0,0,0,0,0,0,0,0,0,0,0,0,0,0,0,0,0,0,0,0,0,0,0,0,0,0,0,0,0,0,0,0,0
"469",469,"M00967","Flavone degradation, luteolin/apigenin => DHCA/phloretate",0,0,0,0,0,0,0,0,0,0,0,0,0,0,0,0,0,0,0,0,0,0,0,0,0,0,0,0,0,0,0,0,0,0,0,0,0,0,0,0,0,0,0,0,0,0,0,0,0,0,0,0,0,0,0,0,0,0,0,0,0,0,0,0,0
"470",470,"M00968","Pentose bisphosphate pathway (nucleoside degradation), archaea, nucleoside/NMP => 3-PGA/glycerone phosphate",0,0,0,100,100,100,0,0,0,200,0,100,0,0,0,200,0,0,0,100,100,100,100,0,0,0,200,0,0,100,0,0,0,0,0,100,0,0,100,0,0,0,400,400,0,0,100,0,100,0,200,0,0,100,0,100,0,100,0,0,0,200,0,0,0
"471",471,"M00969","Fumagillin biosynthesis, farnesyl-PP => fumagillin",0,0,0,0,0,0,0,0,0,0,0,0,0,0,0,0,0,0,0,0,0,0,0,0,0,0,0,0,0,0,0,0,0,0,0,0,0,0,0,0,0,0,0,0,0,0,0,0,0,0,0,0,0,0,0,0,0,0,0,0,0,0,0,0,0
"472",472,"M00970","Proline degradation, proline => glutamate",4000,2666.66666666667,2000,1333.33333333333,1333.33333333333,3000,1333.33333333333,0,333.333333333333,333.333333333333,666.666666666667,3000,1333.33333333333,333.333333333333,1333.33333333333,3000,1333.33333333333,333.333333333333,1666.66666666667,1333.33333333333,1333.33333333333,3000,3000,333.333333333333,1333.33333333333,333.333333333333,333.333333333333,1333.33333333333,333.333333333333,3000,333.333333333333,666.666666666667,0,1333.33333333333,1333.33333333333,5000,0,333.333333333333,3000,666.666666666667,333.333333333333,2000,3000,5000,0,0,0,333.333333333333,0,333.333333333333,333.333333333333,333.333333333333,0,3000,666.666666666667,3000,1333.33333333333,333.333333333333,1333.33333333333,1333.33333333333,1000,3000,1333.33333333333,333.333333333333,1333.33333333333
"473",473,"M00971","QS-7 biosynthesis, 2,3-epoxysqualene => QS-7",0,0,0,0,0,0,0,0,0,0,0,0,0,0,0,0,0,0,0,0,0,0,0,0,0,0,0,0,0,0,0,0,0,0,0,0,0,0,0,0,0,0,0,0,0,0,0,0,0,0,0,0,0,0,0,0,0,0,0,0,0,0,0,0,0
"474",474,"M00972","Proline metabolism",333.333333333333,666.666666666667,333.333333333333,333.333333333333,333.333333333333,3000,333.333333333333,333.333333333333,0,1333.33333333333,333.333333333333,3000,333.333333333333,333.333333333333,333.333333333333,333.333333333333,333.333333333333,333.333333333333,1333.33333333333,333.333333333333,333.333333333333,1333.33333333333,3000,333.333333333333,333.333333333333,333.333333333333,333.333333333333,333.333333333333,333.333333333333,3000,333.333333333333,333.333333333333,0,333.333333333333,333.333333333333,3000,0,333.333333333333,3000,333.333333333333,666.666666666667,2666.66666666667,1333.33333333333,2000,0,333.333333333333,333.333333333333,2000,333.333333333333,333.333333333333,333.333333333333,333.333333333333,333.333333333333,3000,333.333333333333,1333.33333333333,333.333333333333,666.666666666667,333.333333333333,1333.33333333333,2000,2000,333.333333333333,333.333333333333,333.333333333333
"475",475,"M00973","Anammox, nitrite + ammonia => nitrogen",0,0,0,0,166.666666666667,0,0,0,0,166.666666666667,0,166.666666666667,0,166.666666666667,166.666666666667,0,0,0,0,0,0,0,166.666666666667,0,0,0,0,0,0,0,0,0,0,0,166.666666666667,0,0,0,0,0,0,0,0,0,0,0,166.666666666667,0,0,0,0,0,0,333.333333333333,0,0,166.666666666667,0,0,166.666666666667,0,0,3000,0,0
"476",476,"M00974","Betaine metabolism, animals, betaine => glycine",0,0,0,0,0,0,0,0,0,3750,0,0,0,0,0,0,0,0,0,0,0,0,0,0,0,0,0,0,0,0,2500,0,0,0,0,0,0,0,0,0,2000,0,0,0,0,0,0,0,0,0,0,0,0,0,500,0,0,2000,0,0,0,0,0,0,0
"477",477,"M00975","Betaine degradation, bacteria, betaine => pyruvate",3437.5,1500,2187.5,562.5,750,750,1250,1750,250,18562.5,375,562.5,1687.5,11687.5,562.5,375,2625,8937.5,1250,2500,1312.5,62.5,62.5,250,937.5,375,562.5,250,250,250,21000,250,62.5,562.5,562.5,750,62.5,5500,250,250,19937.5,2000,937.5,562.5,62.5,375,562.5,62.5,7000,250,562.5,11687.5,1312.5,250,3937.5,250,562.5,15125,2500,375,3000,250,1000,9625,562.5
"478",478,"M00976","C19-Steroid hormone biosynthesis, pregnenolone => testosterone => dihydrotestosterone",0,0,0,0,0,0,0,0,0,0,0,0,0,0,0,0,0,0,0,0,0,0,0,100,0,0,0,0,0,0,0,0,0,0,0,0,0,0,0,0,0,0,0,0,0,0,0,0,0,0,0,0,0,0,0,0,0,0,0,0,0,0,0,0,0
"479",479,"M00977","C19-Steroid hormone biosynthesis (androgen backdoor pathway), pregnenolone => androsterone => dihydrotestosterone",0,0,0,0,0,0,0,0,0,0,0,0,0,0,0,0,0,0,0,0,0,0,0,125,0,0,0,0,0,0,0,0,0,0,0,0,0,0,0,0,0,0,0,0,0,0,0,0,0,0,0,0,0,0,0,0,0,0,0,0,0,0,0,0,0
"480",480,"M00978","Ornithine-ammonia cycle",7500,13500,6000,6750,8250,5000,6000,6750,250,12000,5250,3750,5250,10500,6000,1000,6000,11250,5000,6750,7500,1125,1500,4500,6750,3750,1500,4500,1125,1875,7500,0,0,4500,6750,3750,0,11250,1500,2250,9000,7500,5000,3750,0,4500,6000,1125,6750,4500,125,12750,6000,2000,7500,1125,5250,7500,6000,1500,8250,1125,5250,9750,4500
"481",481,"M00979","Ajmaline biosynthesis, geissoschizine => ajmaline",0,0,0,0,0,0,0,0,0,0,0,0,0,0,0,0,0,0,0,0,0,0,0,0,0,0,0,0,0,0,0,0,0,0,0,0,0,0,0,0,0,0,0,0,0,0,0,0,0,0,0,0,0,0,0,0,0,0,0,0,0,0,0,0,0
"482",482,"M00980","Strychnine biosynthesis, geissoschizine => strychnine",0,0,0,0,0,0,0,0,0,0,0,0,0,0,0,0,0,0,0,0,0,0,0,0,0,0,0,0,0,0,0,0,0,0,0,0,0,0,0,0,0,0,0,0,0,0,0,0,0,0,0,0,0,0,0,0,0,0,0,0,0,0,0,0,0
"483",483,"M00981","Geissoschizine biosynthesis, tryptophan => geissoschizine",0,0,0,0,0,0,0,0,0,250,0,0,0,0,0,0,0,0,0,0,0,0,0,0,0,0,0,0,0,0,0,0,0,0,0,0,0,0,0,0,250,0,0,0,0,0,0,0,0,0,0,0,0,0,0,0,250,0,0,0,0,0,250,0,0
"484",484,"M00982","Methylcitrate cycle",8125,6750,7041.66666666667,3750,3750,1500,3750,3375,1750,2625,2916.66666666667,3000,6000,8666.66666666667,3375,1750,3375,7583.33333333333,6416.66666666667,9916.66666666667,4166.66666666667,1500,1500,1500,3375,5500,3750,6000,1250,1041.66666666667,1500,1250,41.6666666666667,6000,4875,2625,1500,7000,1500,3375,1750,10500,833.333333333333,2333.33333333333,0,4125,4583.33333333333,3375,3375,7041.66666666667,1041.66666666667,9916.66666666667,3750,1500,3000,1500,3375,2041.66666666667,7583.33333333333,2000,7000,1041.66666666667,4125,7583.33333333333,6000
"485",485,"M00983","GPI-anchor remodeling",0,0,0,0,0,0,0,0,0,0,0,0,0,0,0,0,0,0,0,0,0,0,0,0,0,0,0,0,0,0,0,0,0,0,0,0,0,0,0,0,0,0,0,0,0,0,0,0,0,0,0,0,0,0,0,0,0,0,0,0,0,0,0,0,0
"486",486,"M00984","Sulfur oxidation, tetrathionate intermediate (S4I) pathway, thiosulfate => sulfur + sulfate + thiosulfate",0,0,0,0,0,200,200,0,0,0,0,800,0,0,200,200,0,0,0,0,0,400,0,200,0,0,0,0,0,0,0,0,0,0,200,0,0,0,200,0,0,0,0,0,0,0,0,0,0,0,0,400,0,200,0,200,200,0,0,0,0,0,200,0,0
"487",487,"M00985","Sulfide oxidation, sulfide => sulfur",0,0,0,0,0,500,0,0,0,0,0,0,500,0,0,0,0,0,0,0,0,0,0,0,0,0,0,0,0,0,0,0,0,0,0,0,0,500,0,0,0,0,0,0,0,0,0,0,500,0,0,0,0,0,0,0,0,500,0,0,0,0,0,500,0
"488",488,"M00986","Sulfur reduction, sulfur => sulfide",0,0,0,0,0,0,0,0,0,0,0,0,0,0,0,0,0,0,0,0,0,0,0,0,0,0,0,0,0,0,0,0,0,0,0,0,0,0,0,0,0,0,0,0,0,0,0,0,0,0,0,0,0,0,0,0,0,0,0,0,0,0,0,0,0
"489",489,"M00987","Assimilatory sulfate reduction, plants, sulfate => H2S",333.333333333333,666.666666666667,333.333333333333,333.333333333333,333.333333333333,333.333333333333,333.333333333333,0,0,0,0,333.333333333333,333.333333333333,0,333.333333333333,0,1333.33333333333,0,0,333.333333333333,333.333333333333,0,333.333333333333,0,333.333333333333,0,0,0,0,0,0,0,0,333.333333333333,666.666666666667,0,0,0,333.333333333333,0,0,333.333333333333,666.666666666667,333.333333333333,0,333.333333333333,333.333333333333,333.333333333333,0,0,0,0,0,333.333333333333,0,0,333.333333333333,0,333.333333333333,0,0,0,333.333333333333,0,333.333333333333
"490",490,"M00988","PreQ1 biosynthesis, GTP => 7-Aminomethyl-7-deazaguanine",4500,9000,5250,2500,4500,1500,3125,500,4500,500,1125,1500,4500,7875,5250,500,4500,7000,125,4500,2500,1500,1500,3750,4500,2500,2500,7000,2000,1500,125,0,0,4500,6000,1875,0,8750,1500,3125,125,125,1500,750,125,6125,500,3125,750,3125,0,7000,500,1500,2000,1500,4500,125,5250,500,1125,1875,4500,7000,4500
