"","taxon","metabolite","lfc","se","W","p","q","diff","passed_ss"
"1","Legionella","Tween80",-4.7420671076628,1.06101170326142,-4.46938247060448,9.13409174037254e-06,4.56704587018627e-05,TRUE,TRUE
"2","Legionella","Tween40",-4.79786676957298,1.15761437646262,-4.14461574348622,3.79528208477427e-05,0.000189764104238714,TRUE,TRUE
"3","Legionella","ß-Phenylethyl-amine",-4.1854626641348,1.13324528107378,-3.69334223935085,0.000237097701597007,0.00118548850798503,TRUE,TRUE
"4","Fluviicola","Adenosine",-3.01381861698793,0.823326567422682,-3.66053852291236,0.00026896959412851,0.00134484797064255,TRUE,TRUE
"5","Pseudomonas","L-Arginine",3.72733490137811,1.0395301342372,3.58559581739609,0.000359749256449801,0.001798746282249,TRUE,TRUE
"6","Legionella","Tween20",-3.70903620646987,1.1016421572618,-3.36682486415455,0.000799470765158074,0.00399735382579037,TRUE,TRUE
"7","Pseudomonas","L-Citrulline",4.4409210517032,1.33899497408626,3.31660770775762,0.000957468401848469,0.00478734200924235,TRUE,TRUE
"8","Pseudomonas","Tyramine",3.15895973255815,1.04731012370499,3.01626009436721,0.00265231244782958,0.0132615622391479,TRUE,TRUE
"9","Pseudomonas","Putrescine",3.11438916766594,1.03722618010747,3.00261334258189,0.00277231636925964,0.0138615818462982,TRUE,TRUE
"10","Fluviicola","Tyramine",-2.44385392571426,0.881054919877909,-2.77378160041705,0.0056751703840948,0.014187925960237,TRUE,TRUE
"11","Pseudomonas","L-Ornithine",3.17581964117005,1.06215768586476,2.98997002369233,0.00288814735318983,0.0144407367659492,TRUE,TRUE
"12","Pseudomonas","L-Serine",3.00962070745566,1.04841783282868,2.87063097671237,0.00422084561161896,0.0211042280580948,TRUE,TRUE
"13","Legionella","Phenylethyl-amine",-3.32647545346115,1.16668531900657,-2.85121908990305,0.00447583518943458,0.0223791759471729,TRUE,TRUE
"14","Fluviicola","2-DeoxyAdenosine",-3.21075413407199,1.13957795448212,-2.81749407440152,0.00496276769829469,0.0248138384914735,TRUE,TRUE
"15","Rheinheimera","D-Glucosamine",2.41928111857826,0.858725140241173,2.81729392235892,0.00496987314312031,0.0248493657156015,TRUE,TRUE
"16","Pseudomonas","D-GluconicAcid",3.73983019115589,1.35415613930864,2.76174222646529,0.00589883776223739,0.0294941888111869,TRUE,TRUE
"17","Legionella","ButyricAcid",-2.93067449470689,1.06172083663004,-2.76030609327498,0.00592851507365682,0.0296425753682841,TRUE,TRUE
"18","Pseudomonas","Hydroxy-Lproline",3.64948674956782,1.35352622219698,2.69628078844616,0.00717892472660444,0.0358946236330222,TRUE,TRUE
"19","Pseudomonas","L-Asparagine",2.66605182607692,1.03983540733098,2.56391714234858,0.0105585190120856,0.0527925950604282,FALSE,TRUE
"20","Pseudomonas","L-Glutamine",2.7157770097117,1.06501012335725,2.55000112219657,0.0109852897279997,0.0549264486399984,FALSE,TRUE
"21","Pseudomonas","Hydroxylamine",3.4202557505843,1.36798289139776,2.50021822063111,0.0126356550735676,0.0631782753678379,FALSE,TRUE
"22","Pseudomonas","ItaconicAcid",3.38892955677659,1.36734820344193,2.47846857753268,0.0134273502353299,0.0671367511766495,FALSE,TRUE
"23","Pseudomonas","L-Cysteic Acid",3.69379696673565,1.49058705563329,2.47808200988724,0.0134448071468679,0.0672240357343396,FALSE,FALSE
"24","Fluviicola","Ala-His",-2.78748350060819,1.13651668981191,-2.45265513968784,0.0143994226502868,0.0719971132514339,FALSE,TRUE
"25","Fluviicola","L-Arginine",-1.91365936633537,0.874757066354029,-2.18764665064264,0.0289953869605431,0.0724884674013577,FALSE,TRUE
"26","Pseudomonas","QuinicAcid",3.24444645939483,1.36157064036452,2.3828704609305,0.0174417970431004,0.087208985215502,FALSE,TRUE
"27","Fluviicola","D-Alanine",-1.95156606756,0.834487153259734,-2.33864123604139,0.0196103985536882,0.0980519927684412,FALSE,TRUE
"28","Pseudomonas","Amygdalin",-3.13402688198303,1.36157064036452,-2.30177325294264,0.0216381480217424,0.108190740108712,FALSE,FALSE
"29","Fluviicola","L-Alanyl-Glycine",-2.56409777522952,1.13957795448212,-2.2500415747291,0.024725113793092,0.12362556896546,FALSE,TRUE
"30","Fluviicola","L-Histidine",-1.96659494049382,0.885058077812314,-2.22199535803893,0.0265757563376073,0.12546311894711,FALSE,TRUE
"31","Pseudomonas","L-Histidine",2.10248398240793,1.07172365134993,1.96177809434331,0.0501852475788441,0.12546311894711,FALSE,FALSE
"32","Rheinheimera","Dextrin",2.45917265239983,1.11899677886805,2.19765838368853,0.0282772263281866,0.141386131640933,FALSE,TRUE
"33","Pseudomonas","Inulin",-2.96422843837348,1.35921001669926,-2.18084652257925,0.0295240604717353,0.147620302358676,FALSE,FALSE
"34","Fluviicola","N-Acetyl-DGlucosamine",-1.85331756727219,0.852181125985636,-2.17479302317173,0.0299510220001639,0.14975511000082,FALSE,TRUE
"35","Pseudomonas","L-PyroglutamicAcid",2.25560611360143,1.04721340479001,2.15391256766211,0.0315886207119225,0.157943103559613,FALSE,TRUE
"36","Fluviicola","2-HydroxyBenzoicAcid",-2.3955588705265,1.11442418240236,-2.14959340290193,0.03189795027399,0.15948975136995,FALSE,TRUE
"37","Fluviicola","L-Ornithine",-1.62166480318209,0.875278194909689,-1.85274214828283,0.0643047247684751,0.160761811921188,FALSE,FALSE
"38","Rheinheimera","3-0-ß-D-Galactopyranosyl-D-Arabinose",2.41143826635707,1.1237905585315,2.14580755110471,0.0322073906733174,0.161036953366587,FALSE,TRUE
"39","Rheinheimera","Laminarin",2.36377768542932,1.11256323055455,2.12462323085323,0.0339432224229085,0.169716112114543,FALSE,TRUE
"40","Pseudomonas","MucicAcid",2.85552223021874,1.34801801079287,2.11831163037592,0.0344974291221061,0.17248714561053,FALSE,TRUE
"41","Pseudomonas","CitricAcid",2.87829284517226,1.36220944131454,2.11295910737095,0.0349546331761168,0.174773165880584,FALSE,TRUE
"42","Fluviicola","Tween20",-1.90615947580026,1.08657441492725,-1.75428341548783,0.0797777988223393,0.182405795210689,FALSE,FALSE
"43","Pseudomonas","Tween20",2.12932302861869,1.32856728105301,1.60272126145618,0.109443477126413,0.182405795210689,FALSE,FALSE
"44","Pseudomonas","L-GlutamicAcid",2.18319106351101,1.04274655879118,2.09369289699878,0.0366483848811129,0.183241924405565,FALSE,TRUE
"45","Rheinheimera","Ala-Glu",1.97813502255611,1.04879263305832,1.88610690064422,0.0596651632577545,0.184744480987086,FALSE,FALSE
"46","Fluviicola","Ala-Glu",-1.86346660058915,1.04124031855247,-1.7896604341827,0.0738977923948344,0.184744480987086,FALSE,FALSE
"47","Rheinheimera","Inulin",1.9978721700446,1.121376613108,1.78162460915544,0.0752134123129514,0.188033530782379,FALSE,FALSE
"48","Legionella","Hydroxylamine",-1.80158879701514,1.14977396515537,-1.56690693267846,0.117550631775298,0.195917719625497,FALSE,FALSE
"49","Fluviicola","Hydroxylamine",-1.88709404212589,1.13244464659502,-1.6663896533927,0.096038801228943,0.195917719625497,FALSE,FALSE
"50","Pseudomonas","Agmatine",2.75002787863368,1.33256786144533,2.06370569049366,0.0394077563382466,0.197038781691233,FALSE,TRUE
"51","Pseudomonas","CarbamylPhosphate",2.77338330161515,1.35216365149569,2.05107074025202,0.0406453054071069,0.203226527035535,FALSE,FALSE
"52","Rheinheimera","L-Alanine",1.64628808263021,0.905240725019563,1.81861911105981,0.069366679190818,0.21474075693576,FALSE,FALSE
"53","Pseudomonas","L-Alanine",1.87726205083966,1.09149982888385,1.71989220809986,0.085896302774304,0.21474075693576,FALSE,FALSE
"54","Pseudomonas","Keto-GlutaricAcid",2.7575527072526,1.36220944131454,2.02432359049834,0.0433128977412207,0.216564488706103,FALSE,TRUE
"55","Rheinheimera","Y-Cyclodextrin",2.24582218071723,1.11556367584301,2.01317255962114,0.044451886270882,0.22225943135441,FALSE,TRUE
"56","Pseudomonas","p-HydroxyPhenylAceticAcid",2.71870869303767,1.35415613930864,2.00767741187194,0.0450581482092015,0.225290741046007,FALSE,TRUE
"57","Rheinheimera","D-Serine",1.78768171684933,0.891358385093833,2.00557009026301,0.0452594685901937,0.226297342950968,FALSE,FALSE
"58","Fluviicola","4-HydroxyBenzoicAcid",-2.18843710340254,1.12265170265264,-1.94934644309685,0.051616355401745,0.258081777008725,FALSE,FALSE
"59","Rheinheimera","D-Glucosamine-6-Phosphate",2.1718942296365,1.11425318198139,1.94919275507419,0.0516433554397814,0.258216777198907,FALSE,FALSE
"60","Legionella","L-Alanyl-Glycine",-1.39964782572951,0.99546602335364,-1.40602269981472,0.160156772371686,0.26692795395281,FALSE,FALSE
"61","Rheinheimera","L-Alanyl-Glycine",1.61760231362809,1.0567619352321,1.5307159159483,0.126259597205085,0.26692795395281,FALSE,FALSE
"62","Legionella","L-Proline",-1.39238419606611,0.803975757045405,-1.7318733604395,0.0837510809089128,0.268881147731019,FALSE,FALSE
"63","Fluviicola","L-Proline",-1.36860352527658,0.849441427545625,-1.61118057219203,0.107552459092408,0.268881147731019,FALSE,FALSE
"64","Pseudomonas","Pectin",-2.59889750976507,1.34741893610761,-1.928796931764,0.0541565663326242,0.270782831663121,FALSE,TRUE
"65","Fluviicola","L-Leucine",-1.64399795273611,0.855921685266734,-1.92073408237552,0.0551370823099114,0.275685411549557,FALSE,FALSE
"66","Pseudomonas","D,L-a-GlycerolPhosphate",2.53716185622654,1.35872255359714,1.86731415439417,0.0622906769830265,0.311453384915132,FALSE,TRUE
"67","Fluviicola","D-TartaricAcid",2.0573380459548,1.10817643617752,1.85650766321226,0.0637625447019098,0.318812723509549,FALSE,TRUE
"68","Pseudomonas","Stachyose",-2.75165552891204,1.48669213486633,-1.85085766204005,0.0646042307209795,0.323021153604898,FALSE,TRUE
"69","Fluviicola","HydroxyGlutaricAcid-Lactone",-1.93380156930629,1.04959589542278,-1.84242485869035,0.0657954681971129,0.328977340985564,FALSE,FALSE
"70","Pseudomonas","CitramalicAcid",2.48082440208941,1.34741893610761,1.84116783251982,0.0660162672544861,0.33008133627243,FALSE,FALSE
"71","Rheinheimera","ButyricAcid",-1.6828237343211,1.12190671488914,-1.49996761048656,0.134041935815822,0.335104839539554,FALSE,TRUE
"72","Pseudomonas","b-Methyl-D-Mannoside",-2.48770387644649,1.35890542582644,-1.83066741008378,0.0675714804848702,0.337857402424351,FALSE,TRUE
"73","Rheinheimera","Gly-Gln",2.0153227800491,1.10205724342793,1.82869156032265,0.0678412301298395,0.339206150649198,FALSE,FALSE
"74","Fluviicola","PropionicAcid",-2.04478785453244,1.11916868001514,-1.82705957649277,0.0680758889784063,0.340379444892032,FALSE,FALSE
"75","Rheinheimera","N-Acetyl-D-Galactosamine",1.56763276153904,1.05383050570425,1.48755682536579,0.137286425021274,0.343216062553184,FALSE,FALSE
"76","Pseudomonas","N-Acetyl-D-Galactosamine",-1.93754930898819,1.29323233332945,-1.49822213615703,0.134522423395174,0.343216062553184,FALSE,TRUE
"77","Curvibacter","L-TartaricAcid",1.46282263978955,0.989016032332795,1.47906868237433,0.139531046933862,0.348827617334655,FALSE,FALSE
"78","Fluviicola","L-TartaricAcid",1.97909305752868,1.10817643617752,1.78590068595508,0.0745083029623115,0.348827617334655,FALSE,TRUE
"79","Pseudomonas","D-Alanine",1.51156028793495,1.02522793041703,1.47436510759134,0.14083519217875,0.352087980446874,FALSE,FALSE
"80","Pseudomonas","4-HydroxyBenzoicAcid",1.98898536927773,1.36157064036452,1.46080218705747,0.144514527369389,0.361286318423473,FALSE,FALSE
"81","Pseudomonas","D-GalactonicAcid-Y-Lactone",2.4634830414443,1.37020184993661,1.7978979093907,0.0726203218084865,0.363101609042433,FALSE,FALSE
"82","Rheinheimera","Gly-Glu",1.97404854751757,1.10205724342793,1.79123957425055,0.0736563619733663,0.368281809866832,FALSE,FALSE
"83","Curvibacter","D-Arabinose",1.45268227770454,1.00355042426072,1.44754288632251,0.148152061693381,0.370380154233453,FALSE,FALSE
"84","Legionella","D-Arabinose",1.64466678601286,1.06361080685734,1.54630507269135,0.122490796683291,0.370380154233453,FALSE,FALSE
"85","Legionella","D-Glucosamine-6-Phosphate",-1.51830666225188,1.052499639537,-1.44257214465156,0.149621433142964,0.374053582857411,FALSE,FALSE
"86","Rheinheimera","Glycyl-L-Proline",1.99623013727874,1.12207691459378,1.77904928914914,0.0756350019334306,0.378175009667153,FALSE,FALSE
"87","Fluviicola","D-Glucose",-1.85478362655598,1.04959589542278,-1.76714070114467,0.0775988233781152,0.387994116890576,FALSE,FALSE
"88","Rheinheimera","Keto-ButyricAcid",1.74109988458554,1.22537053194451,1.42087624860918,0.155766698013972,0.389416745034929,FALSE,TRUE
"89","Pseudomonas","Keto-ButyricAcid",2.22612540468994,1.50959868865808,1.47464715054091,0.140749724148026,0.389416745034929,FALSE,TRUE
"90","Fluviicola","D-Lysine",-1.94168047178126,1.10111046111931,-1.76338391137206,0.0782287051600105,0.391143525800053,FALSE,FALSE
"91","Fluviicola","L-Cysteine",-1.45667294165531,0.826573864436956,-1.76230220229327,0.0784111679723379,0.392055839861689,FALSE,FALSE
"92","Legionella","Biuret",-1.82887329154055,1.03819081262688,-1.76159649006433,0.078547252727914,0.39273626363957,FALSE,FALSE
"93","Legionella","D-Alanine",-0.930319643710431,0.788972116342075,-1.17915402134069,0.23875059096103,0.397917651601717,FALSE,FALSE
"94","Pseudomonas","L-Alanyl-Glycine",1.29161518529377,1.29842851025336,0.994752637587838,0.320197393507312,0.40024674188414,FALSE,TRUE
"95","Legionella","Alloxan",-1.50268075211243,1.05325559925436,-1.42670093866696,0.154084671906577,0.40686651555108,FALSE,FALSE
"96","Fluviicola","Alloxan",-1.55028810294855,1.10955291174759,-1.39721872344671,0.162746606220432,0.40686651555108,FALSE,FALSE
"97","Rheinheimera","D-Glucose",1.22673172486778,1.05251873695045,1.16552008225725,0.244177593108429,0.406962655180715,FALSE,TRUE
"98","Pseudomonas","D-Glucose",1.66588313840834,1.29429003027636,1.2871018855431,0.198480589831256,0.406962655180715,FALSE,TRUE
"99","Pseudomonas","ß-D-Allose",-2.33392263063277,1.34741893610761,-1.73214326152707,0.0836847300830861,0.418423650415431,FALSE,TRUE
"100","Pseudomonas","HydroxyGlutaricAcid-Lactone",1.78419261272018,1.29429003027636,1.37851066683965,0.168482319758784,0.42120579939696,FALSE,TRUE
"101","Fluviicola","N-Acetyl-D-Glucosaminitol",1.52660751288811,1.10817643617752,1.37758525001119,0.168731162516461,0.421827906291152,FALSE,TRUE
"102","Pseudomonas","N-Acetyl-D-Glucosaminitol",-2.15731152132692,1.34741893610761,-1.60106961800531,0.109808744246128,0.421827906291152,FALSE,TRUE
"103","Fluviicola","D-GluconicAcid",-1.52684519799763,1.11092794998915,-1.37438723907572,0.169719433825262,0.424298584563155,FALSE,FALSE
"104","Fluviicola","Ala-Gln",-1.8989582211848,1.10111046111931,-1.72458466996532,0.0849999831635577,0.424999915817788,FALSE,FALSE
"105","Pseudomonas","L-Valine",1.78820729223914,1.03722618010747,1.72402830408104,0.0851453885567818,0.425726942783909,FALSE,FALSE
"106","Legionella","OxalomalicAcid",-1.81904003901593,1.05535701981681,-1.72362528022193,0.0852248226565589,0.426124113282795,FALSE,FALSE
"107","Fluviicola","D,L-a-Amino-NButyricAcid",-1.78828097811666,1.04124031855247,-1.71745268239586,0.0862948934726447,0.431474467363224,FALSE,FALSE
"108","Fluviicola","Glycyl-L-Proline",-1.52646471681584,1.11916868001514,-1.36392730074897,0.172987080189133,0.432467700472833,FALSE,FALSE
"109","Rheinheimera","D-Alanine",-0.788106933376322,0.837443874921064,-0.941086270946346,0.346962451711512,0.43370306463939,FALSE,TRUE
"110","Fluviicola","L-Asparagine",-1.15616423239114,0.849451407968312,-1.36107165347622,0.173891451331319,0.434728628328296,FALSE,FALSE
"111","Rheinheimera","N-Acetyl-DGalactosamine",1.89307188261049,1.10862951015089,1.7075784698829,0.0881267867544548,0.440633933772274,FALSE,FALSE
"112","Rheinheimera","N-Acetyl-D,L- Methionine",-1.90158053165805,1.11425318198139,-1.70659645618118,0.0883093851364882,0.441546925682441,FALSE,TRUE
"113","Rheinheimera","L-Valine",1.13812023411111,0.852575731074417,1.33491981137776,0.182306045062046,0.455765112655114,FALSE,FALSE
"114","Rheinheimera","L-Glutamine",0.957680155273408,0.878164085353269,1.09054807779818,0.275820630480223,0.459701050800372,FALSE,FALSE
"115","Fluviicola","L-Glutamine",-0.975592251906159,0.875218141778481,-1.11468467726653,0.26533529683195,0.459701050800372,FALSE,FALSE
"116","Rheinheimera","Sucrose",1.87653294748466,1.11383782491926,1.68474521649567,0.0924521109174468,0.462260554587234,FALSE,FALSE
"117","Fluviicola","L-Alaninamide",-1.88773401491109,1.12265170265264,-1.68149570383289,0.0930716924675374,0.465358462337687,FALSE,FALSE
"118","Fluviicola","L-Tyrosine",-1.84713294451112,1.10111046111931,-1.67751829606038,0.0938432878756712,0.468926948274678,FALSE,FALSE
"119","Pseudomonas","L-Tyrosine",1.76622537681209,1.33899497408626,1.31906796589538,0.187570779309871,0.468926948274678,FALSE,FALSE
"120","Curvibacter","HydroxyGlutaricAcid-Lactone",-1.00320748309126,0.930757836446651,-1.07783941623441,0.28144104584532,0.4690684097422,FALSE,TRUE
"121","Curvibacter","L-Leucine",-0.757497394651425,0.765040551379815,-0.990140187059647,0.322421183532733,0.474756363012519,FALSE,FALSE
"122","Legionella","L-Leucine",-1.04166400088264,0.810318170026618,-1.28549999174821,0.199059112620137,0.474756363012519,FALSE,FALSE
"123","Rheinheimera","L-Leucine",0.754623840704114,0.858725140241173,0.878772269893226,0.379805090410015,0.474756363012519,FALSE,TRUE
"124","Rheinheimera","Ala-Gln",1.44733875727597,1.10862951015089,1.30552068479485,0.192114342860775,0.480285857151937,FALSE,FALSE
"125","Curvibacter","Y-Amino-NButyricAcid",1.40463453507631,0.977261750248832,1.43731659887299,0.151028789830134,0.480385759236546,FALSE,FALSE
"126","Pseudomonas","Y-Amino-NButyricAcid",1.73962954768374,1.33256786144533,1.30547163714192,0.192154303694618,0.480385759236546,FALSE,FALSE
"127","Legionella","ItaconicAcid",-1.49010065325455,1.14433950371023,-1.30214909860516,0.193274166188166,0.483185415470416,FALSE,FALSE
"128","Fluviicola","D,L-Octopamine",-1.84172897253953,1.11442418240236,-1.65262832736572,0.0988137042504477,0.494068521252239,FALSE,FALSE
"129","Curvibacter","Agmatine",1.25365296235871,0.977261750248831,1.28282209146066,0.199935198550864,0.499837996377159,FALSE,FALSE
"130","Pseudomonas","D-GlutamicAcid",2.18340242046656,1.33256786144533,1.63849248029921,0.101761132372028,0.508805661860138,FALSE,FALSE
"131","Rheinheimera","Ala-Gly",1.80657074005295,1.10862951015089,1.6295531767029,0.103614191340252,0.518070956701261,FALSE,FALSE
"132","Legionella","D-Fucose",1.26039223897794,0.999522590974647,1.26099424901334,0.207738401459697,0.519346003649242,FALSE,FALSE
"133","Fluviicola","D-Fucose",1.34207809202454,1.05877789778799,1.26757282601802,0.205333276399002,0.519346003649242,FALSE,TRUE
"134","Rheinheimera","Ala-Asp",1.7856147636594,1.10205724342793,1.62025591166688,0.105595989109185,0.527979945545923,FALSE,FALSE
"135","Fluviicola","D-Serine",-0.862060542398344,0.863592890815543,-0.998225612515462,0.31848530317249,0.530808838620816,FALSE,TRUE
"136","Pseudomonas","D-Serine",1.11203065265572,1.08946600065596,1.02071166239806,0.307742384635422,0.530808838620816,FALSE,TRUE
"137","Curvibacter","CaproicAcid",1.62323020611886,1.00355042426072,1.61748743947235,0.106182777252084,0.530913886260418,FALSE,FALSE
"138","Curvibacter","D-GlucuronicAcid",1.23905283566175,1.00062770788979,1.2382755603228,0.215989139714403,0.539972849286008,FALSE,FALSE
"139","Pseudomonas","D-GlucuronicAcid",2.14160029262773,1.36220944131454,1.5721519963634,0.11636331984461,0.539972849286008,FALSE,FALSE
"140","Pseudomonas","Glycerol",2.4145575614716,1.50082934249163,1.60881553492486,0.108100236548868,0.540501182744338,FALSE,TRUE
"141","Curvibacter","L-MalicAcid",-1.49248573159045,1.00883649730944,-1.47941290344957,0.139436646367224,0.547299735098534,FALSE,FALSE
"142","Fluviicola","L-MalicAcid",-1.38708939407357,1.12734493397607,-1.23040371431076,0.218919894039414,0.547299735098534,FALSE,FALSE
"143","Legionella","Ala-His",-1.32695625270087,1.08029998598026,-1.22832201233141,0.219713653012883,0.549284132532207,FALSE,FALSE
"144","Fluviicola","D,L-MalicAcid",-1.77627277848945,1.11916868001514,-1.58713588952956,0.112890420292593,0.564452101462965,FALSE,FALSE
"145","Curvibacter","L-Ornithine",-0.74733716273396,0.784473809939133,-0.952660437181384,0.341065462477959,0.568442437463264,FALSE,FALSE
"146","Legionella","PropionicAcid",-1.27571985456972,1.06101170326142,-1.20236171820566,0.229626002605112,0.57406500651278,FALSE,TRUE
"147","Legionella","AceticAcid",-1.57105491548663,0.995372922763398,-1.57835810032384,0.114930714379621,0.574653571898107,FALSE,FALSE
"148","Legionella","p-HydroxyPhenylAceticAcid",1.26140243476261,1.05274497361727,1.19820323665701,0.231239463286804,0.578098658217009,FALSE,FALSE
"149","Rheinheimera","Guanosine-2’,3’-cyclicmonophosphate",-1.74312384195094,1.10753873337902,-1.5738716754698,0.115937159196316,0.579685795981578,FALSE,TRUE
"150","Legionella","L-Histidine",-0.788325826498562,0.839545005024093,-0.938991741694585,0.348071343068783,0.580118905114639,FALSE,FALSE
"151","Rheinheimera","m-Inositol",-1.23274931072789,1.12207691459378,-1.09863173789131,0.272279876962924,0.582640553240512,FALSE,TRUE
"152","Fluviicola","m-Inositol",-1.31525931980843,1.11916868001514,-1.17521097873346,0.240271833105877,0.582640553240512,FALSE,FALSE
"153","Pseudomonas","m-Inositol",1.27505160494056,1.36220944131454,0.936017301208931,0.349584331944307,0.582640553240512,FALSE,TRUE
"154","Rheinheimera","Hydroxylamine",-0.810485704404834,1.13988120535059,-0.711026465389922,0.477288015534106,0.596610019417632,FALSE,TRUE
"155","Pseudomonas","Histamine",2.08732079094388,1.33899497408626,1.55887126639015,0.119471551274523,0.597357756372614,FALSE,FALSE
"156","Curvibacter","L-Alanine",0.583068845202059,0.811654869376276,0.718370414816982,0.472749310367984,0.598544990145439,FALSE,TRUE
"157","Fluviicola","L-Alanine",-0.639301573692153,0.902301440022413,-0.708523277626901,0.478835992116351,0.598544990145439,FALSE,TRUE
"158","Legionella","ß-Methyl-D-Xyloside",1.25110709492061,1.06731202079827,1.17220369539629,0.241521069140721,0.603802672851802,FALSE,FALSE
"159","Fluviicola","ß-Methyl-D-Xyloside",1.36564695885693,1.12634125963761,1.21246287230595,0.225706680494759,0.603802672851802,FALSE,TRUE
"160","Curvibacter","Y-Cyclodextrin",1.1606498803227,0.995289484156882,1.16614301547242,0.243917798743428,0.60979449685857,FALSE,TRUE
"161","Pseudomonas","D-GalacturonicAcid",2.10943371928715,1.37020184993661,1.53950581761712,0.124128908967668,0.620644544838338,FALSE,FALSE
"162","Fluviicola","Glycerol",-1.28024820930354,1.12213637829989,-1.14090250887615,0.254263494168788,0.63565873542197,FALSE,FALSE
"163","Legionella","N-Amylamine",-1.72132904541409,1.13324528107378,-1.51893775704329,0.129191973729288,0.64595986864644,FALSE,FALSE
"164","Legionella","S-Methyl-L- Cysteine",0.842905636957013,1.04889006168646,0.803616763802438,0.421911332510782,0.651548416401787,FALSE,TRUE
"165","Rheinheimera","S-Methyl-L- Cysteine",0.712749806803077,1.11065578253349,0.641737807529567,0.52123873312143,0.651548416401787,FALSE,TRUE
"166","Fluviicola","S-Methyl-L- Cysteine",-0.744895305216351,1.10958316349014,-0.671328954625915,0.502216122163983,0.651548416401787,FALSE,TRUE
"167","Pseudomonas","S-Methyl-L- Cysteine",1.23346173209179,1.49058705563329,0.827500633009146,0.408236544295353,0.651548416401787,FALSE,TRUE
"168","Fluviicola","Met-Ala",-1.65645521345143,1.09453470733623,-1.51338756308856,0.130587813782617,0.652939068913085,FALSE,FALSE
"169","Legionella","Maltose",-1.61045475586824,1.0646520443577,-1.51265830409392,0.130813393130031,0.654066965650155,FALSE,FALSE
"170","Pseudomonas","D-Glucosamine-6-Phosphate",1.16108404946491,1.35872255359714,0.854540940967676,0.393108330262214,0.655180550437024,FALSE,TRUE
"171","Legionella","L-Asparagine",-0.683428847669498,0.803985769846077,-0.85005092540424,0.395596936891599,0.659328228152665,FALSE,TRUE
"172","Pseudomonas","Ala-His",1.16513214316074,1.37362411346216,0.848217595877873,0.396602080635824,0.661003467726374,FALSE,TRUE
"173","Rheinheimera","Turanose",1.64864783988849,1.10931641971747,1.48618357268017,0.137649125137023,0.663033704330193,FALSE,FALSE
"174","Pseudomonas","Turanose",-1.50242328853356,1.34741893610761,-1.11503797985334,0.265213481732077,0.663033704330193,FALSE,TRUE
"175","Rheinheimera","L-Arginine",0.721770632822047,0.854933465212223,0.844241876346343,0.398802389446595,0.664670649077658,FALSE,TRUE
"176","Pseudomonas","D-Threonine",2.04774560329171,1.36220944131454,1.50325312773902,0.133220943783415,0.666104718917076,FALSE,FALSE
"177","Legionella","L-TartaricAcid",0.883049671015595,1.04908907205897,0.841729929835695,0.400231653336163,0.667052755560271,FALSE,TRUE
"178","Pseudomonas","L-Leucine",0.438376600134569,1.04323580410554,0.42020854576634,0.674462401222357,0.674462401222357,FALSE,TRUE
"179","Curvibacter","Y-AminoButyricAcid",1.48954976133905,0.995289484156882,1.49659951707504,0.134907379535325,0.674536897676627,FALSE,FALSE
"180","Legionella","4-HydroxyBenzoicAcid",-0.688428746968261,1.06361080685734,-0.647256254383466,0.517682031566601,0.67630448615441,FALSE,TRUE
"181","Rheinheimera","4-HydroxyBenzoicAcid",0.687214226531196,1.1237905585315,0.611514504472439,0.541043588923528,0.67630448615441,FALSE,TRUE
"182","Rheinheimera","p-HydroxyPhenylAceticAcid",-0.68057570047311,1.11383782491926,-0.611018664698737,0.541371618687246,0.676714523359058,FALSE,TRUE
"183","Fluviicola","p-HydroxyPhenylAceticAcid",0.714824719242692,1.11092794998915,0.643448316562451,0.520123897087292,0.676714523359058,FALSE,TRUE
"184","Rheinheimera","Agmatine",0.915145910238586,1.10205724342793,0.830397799838459,0.406577107847066,0.677628513078444,FALSE,TRUE
"185","Legionella","N-Acetyl-D-Galactosamine",0.816562374852999,0.993408843324155,0.821980174970669,0.411372977875193,0.685621629791988,FALSE,TRUE
"186","Curvibacter","D-Ribone-1,4-Lactone",-0.402050723235248,0.989016032332795,-0.406515880523119,0.684476583686825,0.686188088717912,FALSE,FALSE
"187","Legionella","D-Ribone-1,4-Lactone",0.605905816216386,1.04908907205897,0.577554215703741,0.563754103893451,0.686188088717912,FALSE,TRUE
"188","Rheinheimera","D-Ribone-1,4-Lactone",0.448374133672902,1.10931641971747,0.404189576304204,0.686188088717912,0.686188088717912,FALSE,TRUE
"189","Fluviicola","D-Ribone-1,4-Lactone",0.475824133428866,1.10817643617752,0.429375790618819,0.667769741958735,0.686188088717912,FALSE,TRUE
"190","Pseudomonas","D-Ribone-1,4-Lactone",-0.675398900481848,1.34741893610761,-0.501253828622094,0.616348715428339,0.686188088717912,FALSE,TRUE
"191","Rheinheimera","D-Cellobiose",1.66836453589232,1.12207691459378,1.48685398852208,0.137471964183904,0.687359820919522,FALSE,FALSE
"192","Fluviicola","Tween80",-0.914246742492943,1.11916868001514,-0.816898076955274,0.414238123303707,0.690396872172845,FALSE,FALSE
"193","Pseudomonas","Tween80",1.36824073091459,1.36220944131454,1.00442757876808,0.31551668455706,0.690396872172845,FALSE,TRUE
"194","Rheinheimera","Glycerol",0.990157900800685,1.21633892369831,0.8140476979805,0.415874974719622,0.693124957866037,FALSE,TRUE
"195","Rheinheimera","ß-D-Allose",-1.01425102315156,1.10931641971747,-0.914302722941643,0.360850469107002,0.697043835073809,FALSE,TRUE
"196","Fluviicola","ß-D-Allose",0.897553127342397,1.10817643617752,0.809937026308165,0.418226301044285,0.697043835073809,FALSE,TRUE
"197","Legionella","D-Xylose",-0.613014409954918,1.04644241829459,-0.585808066681741,0.558191476401134,0.697739345501417,FALSE,TRUE
"198","Rheinheimera","D-Xylose",0.687939113459723,1.10755661213362,0.6211322346173,0.534700594158895,0.697739345501417,FALSE,TRUE
"199","Fluviicola","D-Xylose",-1.06694584680955,1.10464547119344,-0.965871743136591,0.334410150413128,0.697739345501417,FALSE,FALSE
"200","Pseudomonas","D-Xylose",1.02841082352286,1.34801801079287,0.762905847910723,0.445774374699936,0.697739345501417,FALSE,TRUE
"201","Pseudomonas","Thymidine-5’- monophosphate",-2.00915850226942,1.35872255359714,-1.47871138000196,0.139683669042135,0.698418345210673,FALSE,TRUE
"202","Rheinheimera","D,L-a-Amino-NButyricAcid",0.847955694777278,1.04879263305832,0.808506532225164,0.419054407239621,0.698424012066036,FALSE,TRUE
"203","Pseudomonas","D,L-a-Amino-NButyricAcid",-1.08244295074573,1.28053149542995,-0.845307557532807,0.398223329665766,0.698424012066036,FALSE,TRUE
"204","Rheinheimera","L-Ornithine",0.513575471941463,0.87807689762862,0.584886669184045,0.558799132361742,0.698498915452177,FALSE,TRUE
"205","Rheinheimera","ItaconicAcid",-0.908198657258784,1.13147198531953,-0.802670034293698,0.422418740698718,0.704031234497863,FALSE,TRUE
"206","Curvibacter","Ala-His",-0.381005248240954,1.01940842176763,-0.373751324891254,0.708690829046903,0.708690829046903,FALSE,TRUE
"207","Rheinheimera","Ala-His",0.491574692977315,1.14401761455907,0.429691542089393,0.667542964313329,0.708690829046903,FALSE,TRUE
"208","Legionella","D-Glucosamine",0.463429091622385,0.810318170026618,0.571910033323283,0.567573602654183,0.709467003317729,FALSE,TRUE
"209","Fluviicola","D-Glucosamine",-0.572084034260714,0.855921685266734,-0.668383619796283,0.504090598055035,0.709467003317729,FALSE,TRUE
"210","Pseudomonas","D-Glucosamine",0.881664720526267,1.04323580410554,0.845125059029388,0.398330532493459,0.709467003317729,FALSE,FALSE
"211","Fluviicola","ß-Cyclodextrin",-1.63289944733968,1.11142350237545,-1.46919643488704,0.142187462033496,0.710937310167478,FALSE,FALSE
"212","Curvibacter","b-Methyl-D-Mannoside",-0.369098950851198,1.0008137665435,-0.36879883469824,0.712379082334419,0.712379082334419,FALSE,FALSE
"213","Legionella","b-Methyl-D-Mannoside",0.553323836880056,1.06087650698086,0.52157233498813,0.602136004369717,0.712379082334419,FALSE,TRUE
"214","Rheinheimera","b-Methyl-D-Mannoside",-0.802411262619484,1.12106512874592,-0.715757935952483,0.474362718111851,0.712379082334419,FALSE,TRUE
"215","Fluviicola","b-Methyl-D-Mannoside",0.78036518925706,1.11992606263088,0.69680063291309,0.486137623063933,0.712379082334419,FALSE,TRUE
"216","Rheinheimera","Maltose",1.19198603353904,1.12570520951188,1.0588793793145,0.289994262049356,0.724985655123389,FALSE,TRUE
"217","Pseudomonas","Glycogen",-2.17618456434604,1.49289044978784,-1.4576987646048,0.1453647376521,0.726823688260502,FALSE,TRUE
"218","Fluviicola","Maltose",-0.869688067334909,1.12279769011616,-0.774572369528956,0.438829015148866,0.731381691914777,FALSE,TRUE
"219","Curvibacter","D-Fucose",0.509277261131628,0.939403702504658,0.542128224291412,0.587887071826489,0.734858839783112,FALSE,TRUE
"220","Rheinheimera","D-Fucose",0.751174553218714,1.15166256472552,0.652252297006585,0.514437477797773,0.734858839783112,FALSE,TRUE
"221","Legionella","L-Tryptophan",-0.809345517215025,1.05325559925436,-0.768422705550286,0.442479380604569,0.737465634340948,FALSE,TRUE
"222","Fluviicola","L-Tryptophan",-1.47408211327435,1.10955291174759,-1.32853701492487,0.184390753743741,0.737465634340948,FALSE,TRUE
"223","Pseudomonas","L-Tryptophan",1.05184277750625,1.34724860781692,0.780733987330413,0.435218656874679,0.737465634340948,FALSE,TRUE
"224","Curvibacter","Keto-GlutaricAcid",0.334372977748326,1.00062770788979,0.334163220858115,0.738346867670884,0.738346867670884,FALSE,TRUE
"225","Legionella","Keto-GlutaricAcid",-0.555272209386106,1.06101170326142,-0.523342209778899,0.600900139392636,0.738346867670884,FALSE,TRUE
"226","Rheinheimera","Keto-GlutaricAcid",-0.411861587888362,1.12207691459378,-0.367052902106505,0.71368268385822,0.738346867670884,FALSE,TRUE
"227","Fluviicola","Keto-GlutaricAcid",0.507470621738729,1.11916868001514,0.453435331778461,0.650362437695383,0.738346867670884,FALSE,TRUE
"228","Legionella","ε-Amino-NCaproicAcid",-1.51309099722823,1.04478711557022,-1.44822899773455,0.147973346986009,0.739866734930043,FALSE,FALSE
"229","Legionella","D-Galactose",-0.813875663737088,1.05274497361727,-0.77309859855287,0.439722453505937,0.743588403272511,FALSE,TRUE
"230","Rheinheimera","D-Galactose",0.849016267911655,1.11383782491926,0.762244061852721,0.446153041963507,0.743588403272511,FALSE,TRUE
"231","Fluviicola","D-Galactose",-1.02471651014714,1.11092794998915,-0.922396911660335,0.356609109156864,0.743588403272511,FALSE,FALSE
"232","Legionella","D-SaccharicAcid",-1.4314703358326,0.991206867998463,-1.444169105409,0.149134462347807,0.745672311739036,FALSE,FALSE
"233","Curvibacter","Ala-Asp",0.989085856588466,0.977261750248832,1.01209922145896,0.311804239543765,0.747259140335821,FALSE,TRUE
"234","Legionella","Ala-Asp",0.334686546913748,1.03819081262688,0.322374791650205,0.747259140335821,0.747259140335821,FALSE,TRUE
"235","Fluviicola","Ala-Asp",-0.468283707169045,1.09453470733623,-0.427838152623508,0.6688874925827,0.747259140335821,FALSE,TRUE
"236","Pseudomonas","Ala-Asp",-0.614882544932226,1.33256786144533,-0.461426815640979,0.644633456999909,0.747259140335821,FALSE,TRUE
"237","Fluviicola","D-GalactonicAcid-Y-Lactone",1.17017171936643,1.12734493397607,1.03798906980431,0.299599408729352,0.748998521823379,FALSE,TRUE
"238","Curvibacter","Uridine-3’,5’-cyclicmonophosphate",0.470093066403053,0.987179796162943,0.47619802211335,0.634072737121007,0.752105553270361,FALSE,TRUE
"239","Legionella","Uridine-3’,5’-cyclicmonophosphate",0.330458334437293,1.04576239751121,0.315997529863134,0.752105553270361,0.752105553270361,FALSE,TRUE
"240","Rheinheimera","Uridine-3’,5’-cyclicmonophosphate",-0.780998396963537,1.10753873337902,-0.705165763892309,0.480925148731432,0.752105553270361,FALSE,TRUE
"241","Fluviicola","Uridine-3’,5’-cyclicmonophosphate",-0.421119221314126,1.10646588219357,-0.380598469497547,0.703608164836276,0.752105553270361,FALSE,TRUE
"242","Pseudomonas","Uridine-3’,5’-cyclicmonophosphate",0.507153748251628,1.35216365149569,0.375068319349245,0.707727402962643,0.752105553270361,FALSE,TRUE
"243","Curvibacter","D-GluconicAcid",0.312918894724686,0.992353707238924,0.315330000222739,0.75259606081653,0.75259606081653,FALSE,TRUE
"244","Legionella","D-GluconicAcid",-0.686057815096398,1.05274497361727,-0.651684721646383,0.514816389551554,0.75259606081653,FALSE,TRUE
"245","Rheinheimera","D-GluconicAcid",-0.38619137069654,1.11383782491926,-0.346721364687481,0.728897526738973,0.75259606081653,FALSE,TRUE
"246","Fluviicola","N-Acetyl-D-Galactosamine",-0.546818392978712,1.05268592975867,-0.519450652393607,0.603595619390496,0.75449452423812,FALSE,FALSE
"247","Rheinheimera","PyruvicAcid",-1.59952952662782,1.11383782491926,-1.43605244034855,0.151402710975091,0.757013554875457,FALSE,TRUE
"248","Fluviicola","O-Phospho-DTyrosine",-1.58846979040478,1.10646588219357,-1.43562473635033,0.151522885585596,0.75761442792798,FALSE,TRUE
"249","Curvibacter","m-TartaricAcid",-0.34066074245443,0.932621740723344,-0.36527214365624,0.715008008732657,0.757726572879705,FALSE,TRUE
"250","Legionella","m-TartaricAcid",0.306448230023826,0.993068924123963,0.308587070423294,0.757726572879705,0.757726572879705,FALSE,TRUE
"251","Rheinheimera","m-TartaricAcid",-0.377044316147733,1.05437380140868,-0.35760023214157,0.720742711241727,0.757726572879705,FALSE,TRUE
"252","Fluviicola","m-TartaricAcid",-0.70994441154506,1.05145137294564,-0.675204227044902,0.499747742396534,0.757726572879705,FALSE,TRUE
"253","Pseudomonas","m-TartaricAcid",2.00633338189357,1.43285415723099,1.40023558697058,0.161878655273505,0.757726572879705,FALSE,TRUE
"254","Curvibacter","Histamine",0.34247105222968,0.983864118219679,0.348087755095072,0.727868132947505,0.761053243548921,FALSE,TRUE
"255","Legionella","Histamine",-0.540551082641985,1.04478711557022,-0.517379162306156,0.605044939503536,0.761053243548921,FALSE,TRUE
"256","Rheinheimera","Histamine",0.337254306146145,1.10862951015089,0.304208306795156,0.761053243548921,0.761053243548921,FALSE,TRUE
"257","Fluviicola","Histamine",-0.910907861860203,1.10111046111931,-0.827262925950444,0.408342000604936,0.761053243548921,FALSE,TRUE
"258","Curvibacter","Gelatin",0.652779604553798,0.933283997003195,0.699443692005751,0.484486085896875,0.761321641454761,FALSE,TRUE
"259","Legionella","Gelatin",-0.399531719131407,0.993408843324155,-0.402182567445736,0.687674600349984,0.761321641454761,FALSE,TRUE
"260","Rheinheimera","Gelatin",0.437092325766224,1.05383050570425,0.414765299922803,0.678431861483987,0.761321641454761,FALSE,TRUE
"261","Fluviicola","Gelatin",-0.319862104517235,1.05268592975867,-0.303853310351135,0.761321641454761,0.761321641454761,FALSE,TRUE
"262","Pseudomonas","Gelatin",-1.09502682804414,1.29323233332945,-0.846736351870338,0.397428955421152,0.761321641454761,FALSE,TRUE
"263","Curvibacter","HydroxyButyricAcid",-1.43313557897703,1.00062770788979,-1.43223655279279,0.152479632500838,0.762398162504189,FALSE,FALSE
"264","Pseudomonas","D,L-Octopamine",1.3889342843271,1.35352622219698,1.02615986417511,0.305167618705925,0.762919046764813,FALSE,FALSE
"265","Rheinheimera","D,L-MalicAcid",-1.15104930094126,1.12207691459378,-1.02582032120139,0.305305702990113,0.763264257475282,FALSE,TRUE
"266","Rheinheimera","L-TartaricAcid",0.39500230250344,1.10931641971747,0.356077216096775,0.721882477343742,0.765383314922789,FALSE,TRUE
"267","Pseudomonas","L-TartaricAcid",-0.402250614517449,1.34741893610761,-0.298534185425255,0.765383314922789,0.765383314922789,FALSE,TRUE
"268","Pseudomonas","L-Proline",0.766930247829752,1.03982566161567,0.737556569471563,0.461032377758856,0.768387296264759,FALSE,TRUE
"269","Curvibacter","Taurocholic acid",0.289355483059252,0.993922711708482,0.291124731984312,0.771036846349175,0.771036846349175,FALSE,TRUE
"270","Legionella","Taurocholic acid",0.400523586132131,1.052499639537,0.380545105277494,0.703664817453665,0.771036846349175,FALSE,TRUE
"271","Rheinheimera","Taurocholic acid",0.388580885523832,1.11425318198139,0.348736617321431,0.727384536621917,0.771036846349175,FALSE,TRUE
"272","Fluviicola","Taurocholic acid",-0.474014334448427,1.11318082933225,-0.425819706877963,0.670360460495847,0.771036846349175,FALSE,TRUE
"273","Pseudomonas","Taurocholic acid",-1.0439514430926,1.35872255359714,-0.768333049546281,0.44255789544785,0.771036846349175,FALSE,TRUE
"274","Fluviicola","Turanose",0.8131345703851,1.10817643617752,0.733759123402662,0.463318646050153,0.772197743416922,FALSE,TRUE
"275","Curvibacter","D-Glucosamine",-0.219996069971068,0.765040551379814,-0.287561318905628,0.773761062589074,0.773761062589074,FALSE,TRUE
"276","Curvibacter","Tween20",-0.48055954952182,0.969233768531934,-0.4958138739323,0.620166409844608,0.77520801230576,FALSE,TRUE
"277","Rheinheimera","Tween80",0.554671784081119,1.12207691459378,0.49432599215529,0.62122014757864,0.7765251844733,FALSE,TRUE
"278","Pseudomonas","D,L-Carnitine",1.93441333099735,1.36157064036452,1.42072197626079,0.155839005446065,0.779195027230326,FALSE,FALSE
"279","Legionella","L-MalicAcid",-0.461818567938581,1.069213385357,-0.431923668617733,0.665928599873906,0.779936153964151,FALSE,TRUE
"280","Rheinheimera","L-MalicAcid",0.341414179127791,1.22150773968071,0.279502264322152,0.779936153964151,0.779936153964151,FALSE,FALSE
"281","Pseudomonas","L-MalicAcid",0.92510433877816,1.37020184993661,0.675159166381915,0.499795697023617,0.779936153964151,FALSE,TRUE
"282","Rheinheimera","L-Phenylalanine",0.627061237255996,0.852528303580073,0.735531283387003,0.462245028504447,0.783160488481817,FALSE,TRUE
"283","Fluviicola","L-Phenylalanine",-0.61435662102526,0.849723283801906,-0.72300786942833,0.46989629308909,0.783160488481817,FALSE,TRUE
"284","Pseudomonas","L-Phenylalanine",0.881424890632678,1.03717983681261,0.849828409064927,0.395711807808398,0.783160488481817,FALSE,FALSE
"285","Curvibacter","Ala-Thr",0.305580296814719,0.977261750248832,0.312690327577961,0.754599466265174,0.785378391441206,FALSE,TRUE
"286","Legionella","Ala-Thr",-0.282818701152103,1.03819081262688,-0.272414952735424,0.785378391441206,0.785378391441206,FALSE,TRUE
"287","Rheinheimera","Ala-Thr",0.825686206781781,1.10205724342793,0.749222612260595,0.45395702539731,0.785378391441206,FALSE,TRUE
"288","Fluviicola","Ala-Thr",-0.652615257673158,1.09453470733623,-0.596249030112008,0.551182508601698,0.785378391441206,FALSE,TRUE
"289","Pseudomonas","Ala-Thr",-0.382316001684709,1.33256786144533,-0.286901712660279,0.774271113820162,0.785378391441206,FALSE,TRUE
"290","Curvibacter","N-Acetyl-D,L- Methionine",0.349842608370776,0.993922711708482,0.351981702651126,0.724951386451004,0.786444494195439,FALSE,TRUE
"291","Legionella","N-Acetyl-D,L- Methionine",0.285271683577769,1.052499639537,0.271042072473547,0.786444494195439,0.786444494195439,FALSE,TRUE
"292","Fluviicola","N-Acetyl-D,L- Methionine",-0.312650376249416,1.11318082933225,-0.28086216364053,0.778892991095218,0.786444494195439,FALSE,TRUE
"293","Pseudomonas","N-Acetyl-D,L- Methionine",-1.18894384028258,1.35872255359714,-0.87504534103369,0.381860293722765,0.786444494195439,FALSE,TRUE
"294","Curvibacter","L-Citrulline",0.38245404662604,0.983864118219679,0.388726491335102,0.69758449311602,0.787476379908434,FALSE,TRUE
"295","Legionella","L-Citrulline",-0.450148136406696,1.04478711557022,-0.430851538747218,0.666700834147003,0.787476379908434,FALSE,TRUE
"296","Rheinheimera","L-Citrulline",0.503456544647474,1.10862951015089,0.45412515185434,0.649869615859402,0.787476379908434,FALSE,TRUE
"297","Fluviicola","L-Citrulline",-0.296949846710943,1.10111046111931,-0.269682159235038,0.787476379908434,0.787476379908434,FALSE,TRUE
"298","Rheinheimera","L-Serine",0.890746723213594,0.886018583873942,1.00533638845246,0.315057843686318,0.787644609215794,FALSE,TRUE
"299","Legionella","CaproicAcid",-0.948027766274558,1.06361080685734,-0.891329572962595,0.373064029710561,0.790848917540761,FALSE,TRUE
"300","Rheinheimera","CaproicAcid",0.340259675515501,1.1237905585315,0.302778549732729,0.762142253124626,0.790848917540761,FALSE,TRUE
"301","Fluviicola","CaproicAcid",0.297840038203969,1.12265170265264,0.26530048233145,0.790848917540761,0.790848917540761,FALSE,TRUE
"302","Pseudomonas","CaproicAcid",-0.728166139928655,1.36157064036452,-0.534798649693057,0.592957448896888,0.790848917540761,FALSE,TRUE
"303","Legionella","L-LacticAcid",-1.46207742496643,1.04644241829459,-1.39718860723288,0.162795249919965,0.79229882928911,FALSE,FALSE
"304","Rheinheimera","L-LacticAcid",-0.790919328329341,1.10755661213362,-0.714111874431137,0.475379297573466,0.79229882928911,FALSE,TRUE
"305","Pseudomonas","L-LacticAcid",0.962889646719576,1.34801801079287,0.714300283089861,0.475277608432664,0.79229882928911,FALSE,TRUE
"306","Curvibacter","CitricAcid",-0.53492947912053,1.00062770788979,-0.534593910305195,0.593084140006439,0.79251979882886,FALSE,TRUE
"307","Legionella","CitricAcid",0.557589274806419,1.06101170326142,0.525526036227929,0.599382357303806,0.79251979882886,FALSE,TRUE
"308","Rheinheimera","CitricAcid",0.295255832921757,1.12207691459378,0.263133328100459,0.79251979882886,0.79251979882886,FALSE,TRUE
"309","Fluviicola","CitricAcid",-0.49026567708748,1.11916868001514,-0.438062363468612,0.661463343037816,0.79251979882886,FALSE,TRUE
"310","Curvibacter","6-Phospho-GluconicAcid",0.393860564526896,0.993922711708482,0.39626880429151,0.692020052692538,0.793905815030071,FALSE,TRUE
"311","Legionella","6-Phospho-GluconicAcid",-0.283683394824814,1.052499639537,-0.269533009008544,0.787604856783887,0.793905815030071,FALSE,TRUE
"312","Rheinheimera","6-Phospho-GluconicAcid",0.291193100591946,1.11425318198139,0.261334771397411,0.793905815030071,0.793905815030071,FALSE,TRUE
"313","Fluviicola","6-Phospho-GluconicAcid",-0.47740577397494,1.11318082933225,-0.428866327370474,0.668142718223735,0.793905815030071,FALSE,TRUE
"314","Pseudomonas","6-Phospho-GluconicAcid",-0.415149805564268,1.35872255359714,-0.305544207288811,0.760045848690432,0.793905815030071,FALSE,TRUE
"315","Legionella","Keto-ButyricAcid",0.763858218544885,1.07311764325166,0.711812188857795,0.476815917824862,0.79469319637477,FALSE,TRUE
"316","Rheinheimera","L-Histidine",0.419241297726266,0.887854453946673,0.4721959729578,0.636923724112719,0.796154655140898,FALSE,TRUE
"317","Curvibacter","L-Arginine",-0.194443631194616,0.76123247972197,-0.255432652145418,0.798458165539135,0.798458165539135,FALSE,TRUE
"318","Legionella","L-Arginine",-0.369826362707445,0.806513321288385,-0.458549602276446,0.646705448868853,0.798458165539135,FALSE,TRUE
"319","Pseudomonas","D-SaccharicAcid",1.2886936386208,1.29429003027636,0.99567609150604,0.319748675015581,0.799371687538953,FALSE,TRUE
"320","Legionella","N-Acetyl-DGlucosamine",-0.802201272667542,0.806724315566445,-0.994393322710588,0.320386276019533,0.800965690048831,FALSE,TRUE
"321","Curvibacter","ß-D-Allose",-0.283196124879157,0.989016032332795,-0.286341288331981,0.774693783078303,0.802937870837893,FALSE,TRUE
"322","Legionella","ß-D-Allose",0.261897873881488,1.04908907205897,0.249643124551359,0.802937870837893,0.802937870837893,FALSE,TRUE
"323","Curvibacter","4-HydroxyBenzoicAcid",0.248644902819999,1.00355042426072,0.247765231132424,0.804382131358996,0.804382131358996,FALSE,TRUE
"324","Curvibacter","Thiosulfate",0.428723024515318,0.997246965625772,0.429906572085977,0.667387752953177,0.806005742176511,FALSE,TRUE
"325","Legionella","Thiosulfate",0.273640238840117,1.05582112195038,0.259172915895669,0.795583665664544,0.806005742176511,FALSE,TRUE
"326","Rheinheimera","Thiosulfate",-0.717894816683336,1.11756352574446,-0.642374952426184,0.52082528242311,0.806005742176511,FALSE,TRUE
"327","Fluviicola","Thiosulfate",-0.274286502669557,1.11649141680381,-0.245668259102932,0.806005742176511,0.806005742176511,FALSE,TRUE
"328","Pseudomonas","Thiosulfate",-1.18450608609892,1.49723735075339,-0.791127796473213,0.429138501315938,0.806005742176511,FALSE,FALSE
"329","Curvibacter","D,L-a-Amino-NButyricAcid",0.425764892323675,0.923739433831548,0.460914492475068,0.644988347421525,0.806235434276907,FALSE,TRUE
"330","Curvibacter","Glutathione",0.243353150469236,0.993922711708482,0.244841120544402,0.806646783011068,0.806646783011068,FALSE,TRUE
"331","Legionella","Glutathione",0.377239703200576,1.052499639537,0.358422643609196,0.720143114002816,0.806646783011068,FALSE,TRUE
"332","Rheinheimera","Glutathione",-0.763449120534077,1.11425318198139,-0.685166650524158,0.493449623138799,0.806646783011068,FALSE,TRUE
"333","Fluviicola","Glutathione",-0.3297174884981,1.11318082933225,-0.296194005331446,0.767163295782126,0.806646783011068,FALSE,TRUE
"334","Pseudomonas","Glutathione",-0.987646655948763,1.35872255359714,-0.726893546687676,0.467543024829424,0.806646783011068,FALSE,TRUE
"335","Legionella","Adenosine-3’-monophosphate",-0.481432655352823,1.04576239751121,-0.460365238316633,0.64540763811931,0.806759547649137,FALSE,TRUE
"336","Rheinheimera","Adenosine-3’-monophosphate",0.793932831836865,1.10753873337902,0.716844303417393,0.473692452168409,0.806759547649137,FALSE,TRUE
"337","Fluviicola","Adenosine-3’-monophosphate",-0.716050231867578,1.10646588219357,-0.647150755744956,0.517730883137483,0.806759547649137,FALSE,TRUE
"338","Pseudomonas","Adenosine-3’-monophosphate",0.630573669811498,1.35216365149569,0.466344195182284,0.6411195169627,0.806759547649137,FALSE,TRUE
"339","Curvibacter","Glycine",-0.205069342855596,0.761563378632253,-0.269274164973498,0.787791904391821,0.807308585969048,FALSE,TRUE
"340","Legionella","Glycine",0.19686625662038,0.806843938990935,0.24399545823767,0.807308585969048,0.807308585969048,FALSE,TRUE
"341","Rheinheimera","Glycine",0.437844013870498,0.855262933670033,0.511940827356633,0.608842527122164,0.807308585969048,FALSE,TRUE
"342","Fluviicola","Glycine",-0.696717471011545,0.852458607069102,-0.81730357959195,0.414009718972059,0.807308585969048,FALSE,FALSE
"343","Pseudomonas","Glycine",1.26055595998069,1.03985210590653,1.21224542684534,0.225828502091664,0.807308585969048,FALSE,FALSE
"344","Curvibacter","N-Acetyl-D-Glucosaminitol",-0.240385795227456,0.989016032332795,-0.243055509080532,0.808027147654194,0.808027147654194,FALSE,TRUE
"345","Legionella","N-Acetyl-D-Glucosaminitol",0.599974254881478,1.04908907205897,0.571900204530727,0.567576408376944,0.808027147654194,FALSE,TRUE
"346","Rheinheimera","N-Acetyl-D-Glucosaminitol",0.384800481363169,1.10931641971747,0.346880722689719,0.72877784699631,0.808027147654194,FALSE,TRUE
"347","Curvibacter","D-Fructose-6Phosphate",0.227108043956987,0.934928017021941,0.242915005029373,0.808135565203154,0.808135565203154,FALSE,TRUE
"348","Legionella","D-Fructose-6Phosphate",-0.384651077130124,0.995372922763397,-0.386439160975204,0.699287738789736,0.808135565203154,FALSE,TRUE
"349","Rheinheimera","D-Fructose-6Phosphate",-0.593775408745304,1.14850327762936,-0.516999315814685,0.605308452884859,0.808135565203154,FALSE,FALSE
"350","Fluviicola","D-Fructose-6Phosphate",0.601050625953015,1.05374726287002,0.570393534703923,0.568576409192169,0.808135565203154,FALSE,TRUE
"351","Pseudomonas","D-Fructose-6Phosphate",-0.389260296378392,1.29833803929156,-0.299814289189888,0.764407062791852,0.808135565203154,FALSE,TRUE
"352","Legionella","HydroxyButyricAcid",0.255344879472639,1.06101170326142,0.240661699289215,0.809887104151132,0.809887104151132,FALSE,TRUE
"353","Rheinheimera","HydroxyButyricAcid",-0.350642837527278,1.12207691459378,-0.312494476062025,0.754751279093635,0.809887104151132,FALSE,TRUE
"354","Fluviicola","HydroxyButyricAcid",-1.09268450066266,1.11916868001514,-0.976335846574867,0.329203208273287,0.809887104151132,FALSE,FALSE
"355","Pseudomonas","HydroxyButyricAcid",0.538892041268276,1.36220944131454,0.395601458134251,0.692518570720846,0.809887104151132,FALSE,TRUE
"356","Legionella","D-GlucosaminicAcid",0.481149732067993,1.04644241829459,0.459795707490656,0.645804240133175,0.809957866345373,FALSE,TRUE
"357","Rheinheimera","D-GlucosaminicAcid",-1.43605680695544,1.10755661213362,-1.29659901013004,0.195166386530041,0.809957866345373,FALSE,TRUE
"358","Fluviicola","D-GlucosaminicAcid",-0.631483083552587,1.10464547119344,-0.571661315797856,0.567717471405934,0.809957866345373,FALSE,TRUE
"359","Pseudomonas","D-GlucosaminicAcid",0.615754026989874,1.34801801079287,0.45678471805262,0.647966293076298,0.809957866345373,FALSE,TRUE
"360","Curvibacter","Methyl-DGalactoside",-0.441778369717457,0.999983945704367,-0.441785462271875,0.658767793794806,0.812077585842408,FALSE,TRUE
"361","Legionella","Methyl-DGalactoside",0.485370780375576,1.06036850290726,0.45773783269195,0.647281460217692,0.812077585842408,FALSE,TRUE
"362","Rheinheimera","Methyl-DGalactoside",0.717612530133215,1.21275775953551,0.591719594857972,0.554215975565129,0.812077585842408,FALSE,TRUE
"363","Fluviicola","Methyl-DGalactoside",-0.413638058031023,1.11852748916273,-0.369805893944234,0.711628316704497,0.812077585842408,FALSE,TRUE
"364","Pseudomonas","Methyl-DGalactoside",-0.323832895755951,1.36158275648966,-0.237835632254066,0.812077585842408,0.812077585842408,FALSE,TRUE
"365","Curvibacter","D-Lactose",-0.618103141166737,1.0042712165425,-0.615474317082131,0.538422352953247,0.813641396516378,FALSE,TRUE
"366","Legionella","D-Lactose",0.251065223159565,1.0646520443577,0.235819040117498,0.813641396516378,0.813641396516378,FALSE,TRUE
"367","Rheinheimera","D-Lactose",0.656984180958397,1.12570520951188,0.583620094681159,0.559650704272582,0.813641396516378,FALSE,TRUE
"368","Fluviicola","D-Lactose",-0.307702844162779,1.12279769011616,-0.274050122182694,0.784119248276927,0.813641396516378,FALSE,TRUE
"369","Pseudomonas","D-Lactose",0.486878275608323,1.50146643867215,0.324268503822771,0.745830059743156,0.813641396516378,FALSE,TRUE
"370","Curvibacter","Tyramine",0.315437135388304,0.766284981144901,0.411644679394619,0.680715734375365,0.814673081560548,FALSE,TRUE
"371","Legionella","Tyramine",-0.245793216470576,0.811663831927013,-0.302826375652375,0.762115095460366,0.814673081560548,FALSE,TRUE
"372","Rheinheimera","Tyramine",-0.201669153119621,0.860055476482783,-0.234483889276948,0.814673081560548,0.814673081560548,FALSE,TRUE
"373","Legionella","Y-Amino-NButyricAcid",0.460825042642507,1.03819081262688,0.443873165739644,0.657263058106131,0.815859732855749,FALSE,TRUE
"374","Rheinheimera","Y-Amino-NButyricAcid",0.256729635786016,1.10205724342793,0.232954900770366,0.815859732855749,0.815859732855749,FALSE,TRUE
"375","Fluviicola","Y-Amino-NButyricAcid",-0.512969616073143,1.09453470733623,-0.468664550000024,0.639440864789254,0.815859732855749,FALSE,TRUE
"376","Curvibacter","ε-Amino-NCaproicAcid",0.316833643091588,0.983864118219679,0.322029879151305,0.747516283500162,0.817327266883568,FALSE,TRUE
"377","Rheinheimera","ε-Amino-NCaproicAcid",-0.256165201822012,1.10862951015089,-0.231064751097188,0.817327266883568,0.817327266883568,FALSE,TRUE
"378","Fluviicola","ε-Amino-NCaproicAcid",-0.468553794085705,1.10111046111931,-0.425528419382563,0.670569323489058,0.817327266883568,FALSE,TRUE
"379","Pseudomonas","ε-Amino-NCaproicAcid",-1.02861669851186,1.33899497408626,-0.768200567155826,0.442622939332151,0.817327266883568,FALSE,TRUE
"380","Curvibacter","L-Cysteine",-0.20981811137676,0.739211442641965,-0.283840453858321,0.776607613137783,0.81740326737459,FALSE,TRUE
"381","Legionella","L-Cysteine",-0.181691463844309,0.78666439470269,-0.230964392271722,0.81740326737459,0.81740326737459,FALSE,TRUE
"382","Rheinheimera","L-Cysteine",0.378860021967768,0.841416691193032,0.450264447964051,0.652649373438507,0.81740326737459,FALSE,TRUE
"383","Pseudomonas","L-Cysteine",0.391345586119811,1.0475821602014,0.373570304065289,0.708835349968086,0.81740326737459,FALSE,TRUE
"384","Curvibacter","MucicAcid",0.226600443868961,0.986045534617833,0.229807281624966,0.818302210888357,0.818302210888357,FALSE,TRUE
"385","Legionella","MucicAcid",0.549969902686202,1.04644241829459,0.525561553193249,0.599357687031006,0.818302210888357,FALSE,TRUE
"386","Rheinheimera","MucicAcid",-0.489120351663291,1.10755661213362,-0.441621084019388,0.658890212396918,0.818302210888357,FALSE,TRUE
"387","Fluviicola","MucicAcid",-0.871767320516837,1.10464547119344,-0.789182903701213,0.430246866027706,0.818302210888357,FALSE,TRUE
"388","Pseudomonas","TricarballylicAcid",1.80371575977416,1.29429003027636,1.39359472574244,0.163878544960288,0.819392724801441,FALSE,FALSE
"389","Curvibacter","ß-Phenylethyl-amine",0.363148258402354,0.999948553747284,0.363166941980629,0.716578507156392,0.82006788784891,FALSE,TRUE
"390","Rheinheimera","ß-Phenylethyl-amine",0.372340865200222,1.12334212800186,0.331458115848037,0.740390698135394,0.82006788784891,FALSE,TRUE
"391","Fluviicola","ß-Phenylethyl-amine",-1.04697012855826,1.11589819051687,-0.938230868600402,0.348417280793009,0.82006788784891,FALSE,TRUE
"392","Pseudomonas","ß-Phenylethyl-amine",0.307585485907572,1.35177608776066,0.227541742077356,0.82006788784891,0.82006788784891,FALSE,TRUE
"393","Legionella","Xylitol",0.809698692607725,1.0523466651317,0.769422015991651,0.441906924857851,0.821855777247308,FALSE,TRUE
"394","Rheinheimera","Xylitol",0.530605256755665,1.11256323055455,0.476921438875153,0.633556440330796,0.821855777247308,FALSE,TRUE
"395","Fluviicola","Xylitol",0.492983881594604,1.11142350237545,0.443560785372046,0.657484621797847,0.821855777247308,FALSE,TRUE
"396","Pseudomonas","Xylitol",-1.64385521172125,1.48669213486633,-1.10571326313571,0.269224314507894,0.821855777247308,FALSE,TRUE
"397","Curvibacter","L-Serine",-0.171872184550742,0.767423530851344,-0.223960013788051,0.822848500289516,0.822848500289516,FALSE,TRUE
"398","Legionella","L-Serine",0.208738051746349,0.812801422616949,0.256813098424806,0.797400992580871,0.822848500289516,FALSE,TRUE
"399","Fluviicola","L-Serine",-0.52037575241689,0.858238839516791,-0.606329763297445,0.544475500023657,0.822848500289516,FALSE,TRUE
"400","Curvibacter","Inulin",0.252828981608081,1.00112653685555,0.252544480942634,0.800687656306083,0.82438916909399,FALSE,TRUE
"401","Legionella","Inulin",0.235571143436856,1.06118900722848,0.221987922822627,0.82438916909399,0.82438916909399,FALSE,TRUE
"402","Fluviicola","Inulin",-0.38841919981451,1.12023757106925,-0.346729309787183,0.728889309724155,0.82438916909399,FALSE,TRUE
"403","Curvibacter","Glucuronamide",-0.165374285183174,0.75859035683894,-0.218002092555317,0.827485895878219,0.827485895878219,FALSE,TRUE
"404","Legionella","Glucuronamide",0.427878910120279,0.803975757045405,0.53220374665615,0.594759293509355,0.827485895878219,FALSE,TRUE
"405","Rheinheimera","Glucuronamide",-0.638901105746123,0.852394079210218,-0.749537240261094,0.453767558487006,0.827485895878219,FALSE,TRUE
"406","Fluviicola","Glucuronamide",-0.276917041903914,0.849441427545625,-0.325998983477928,0.744514193181772,0.827485895878219,FALSE,TRUE
"407","Pseudomonas","Glucuronamide",0.888818125057257,1.03982566161567,0.854776101290114,0.392969054812537,0.827485895878219,FALSE,TRUE
"408","Curvibacter","Sulfate",0.25285756561605,0.997246965625772,0.253555612934237,0.799908751953717,0.828130665977817,FALSE,TRUE
"409","Legionella","Sulfate",-0.229310515282941,1.05582112195038,-0.21718689891271,0.828130665977817,0.828130665977817,FALSE,TRUE
"410","Rheinheimera","Sulfate",-0.739970694725641,1.11756352574446,-0.662128530217298,0.508091437096265,0.828130665977817,FALSE,TRUE
"411","Fluviicola","Sulfate",-0.589416701825474,1.11649141680381,-0.527918704035185,0.597710720499079,0.828130665977817,FALSE,TRUE
"412","Pseudomonas","Sulfate",0.519675021168799,1.49723735075339,0.347089271388605,0.728629010066167,0.828130665977817,FALSE,TRUE
"413","Legionella","D,L-a-Amino-NButyricAcid",-0.213096743563791,0.984720520314413,-0.21640327297714,0.828732601850104,0.828732601850104,FALSE,TRUE
"414","Curvibacter","GlyoxylicAcid",-0.209295462653197,0.995743522689378,-0.210190132181746,0.833574568425592,0.833574568425592,FALSE,TRUE
"415","Legionella","GlyoxylicAcid",0.252843155925932,1.0561317970035,0.239404927153325,0.81086100478186,0.833574568425592,FALSE,TRUE
"416","Rheinheimera","GlyoxylicAcid",-1.45831541840658,1.1172132762394,-1.30531515281965,0.192184255937777,0.833574568425592,FALSE,TRUE
"417","Fluviicola","GlyoxylicAcid",0.344641926819573,1.1143040761008,0.309288940255475,0.757185011113173,0.833574568425592,FALSE,TRUE
"418","Pseudomonas","GlyoxylicAcid",1.04062732127056,1.49328538171627,0.696871029484357,0.486111104882684,0.833574568425592,FALSE,TRUE
"419","Curvibacter","Ethanolamine",0.322368918131924,0.977261750248832,0.329869574911575,0.741587019738674,0.834110977555388,FALSE,TRUE
"420","Legionella","Ethanolamine",-1.17799990799179,1.03819081262688,-1.13466608802977,0.256879858666643,0.834110977555388,FALSE,FALSE
"421","Rheinheimera","Ethanolamine",-0.941641444684037,1.10205724342793,-0.854439685687362,0.393133164716595,0.834110977555388,FALSE,TRUE
"422","Fluviicola","Ethanolamine",-0.229307637506166,1.09453470733623,-0.209502390348345,0.834110977555388,0.834110977555388,FALSE,TRUE
"423","Pseudomonas","Ethanolamine",0.3729319542801,1.33256786144533,0.279859634222014,0.779666543488755,0.834110977555388,FALSE,TRUE
"424","Curvibacter","AceticAcid",0.197903965931976,0.934928017021941,0.211678292155974,0.832413719618541,0.834468248797059,FALSE,TRUE
"425","Rheinheimera","AceticAcid",0.598874097989584,1.14850327762936,0.521438736531711,0.602214495777298,0.834468248797059,FALSE,TRUE
"426","Fluviicola","AceticAcid",-0.438770088219294,1.05374726287002,-0.416390251894221,0.677239937231646,0.834468248797059,FALSE,TRUE
"427","Pseudomonas","AceticAcid",0.271419661904282,1.29833803929156,0.209051613439889,0.834468248797059,0.834468248797059,FALSE,TRUE
"428","Curvibacter","L-Phenylalanine",0.158153389418936,0.758816842461973,0.208421032018489,0.834956159431004,0.834956159431004,FALSE,TRUE
"429","Legionella","L-Phenylalanine",-0.256521590038561,0.804099743618307,-0.319017127009963,0.749812362928926,0.834956159431004,FALSE,TRUE
"430","Curvibacter","D-Melibiose",-0.422942294172829,0.992353707238924,-0.426201152963496,0.670079712981893,0.835078696534443,FALSE,TRUE
"431","Legionella","D-Melibiose",0.630393508644311,1.05274497361727,0.598809326515478,0.549491873974936,0.835078696534443,FALSE,TRUE
"432","Rheinheimera","D-Melibiose",-0.315010858698018,1.11383782491926,-0.282815731025164,0.777395819883759,0.835078696534443,FALSE,TRUE
"433","Fluviicola","D-Melibiose",0.231364805756378,1.11092794998915,0.208262656240342,0.835078696534443,0.835078696534443,FALSE,TRUE
"434","Pseudomonas","D-Melibiose",-0.834482342465782,1.35415613930864,-0.616237905099941,0.537936146924098,0.835078696534443,FALSE,TRUE
"435","Curvibacter","D-GlucosaminicAcid",-0.205099748153165,0.986045534617833,-0.208002309175972,0.835281853436149,0.835281853436149,FALSE,TRUE
"436","Legionella","L-Alanine",-0.176888543587528,0.856997397184952,-0.206404995124336,0.836536554189641,0.836536554189641,FALSE,TRUE
"437","Curvibacter","T etrathionate",0.421644174457212,0.990310102876618,0.425769840409014,0.670398369138412,0.837997961423015,FALSE,TRUE
"438","Rheinheimera","T etrathionate",-0.675105671630426,1.11065578253349,-0.607844196417418,0.543474087790836,0.837997961423015,FALSE,TRUE
"439","Fluviicola","T etrathionate",-0.655679886406101,1.10958316349014,-0.590924509293825,0.554747676945492,0.837997961423015,FALSE,TRUE
"440","Pseudomonas","T etrathionate",1.5364203560628,1.49058705563329,1.03074848950036,0.303016262446321,0.837997961423015,FALSE,TRUE
"441","Curvibacter","ButyricAcid",0.202661797359376,1.00165882551674,0.202326173540003,0.839715199879522,0.839715199879522,FALSE,TRUE
"442","Fluviicola","ButyricAcid",0.346230801449513,1.12076771379579,0.308922890254313,0.757463650843922,0.839715199879522,FALSE,TRUE
"443","Pseudomonas","ButyricAcid",-0.681556109610971,1.49569461576946,-0.455678654201978,0.64876008312025,0.839715199879522,FALSE,TRUE
"444","Curvibacter","N-Acetyl-DMannosamine",-0.205461143013677,0.983864118219679,-0.208830812313252,0.834634800747257,0.840267712159682,FALSE,TRUE
"445","Legionella","N-Acetyl-DMannosamine",0.576412505879003,1.04478711557022,0.551703306146163,0.581316934655772,0.840267712159682,FALSE,TRUE
"446","Rheinheimera","N-Acetyl-DMannosamine",0.338753756499801,1.10862951015089,0.305560832900521,0.760023495195791,0.840267712159682,FALSE,TRUE
"447","Fluviicola","N-Acetyl-DMannosamine",-0.628007672063383,1.10111046111931,-0.570340301212828,0.568611769937932,0.840267712159682,FALSE,TRUE
"448","Pseudomonas","N-Acetyl-DMannosamine",0.269974555806102,1.33899497408626,0.201624771586865,0.840267712159682,0.840267712159682,FALSE,TRUE
"449","Rheinheimera","Tween20",0.218983423893336,1.0894614389974,0.201001537140093,0.840751651910251,0.840751651910251,FALSE,TRUE
"450","Pseudomonas","D-3-Phospho-GlycericAcid",1.86515942167055,1.35216365149569,1.37938881851129,0.168231437831335,0.841157189156674,FALSE,TRUE
"451","Curvibacter","Xanthosine",0.583218464727882,0.983864118219679,0.592783550012198,0.553497712539278,0.84178174800717,FALSE,TRUE
"452","Legionella","Xanthosine",-0.382024030216265,1.04478711557022,-0.365647723371632,0.714731658351,0.84178174800717,FALSE,TRUE
"453","Rheinheimera","Xanthosine",0.23442011238306,1.10862951015089,0.211450363026287,0.832593075545069,0.84178174800717,FALSE,TRUE
"454","Fluviicola","Xanthosine",-0.219871631780563,1.10111046111931,-0.199681720902967,0.84178174800717,0.84178174800717,FALSE,TRUE
"455","Pseudomonas","Xanthosine",-0.411205743430262,1.33899497408626,-0.307100288939376,0.758856903891704,0.84178174800717,FALSE,TRUE
"456","Curvibacter","Uridine-5’-monophosphate",0.423580256363007,1.00258686126593,0.422487340227228,0.672791078408242,0.842125752413134,FALSE,TRUE
"457","Rheinheimera","Uridine-5’-monophosphate",-0.473001644001636,1.12288124606664,-0.421239241156196,0.673700601930508,0.842125752413134,FALSE,TRUE
"458","Fluviicola","Uridine-5’-monophosphate",-0.573302215669129,1.12180952578082,-0.511051299256965,0.609464390150892,0.842125752413134,FALSE,TRUE
"459","Pseudomonas","Uridine-5’-monophosphate",1.07613885775723,1.36715286817361,0.787138646166798,0.431476822976431,0.842125752413134,FALSE,TRUE
"460","Legionella","T etrathionate",0.208681171335332,1.04889006168646,0.198954284112296,0.84236055513266,0.84236055513266,FALSE,TRUE
"461","Curvibacter","O-Phospho-D-Serine",-0.247437541670421,0.993922711708482,-0.248950485541369,0.803467603941818,0.84239198110739,FALSE,TRUE
"462","Legionella","O-Phospho-D-Serine",0.209357011985256,1.052499639537,0.198914093763826,0.84239198110739,0.84239198110739,FALSE,TRUE
"463","Rheinheimera","O-Phospho-D-Serine",0.659596661662571,1.11425318198139,0.591963004754143,0.554053049973177,0.84239198110739,FALSE,TRUE
"464","Fluviicola","O-Phospho-D-Serine",-0.534761450561354,1.11318082933225,-0.480390459905903,0.631088792110055,0.84239198110739,FALSE,TRUE
"465","Pseudomonas","O-Phospho-D-Serine",0.286390202360791,1.35872255359714,0.210779015629489,0.83312328847647,0.84239198110739,FALSE,TRUE
"466","Curvibacter","1-Thio-ß-DGlucose",0.980367514407615,0.997246965625772,0.983073950786538,0.325889753998873,0.843095637750933,FALSE,FALSE
"467","Legionella","1-Thio-ß-DGlucose",-0.209067658022301,1.05582112195038,-0.198014278816565,0.843095637750933,0.843095637750933,FALSE,TRUE
"468","Rheinheimera","1-Thio-ß-DGlucose",0.459495921336653,1.11756352574446,0.411158659665957,0.681073185954151,0.843095637750933,FALSE,TRUE
"469","Fluviicola","1-Thio-ß-DGlucose",-0.556759807650991,1.11649141680381,-0.498669133744739,0.618157591294656,0.843095637750933,FALSE,TRUE
"470","Pseudomonas","1-Thio-ß-DGlucose",0.4272112423173,1.49723735075339,0.285333011564488,0.775473779619788,0.843095637750933,FALSE,TRUE
"471","Curvibacter","Xylitol",-0.195962011093344,0.99227649382977,-0.19748730551604,0.843498349752485,0.843498349752485,FALSE,TRUE
"472","Rheinheimera","HydroxyGlutaricAcid-Lactone",-0.440518628962441,1.05251873695045,-0.418537564698176,0.675673471287986,0.844591839109983,FALSE,TRUE
"473","Legionella","D-Glucose",-0.414533791370002,0.991206867998464,-0.418211177457908,0.675919736475122,0.844899670593902,FALSE,TRUE
"474","Curvibacter","D,L-Carnitine",-0.198687442740766,1.00355042426072,-0.197984513720008,0.843109451370109,0.845119478671057,FALSE,TRUE
"475","Legionella","D,L-Carnitine",0.561412207511915,1.06361080685735,0.527836125669616,0.597783289330496,0.845119478671057,FALSE,TRUE
"476","Rheinheimera","D,L-Carnitine",0.219607417889561,1.1237905585315,0.195416678154451,0.845119478671057,0.845119478671057,FALSE,TRUE
"477","Fluviicola","D,L-Carnitine",-0.328341824285128,1.12265170265264,-0.292469893831996,0.770006071504169,0.845119478671057,FALSE,TRUE
"478","Curvibacter","Gly-Asn",1.29655697255209,0.977261750248832,1.32672436245659,0.184987878990226,0.845747757740586,FALSE,FALSE
"479","Legionella","Gly-Asn",0.719364222198442,1.03819081262688,0.692901741615563,0.488586956040258,0.845747757740586,FALSE,TRUE
"480","Rheinheimera","Gly-Asn",0.645134471252057,1.10205724342793,0.585391072105638,0.558460176501153,0.845747757740586,FALSE,TRUE
"481","Pseudomonas","Gly-Asn",-0.55605627952713,1.33256786144533,-0.417281772745158,0.676598206192469,0.845747757740586,FALSE,TRUE
"482","Curvibacter","D-Glucose",-0.179390138856459,0.930757836446651,-0.19273556647271,0.847216599934693,0.847216599934693,FALSE,TRUE
"483","Curvibacter","Thymidine 3’,5’- cyclic monophosphate",0.398551544677129,0.990310102876618,0.402451255944406,0.687467243176498,0.847773548624264,FALSE,TRUE
"484","Legionella","Thymidine 3’,5’- cyclic monophosphate",-0.2014250196463,1.04889006168646,-0.192036350618518,0.847773548624264,0.847773548624264,FALSE,TRUE
"485","Rheinheimera","Thymidine 3’,5’- cyclic monophosphate",-0.491348713772395,1.11065578253349,-0.442395134027567,0.658330339113736,0.847773548624264,FALSE,TRUE
"486","Fluviicola","Thymidine 3’,5’- cyclic monophosphate",-0.27757701250039,1.10958316349014,-0.250163324060619,0.802529031437218,0.847773548624264,FALSE,TRUE
"487","Pseudomonas","Thymidine 3’,5’- cyclic monophosphate",1.99007549245826,1.49058705563329,1.33509511231651,0.182281041481657,0.847773548624264,FALSE,TRUE
"488","Fluviicola","D-SaccharicAcid",-0.693546274594746,1.04959589542278,-0.660774568211687,0.508953578127388,0.848255963545647,FALSE,TRUE
"489","Curvibacter","L-LacticAcid",0.285344377150138,0.986045534617833,0.289382556010185,0.772366096626158,0.848338502181999,FALSE,TRUE
"490","Fluviicola","L-LacticAcid",-0.211321846504798,1.10464547119344,-0.191302867766695,0.848338502181999,0.848338502181999,FALSE,TRUE
"491","Curvibacter","Gly-Glu",0.227467456891356,0.977261750248832,0.232760012180399,0.816008784328265,0.848557504271597,FALSE,TRUE
"492","Legionella","Gly-Glu",-0.248261374816943,1.03819081262688,-0.239128849723473,0.81107137952872,0.848557504271597,FALSE,TRUE
"493","Fluviicola","Gly-Glu",-0.209081252298047,1.09453470733623,-0.191022953312178,0.848557504271597,0.848557504271597,FALSE,TRUE
"494","Pseudomonas","Gly-Glu",-0.943185225549905,1.33256786144533,-0.707795267197057,0.479304207002433,0.848557504271597,FALSE,TRUE
"495","Legionella","Turanose",0.432165412589462,1.04908907205897,0.411943488974946,0.680509169912868,0.850636462391085,FALSE,TRUE
"496","Curvibacter","N-Acetyl-LGlutamicAcid",0.516180048995759,0.992340281744488,0.520164361451032,0.603096516704111,0.851154081806097,FALSE,TRUE
"497","Legionella","N-Acetyl-LGlutamicAcid",-0.197707918295029,1.05325559925436,-0.187711243533852,0.851154081806097,0.851154081806097,FALSE,TRUE
"498","Rheinheimera","N-Acetyl-LGlutamicAcid",0.584794736717396,1.11706754064286,0.523508843861717,0.600774225132027,0.851154081806097,FALSE,TRUE
"499","Fluviicola","N-Acetyl-LGlutamicAcid",-0.629107397252803,1.10955291174759,-0.566991795156422,0.570883487080807,0.851154081806097,FALSE,TRUE
"500","Pseudomonas","N-Acetyl-LGlutamicAcid",-0.47941644893139,1.34724860781692,-0.35584853912615,0.722059483678042,0.851154081806097,FALSE,TRUE
"501","Curvibacter","Cytidine-2’,3’-cyclicmonophosphate",0.21542670411841,0.987179796162943,0.218224385219136,0.827313965617325,0.851643664595977,FALSE,TRUE
"502","Legionella","Cytidine-2’,3’-cyclicmonophosphate",0.195657864266819,1.04576239751121,0.187095906998053,0.851643664595977,0.851643664595977,FALSE,TRUE
"503","Rheinheimera","Cytidine-2’,3’-cyclicmonophosphate",-0.305458951471887,1.10753873337902,-0.275799791254211,0.782777514069678,0.851643664595977,FALSE,TRUE
"504","Fluviicola","Cytidine-2’,3’-cyclicmonophosphate",-0.318488982062091,1.10646588219357,-0.287843472797088,0.773545471326388,0.851643664595977,FALSE,TRUE
"505","Pseudomonas","Cytidine-2’,3’-cyclicmonophosphate",1.19763081619009,1.35216365149569,0.885714399189279,0.376086671645007,0.851643664595977,FALSE,TRUE
"506","Curvibacter","D-Glucose-6-Phosphate",0.394465842940088,0.993922711708482,0.396877783647815,0.691571096375927,0.852188341932735,FALSE,TRUE
"507","Legionella","D-Glucose-6-Phosphate",-0.496223824319614,1.052499639537,-0.471471728520407,0.637461689286621,0.852188341932735,FALSE,TRUE
"508","Rheinheimera","D-Glucose-6-Phosphate",-0.207686779228453,1.11425318198139,-0.186391012910673,0.852188341932735,0.852188341932735,FALSE,TRUE
"509","Fluviicola","D-Glucose-6-Phosphate",-0.476470880996382,1.11318082933225,-0.428026488097353,0.668753778081814,0.852188341932735,FALSE,TRUE
"510","Pseudomonas","D-Glucose-6-Phosphate",1.00566489281044,1.35872255359714,0.740154706454235,0.45946332518818,0.852188341932735,FALSE,TRUE
"511","Curvibacter","Ala-Glu",0.24531846071706,0.923739433831548,0.265571060119748,0.790639700209772,0.853532107469042,FALSE,TRUE
"512","Legionella","Ala-Glu",-0.181859522312195,0.984720520314413,-0.184681357360288,0.853529184535901,0.853532107469042,FALSE,TRUE
"513","Pseudomonas","Ala-Glu",-0.236489466265265,1.28053149542995,-0.184680710399755,0.853532107469042,0.853532107469042,FALSE,TRUE
"514","Curvibacter","L-Methionine Sulfone",-0.519953169035077,0.987179796162943,-0.526705642737095,0.598554583740411,0.856685455137484,FALSE,TRUE
"515","Legionella","L-Methionine Sulfone",0.708634637317485,1.04576239751121,0.677624897399207,0.498250031954977,0.856685455137484,FALSE,TRUE
"516","Rheinheimera","L-Methionine Sulfone",0.307690003521815,1.10753873337902,0.27781421475263,0.781231237928713,0.856685455137484,FALSE,TRUE
"517","Fluviicola","L-Methionine Sulfone",-0.370346195916213,1.10646588219357,-0.334710904218756,0.737936044059136,0.856685455137484,FALSE,TRUE
"518","Pseudomonas","L-Methionine Sulfone",0.244287392949136,1.35216365149569,0.180664073227318,0.856685455137484,0.856685455137484,FALSE,TRUE
"519","Curvibacter","UricAcid",0.166621021811399,0.923739433831548,0.18037664703809,0.856903706000923,0.856903706000923,FALSE,TRUE
"520","Legionella","UricAcid",-0.232393288415273,0.984720520314413,-0.235999233915702,0.81349806940782,0.856903706000923,FALSE,TRUE
"521","Rheinheimera","UricAcid",0.45058815187583,1.04879263305832,0.429625588198402,0.667590926744682,0.856903706000923,FALSE,TRUE
"522","Fluviicola","UricAcid",-1.17734528885051,1.04124031855247,-1.13071427207818,0.258524210729544,0.856903706000923,FALSE,TRUE
"523","Pseudomonas","UricAcid",1.1300010890844,1.28053149542995,0.882446931697674,0.377833220872949,0.856903706000923,FALSE,TRUE
"524","Curvibacter","Turanose",-0.177940652134175,0.989016032332795,-0.179916853030649,0.857265194656564,0.857265194656564,FALSE,TRUE
"525","Curvibacter","Tween40",-0.182389189052324,1.02540998927409,-0.177869526296932,0.858871958597557,0.858871958597557,FALSE,TRUE
"526","Rheinheimera","Tween40",0.751248808719916,1.14547695028385,0.655839306529699,0.512127855512604,0.858871958597557,FALSE,TRUE
"527","Fluviicola","Tween40",-0.629308673241479,1.14259968279541,-0.550769165016616,0.581950908176159,0.858871958597557,FALSE,TRUE
"528","Pseudomonas","Tween40",0.497074502717255,1.38339154947542,0.359315844386751,0.719466261323495,0.858871958597557,FALSE,TRUE
"529","Curvibacter","CitramalicAcid",0.355611655644603,0.989016032332795,0.359561062732038,0.719274020705589,0.859822163880452,FALSE,TRUE
"530","Legionella","CitramalicAcid",-0.185339148628458,1.04908907205897,-0.176666742190638,0.859822163880452,0.859822163880452,FALSE,TRUE
"531","Rheinheimera","CitramalicAcid",-0.275531730258126,1.10931641971747,-0.248379745725119,0.803908324965196,0.859822163880452,FALSE,TRUE
"532","Fluviicola","CitramalicAcid",0.676311670696956,1.10817643617752,0.610292412487842,0.541847983852622,0.859822163880452,FALSE,TRUE
"533","Fluviicola","Biuret",-0.709608163668198,1.09453470733623,-0.648319472111736,0.516969855135407,0.861616425225678,FALSE,TRUE
"534","Pseudomonas","Biuret",-1.23889014664615,1.33256786144533,-0.929701355173336,0.352841067019607,0.861616425225678,FALSE,TRUE
"535","Curvibacter","Adenosine-5’-monophosphate",0.423009812502335,0.987179796162943,0.428503312311016,0.668408414389736,0.861924792130771,FALSE,TRUE
"536","Legionella","Adenosine-5’-monophosphate",0.181955604489464,1.04576239751121,0.173993255946567,0.861924792130771,0.861924792130771,FALSE,TRUE
"537","Rheinheimera","Adenosine-5’-monophosphate",-0.373819367207032,1.10753873337902,-0.337522612926174,0.735817033082772,0.861924792130771,FALSE,TRUE
"538","Fluviicola","Adenosine-5’-monophosphate",-0.688528966609857,1.10646588219357,-0.622277629785428,0.533947015848706,0.861924792130771,FALSE,TRUE
"539","Pseudomonas","Adenosine-5’-monophosphate",-0.806588138850117,1.35216365149569,-0.596516655330818,0.55103000648631,0.861924792130771,FALSE,TRUE
"540","Curvibacter","Nitrite",0.466428536092479,0.977261750248832,0.477281072316313,0.633295593808218,0.861963020888449,FALSE,TRUE
"541","Legionella","Nitrite",0.197755366707184,1.03819081262688,0.190480751998579,0.848984269358952,0.861963020888449,FALSE,TRUE
"542","Rheinheimera","Nitrite",0.191686711006325,1.10205724342793,0.173935348775611,0.861963020888449,0.861963020888449,FALSE,TRUE
"543","Fluviicola","Nitrite",-0.721883649514101,1.09453470733623,-0.659534727108791,0.509747852580114,0.861963020888449,FALSE,TRUE
"544","Pseudomonas","Nitrite",-1.52537867618537,1.33256786144533,-1.14469117882741,0.252722054365371,0.861963020888449,FALSE,TRUE
"545","Rheinheimera","D-Arabinose",-0.253007366424874,1.1237905585315,-0.225137472907308,0.821933413642624,0.862245271216448,FALSE,TRUE
"546","Fluviicola","D-Arabinose",0.339163864499295,1.12265170265264,0.302109606833452,0.762649994502269,0.862245271216448,FALSE,TRUE
"547","Pseudomonas","D-Arabinose",0.236341476707822,1.36157064036452,0.173580033015804,0.862245271216448,0.862245271216448,FALSE,TRUE
"548","Curvibacter","Phenylethyl- amine",0.172990594255865,1.00258686126593,0.172544246228637,0.863056478290942,0.863056478290942,FALSE,TRUE
"549","Legionella","Phenylethyl- amine",0.28266885729219,1.06115660041934,0.266378079522368,0.790032297813025,0.863056478290942,FALSE,TRUE
"550","Rheinheimera","Phenylethyl- amine",-0.281429083057567,1.12288124606664,-0.250631207924605,0.802167620710108,0.863056478290942,FALSE,TRUE
"551","Fluviicola","Phenylethyl- amine",-0.589459073019459,1.12180952578082,-0.525453795384001,0.599421886797424,0.863056478290942,FALSE,TRUE
"552","Pseudomonas","Phenylethyl- amine",0.401217641317912,1.36715286817361,0.293469480010601,0.769253474054567,0.863056478290942,FALSE,TRUE
"553","Curvibacter","SuccinicAcid",0.244371107654671,1.0042712165425,0.243331784909649,0.807812823440335,0.863578955742906,FALSE,TRUE
"554","Legionella","SuccinicAcid",-0.443067785027505,1.0646520443577,-0.416162057242661,0.677417736159809,0.863578955742906,FALSE,TRUE
"555","Rheinheimera","SuccinicAcid",0.193484916272769,1.12570520951188,0.171878849487306,0.863578955742906,0.863578955742906,FALSE,TRUE
"556","Fluviicola","SuccinicAcid",-0.629261300359879,1.12279769011616,-0.560440501346936,0.57534124751948,0.863578955742906,FALSE,TRUE
"557","Pseudomonas","SuccinicAcid",0.958788497456695,1.50146643867215,0.638568051047893,0.523309443204529,0.863578955742906,FALSE,TRUE
"558","Rheinheimera","ß-Cyclodextrin",1.04997601657493,1.11256323055455,0.943745027463807,0.345602656904678,0.864006642261696,FALSE,TRUE
"559","Curvibacter","Biuret",0.231680755020067,0.977261750248832,0.237071342412691,0.812663649287649,0.865716937738782,FALSE,TRUE
"560","Rheinheimera","Biuret",0.186423000479781,1.10205724342793,0.16915909004864,0.865716937738782,0.865716937738782,FALSE,TRUE
"561","Curvibacter","L-Glucose",-0.166884916244248,0.992276493829771,-0.168183885521809,0.866482795385356,0.866482795385356,FALSE,TRUE
"562","Legionella","L-Glucose",0.630828139658131,1.0523466651317,0.599448984407797,0.549070892294104,0.866482795385356,FALSE,TRUE
"563","Rheinheimera","L-Glucose",0.575786671402042,1.11256323055455,0.517531638282747,0.604937086021319,0.866482795385356,FALSE,TRUE
"564","Fluviicola","L-Glucose",0.310967981112696,1.11142350237545,0.279792518736615,0.779711745475495,0.866482795385356,FALSE,TRUE
"565","Pseudomonas","L-Glucose",-0.269390233971238,1.48669213486633,-0.181201089084566,0.856261335042087,0.866482795385356,FALSE,TRUE
"566","Curvibacter","D-GalactonicAcid-Y-Lactone",-0.168677446118058,1.00883649730944,-0.167199983910097,0.867256346041778,0.867256346041778,FALSE,TRUE
"567","Legionella","D-GalactonicAcid-Y-Lactone",0.4230740936678,1.069213385357,0.395687240228984,0.692455155996709,0.867256346041778,FALSE,TRUE
"568","Rheinheimera","D-GalactonicAcid-Y-Lactone",-0.306230785480476,1.22150773968071,-0.25069901363091,0.802115212351768,0.867256346041778,FALSE,FALSE
"569","Curvibacter","D,L-a-Amino-CaprylicAcid",0.164449287782777,0.983864118219679,0.167146341387417,0.867298195241653,0.867298195241653,FALSE,TRUE
"570","Legionella","D,L-a-Amino-CaprylicAcid",-0.74058295500046,1.04478711557022,-0.708836225067983,0.478647657246114,0.867298195241653,FALSE,TRUE
"571","Rheinheimera","D,L-a-Amino-CaprylicAcid",0.75213551385328,1.10862951015089,0.678437211860717,0.497702958944594,0.867298195241653,FALSE,TRUE
"572","Fluviicola","D,L-a-Amino-CaprylicAcid",0.301156290923707,1.10111046111931,0.273502342914418,0.784539763596148,0.867298195241653,FALSE,TRUE
"573","Pseudomonas","D,L-a-Amino-CaprylicAcid",0.30718306881389,1.33899497408626,0.229413160436629,0.818613744394124,0.867298195241653,FALSE,TRUE
"574","Legionella","Y-AminoButyricAcid",0.207995461988686,1.05535701981681,0.197085401511605,0.843818921833086,0.867307697137059,FALSE,TRUE
"575","Rheinheimera","Y-AminoButyricAcid",-0.323570502653437,1.11556367584301,-0.290051128106984,0.771856977157461,0.867307697137059,FALSE,TRUE
"576","Fluviicola","Y-AminoButyricAcid",-0.186259229362819,1.11442418240236,-0.167134949424106,0.867307697137059,0.867307697137059,FALSE,TRUE
"577","Pseudomonas","Y-AminoButyricAcid",1.05415959082291,1.35352622219698,0.778824653364935,0.436343920182349,0.867307697137059,FALSE,FALSE
"578","Curvibacter","Nitrate",0.475089423986713,0.977261750248832,0.486143475753293,0.627001893951316,0.867385659405374,FALSE,TRUE
"579","Rheinheimera","Nitrate",0.787169596359024,1.10205724342793,0.714272875618102,0.475279813181563,0.867385659405374,FALSE,TRUE
"580","Fluviicola","Nitrate",-0.430921293634392,1.09453470733623,-0.393702722029826,0.693908527524299,0.867385659405374,FALSE,TRUE
"581","Pseudomonas","Nitrate",-0.581764909054342,1.33256786144533,-0.436574320817965,0.66255254843783,0.867385659405374,FALSE,TRUE
"582","Curvibacter","N-Acetyl-ß-DMannosamine",-0.583988223915323,0.999983945704367,-0.583997599585435,0.559391989887972,0.867973313769657,FALSE,TRUE
"583","Legionella","N-Acetyl-ß-DMannosamine",0.49099278736751,1.06036850290726,0.463039769685099,0.643478372247186,0.867973313769657,FALSE,TRUE
"584","Rheinheimera","N-Acetyl-ß-DMannosamine",0.312019586787445,1.21275775953551,0.257281047541554,0.797032109696639,0.867973313769657,FALSE,TRUE
"585","Fluviicola","N-Acetyl-ß-DMannosamine",-0.185998321962665,1.11852748916273,-0.16628855684351,0.867973313769657,0.867973313769657,FALSE,TRUE
"586","Pseudomonas","N-Acetyl-ß-DMannosamine",0.293889879430308,1.36158275648966,0.215844301809458,0.829171457661176,0.867973313769657,FALSE,TRUE
"587","Curvibacter","D-LacticAcidMethylEster",-0.164338653177897,0.989016032332795,-0.166163790884432,0.868071686922196,0.868071686922196,FALSE,TRUE
"588","Legionella","D-LacticAcidMethylEster",-1.06489289797729,1.04908907205897,-1.01506433184677,0.310432033018427,0.868071686922196,FALSE,TRUE
"589","Rheinheimera","D-LacticAcidMethylEster",0.370270839205763,1.10931641971747,0.333782888835329,0.73863632563742,0.868071686922196,FALSE,TRUE
"590","Fluviicola","D-LacticAcidMethylEster",0.642292709535812,1.10817643617752,0.579594267273271,0.562357593911022,0.868071686922196,FALSE,TRUE
"591","Pseudomonas","D-LacticAcidMethylEster",0.619825946673012,1.34741893610761,0.460009823272597,0.645650773621251,0.868071686922196,FALSE,FALSE
"592","Curvibacter","Adenosine-2’-monophosphate",-0.16235758914967,0.987179796162943,-0.164466077791235,0.869408799570454,0.869408799570454,FALSE,TRUE
"593","Legionella","Adenosine-2’-monophosphate",0.222586684608164,1.04576239751121,0.21284632641018,0.831513385036492,0.869408799570454,FALSE,TRUE
"594","Rheinheimera","Adenosine-2’-monophosphate",0.610592539928321,1.10753873337902,0.551305811278896,0.581587602082055,0.869408799570454,FALSE,TRUE
"595","Fluviicola","Adenosine-2’-monophosphate",-1.13958377943698,1.10646588219357,-1.02993124123968,0.303371770563716,0.869408799570454,FALSE,TRUE
"596","Pseudomonas","Adenosine-2’-monophosphate",-0.277584786971462,1.35216365149569,-0.205289342502598,0.837407924311458,0.869408799570454,FALSE,TRUE
"597","Curvibacter","AcetoaceticAcid",0.333414229975993,1.02540998927409,0.325152118141568,0.74515376778722,0.869521406728787,FALSE,TRUE
"598","Legionella","AcetoaceticAcid",-0.996151067246477,1.15761437646262,-0.86052064271218,0.389779365133213,0.869521406728787,FALSE,FALSE
"599","Rheinheimera","AcetoaceticAcid",-0.188227579421611,1.14547695028385,-0.164322450464819,0.869521406728787,0.869521406728787,FALSE,TRUE
"600","Fluviicola","AcetoaceticAcid",-0.354498305838987,1.14259968279541,-0.31025591130193,0.756449904492843,0.869521406728787,FALSE,TRUE
"601","Pseudomonas","AcetoaceticAcid",0.698707748953986,1.38339154947542,0.505068683713542,0.613668214604294,0.869521406728787,FALSE,TRUE
"602","Curvibacter","PyruvicAcid",0.176959427010244,0.992353707238924,0.17832293638788,0.858516003881003,0.869937317212456,FALSE,TRUE
"603","Legionella","PyruvicAcid",0.172437076647565,1.05274497361727,0.163797577731543,0.869937317212456,0.869937317212456,FALSE,TRUE
"604","Fluviicola","PyruvicAcid",-0.459209863955749,1.11092794998915,-0.413357017401744,0.679459595062341,0.869937317212456,FALSE,TRUE
"605","Pseudomonas","PyruvicAcid",0.964630891148535,1.35415613930864,0.712348349756049,0.476484430386451,0.869937317212456,FALSE,TRUE
"606","Curvibacter","L-Asparagine",0.192451938229055,0.758600378247528,0.253693438268045,0.79980089570677,0.87061446596546,FALSE,TRUE
"607","Rheinheimera","L-Asparagine",-0.13888522372296,0.85240405696157,-0.162933555499515,0.87061446596546,0.87061446596546,FALSE,TRUE
"608","Curvibacter","D-Threonine",-0.368678916201609,1.00062770788979,-0.368447638711813,0.712640176486671,0.872400796872347,FALSE,TRUE
"609","Legionella","D-Threonine",0.170470627431952,1.06101170326142,0.160667999144539,0.872400796872347,0.872400796872347,FALSE,TRUE
"610","Rheinheimera","D-Threonine",0.331300716324357,1.12207691459378,0.295256690531143,0.767879189607613,0.872400796872347,FALSE,TRUE
"611","Fluviicola","D-Threonine",-0.305991617283004,1.11916868001514,-0.273409739521002,0.784611229618031,0.872400796872347,FALSE,TRUE
"612","Curvibacter","Stachyose",-0.401913665668707,0.99227649382977,-0.405042010133173,0.685559166032029,0.872979317886453,FALSE,FALSE
"613","Legionella","Stachyose",0.762678850418279,1.0523466651317,0.724741072204405,0.468857319520788,0.872979317886453,FALSE,TRUE
"614","Rheinheimera","Stachyose",0.272211095757958,1.11256323055455,0.244670224830526,0.806778440890791,0.872979317886453,FALSE,TRUE
"615","Fluviicola","Stachyose",0.17774825578834,1.11142350237545,0.159928465979384,0.872979317886453,0.872979317886453,FALSE,TRUE
"616","Curvibacter","D-Psicose",-0.34812373436501,1.00883649730944,-0.345074484610195,0.730132075868754,0.873346304161069,FALSE,TRUE
"617","Legionella","D-Psicose",0.591549837505579,1.069213385357,0.553257044484218,0.580262334990076,0.873346304161069,FALSE,TRUE
"618","Rheinheimera","D-Psicose",0.194786164342317,1.22150773968071,0.159463716859652,0.873346304161069,0.873346304161069,FALSE,TRUE
"619","Fluviicola","D-Psicose",-0.399170762587804,1.12734493397607,-0.354080415458963,0.723375086420256,0.873346304161069,FALSE,TRUE
"620","Pseudomonas","D-Psicose",0.737217417723389,1.37020184993661,0.538035631580482,0.590722014887417,0.873346304161069,FALSE,TRUE
"621","Curvibacter","ItaconicAcid",0.239726710573701,1.01257463002237,0.2367496710523,0.812913984616821,0.873841458670992,FALSE,TRUE
"622","Fluviicola","ItaconicAcid",-0.179536831349674,1.13034435805348,-0.158833748379872,0.873841458670992,0.873841458670992,FALSE,TRUE
"623","Curvibacter","2-DeoxyAdenosine",-0.321719289114855,0.935021209436927,-0.344076996187707,0.730881787024051,0.876259622163452,FALSE,TRUE
"624","Legionella","2-DeoxyAdenosine",-0.166685284902934,0.99546602335364,-0.167444474238695,0.867068222089528,0.876259622163452,FALSE,TRUE
"625","Rheinheimera","2-DeoxyAdenosine",0.601233842317889,1.0567619352321,0.568939722630945,0.569566697069212,0.876259622163452,FALSE,TRUE
"626","Pseudomonas","2-DeoxyAdenosine",-0.202254928322971,1.29842851025336,-0.155769013639038,0.876259622163452,0.876259622163452,FALSE,TRUE
"627","Curvibacter","Taurine",-0.388933008413428,0.997246965625772,-0.390006710293044,0.696642908078633,0.877063589917534,FALSE,TRUE
"628","Legionella","Taurine",0.578575728303147,1.05582112195038,0.547986506686252,0.583888797822606,0.877063589917534,FALSE,TRUE
"629","Rheinheimera","Taurine",0.172937693583749,1.11756352574446,0.154745291520271,0.877063589917534,0.877063589917534,FALSE,TRUE
"630","Fluviicola","Taurine",-0.411938768165282,1.11649141680381,-0.368958293781195,0.712262148331188,0.877063589917534,FALSE,TRUE
"631","Pseudomonas","Taurine",-0.499558596959531,1.49723735075339,-0.333653576507532,0.738741322109723,0.877063589917534,FALSE,TRUE
"632","Curvibacter","a-Methyl-D-Glucoside",0.153182690641704,0.99967887941317,0.153231896558248,0.878255563192539,0.878255563192539,FALSE,TRUE
"633","Legionella","a-Methyl-D-Glucoside",0.546721956018105,1.05974260105975,0.515900705955749,0.606089529474407,0.878255563192539,FALSE,TRUE
"634","Rheinheimera","a-Methyl-D-Glucoside",0.441855400944946,1.21120451716174,0.364806599285447,0.715358209427752,0.878255563192539,FALSE,TRUE
"635","Fluviicola","a-Methyl-D-Glucoside",0.32300446820763,1.11879576001626,0.288707268789557,0.772883011890239,0.878255563192539,FALSE,TRUE
"636","Pseudomonas","a-Methyl-D-Glucoside",-1.76474858304648,1.49379444279297,-1.18138649635548,0.23784387289735,0.878255563192539,FALSE,TRUE
"637","Fluviicola","ß-Methyl-D-GlucuronicAcid",1.2668377217268,1.11142350237545,1.13983348293354,0.254709700233801,0.878286083424069,FALSE,TRUE
"638","Pseudomonas","ß-Methyl-D-GlucuronicAcid",-1.38657088316925,1.48669213486633,-0.932655020263436,0.351314433369628,0.878286083424069,FALSE,TRUE
"639","Curvibacter","Cysteamine",-0.442769570697667,0.990310102876618,-0.447101942524392,0.654931231402431,0.879384577023882,FALSE,TRUE
"640","Legionella","Cysteamine",0.159230932964305,1.04889006168646,0.15180898244787,0.879384577023882,0.879384577023882,FALSE,TRUE
"641","Rheinheimera","Cysteamine",0.532801794635428,1.11065578253349,0.479718201637656,0.631567087177963,0.879384577023882,FALSE,TRUE
"642","Fluviicola","Cysteamine",-1.15891414011461,1.10958316349014,-1.04445901690622,0.296607020490616,0.879384577023882,FALSE,TRUE
"643","Pseudomonas","Cysteamine",-0.409365940524712,1.49058705563329,-0.274634036957197,0.783678782841788,0.879384577023882,FALSE,TRUE
"644","Curvibacter","Thiophosphate",-0.133709222256264,0.773420501927309,-0.17288036963472,0.862797530009376,0.879637000830597,FALSE,TRUE
"645","Legionella","Thiophosphate",0.193430394876827,0.816293810410246,0.236961731682879,0.812785110873536,0.879637000830597,FALSE,TRUE
"646","Rheinheimera","Thiophosphate",-0.490443069178093,0.859659532164545,-0.570508498804407,0.568503054836825,0.879637000830597,FALSE,TRUE
"647","Fluviicola","Thiophosphate",-0.131418557995997,0.867539009699318,-0.151484321196745,0.879637000830597,0.879637000830597,FALSE,TRUE
"648","Pseudomonas","Thiophosphate",-0.990552327723719,1.10261389068809,-0.898367357865915,0.369333761531257,0.879637000830597,FALSE,TRUE
"649","Curvibacter","L-Cysteinyl- Glycine",0.600746535338158,0.987179796162943,0.608548247921191,0.543009157179043,0.880648806308688,FALSE,TRUE
"650","Legionella","L-Cysteinyl- Glycine",-0.157079466970373,1.04576239751121,-0.150205694280271,0.880648806308688,0.880648806308688,FALSE,TRUE
"651","Rheinheimera","L-Cysteinyl- Glycine",-0.90186851732726,1.10753873337902,-0.81429975326978,0.415730689574765,0.880648806308688,FALSE,TRUE
"652","Fluviicola","L-Cysteinyl- Glycine",0.342235758699425,1.10646588219357,0.309305297349921,0.757174553754344,0.880648806308688,FALSE,TRUE
"653","Pseudomonas","L-Cysteinyl- Glycine",-0.46804755316847,1.35216365149569,-0.346147119581819,0.729339951288116,0.880648806308688,FALSE,TRUE
"654","Curvibacter","BromoSuccinicAcid",-0.206029416502132,1.00883649730944,-0.204224784741244,0.838231501594446,0.883048718033037,FALSE,TRUE
"655","Legionella","BromoSuccinicAcid",0.157344050972308,1.069213385357,0.147158699214912,0.883048718033037,0.883048718033037,FALSE,TRUE
"656","Rheinheimera","BromoSuccinicAcid",0.659357106550955,1.22150773968071,0.5397895446191,0.589501765344705,0.883048718033037,FALSE,TRUE
"657","Fluviicola","BromoSuccinicAcid",-1.30874501341824,1.12734493397607,-1.16090911838525,0.246036895716771,0.883048718033037,FALSE,FALSE
"658","Pseudomonas","BromoSuccinicAcid",1.17270114876587,1.37020184993661,0.855860141204834,0.392365512285117,0.883048718033037,FALSE,TRUE
"659","Curvibacter","N-Acetyl-NeuraminicAcid",0.154535225348442,0.992276493829771,0.155738069287524,0.876280318512093,0.883399414422666,FALSE,TRUE
"660","Legionella","N-Acetyl-NeuraminicAcid",0.875124609906637,1.0523466651317,0.831593465255211,0.405927010244962,0.883399414422666,FALSE,TRUE
"661","Rheinheimera","N-Acetyl-NeuraminicAcid",-0.266784717671977,1.11256323055455,-0.239792858819359,0.810556102338391,0.883399414422666,FALSE,TRUE
"662","Fluviicola","N-Acetyl-NeuraminicAcid",0.163056755141236,1.11142350237545,0.146709831844238,0.883399414422666,0.883399414422666,FALSE,TRUE
"663","Pseudomonas","N-Acetyl-NeuraminicAcid",-0.811626642547239,1.48669213486633,-0.545927851175598,0.585286625768342,0.883399414422666,FALSE,TRUE
"664","Curvibacter","L-Methionine Sulfoxide",-0.146305778029142,0.997246965625772,-0.146709674806917,0.883400818066643,0.883400818066643,FALSE,TRUE
"665","Legionella","L-Methionine Sulfoxide",0.251924260507337,1.05582112195038,0.238605058442065,0.8114868463182,0.883400818066643,FALSE,TRUE
"666","Rheinheimera","L-Methionine Sulfoxide",0.445666080319483,1.11756352574446,0.398783666478919,0.690165671277847,0.883400818066643,FALSE,TRUE
"667","Fluviicola","L-Methionine Sulfoxide",-0.680514854988692,1.11649141680381,-0.609511944961305,0.542368346449506,0.883400818066643,FALSE,TRUE
"668","Pseudomonas","L-Methionine Sulfoxide",0.573339347625892,1.49723735075339,0.382931502034327,0.701887288792622,0.883400818066643,FALSE,TRUE
"669","Curvibacter","Guanosine",0.374392395901252,0.977261750248832,0.383103498940713,0.701747333963967,0.884096849702618,FALSE,TRUE
"670","Rheinheimera","Guanosine",-0.938087432393665,1.10205724342793,-0.851214796679494,0.394920651691102,0.884096849702618,FALSE,TRUE
"671","Fluviicola","Guanosine",-0.41116512734281,1.09453470733623,-0.375652891212069,0.707277479762095,0.884096849702618,FALSE,TRUE
"672","Pseudomonas","Guanosine",1.23964449804253,1.33256786144533,0.930267443714267,0.352548168138428,0.884096849702618,FALSE,TRUE
"673","Curvibacter","Hydroxy-Lproline",0.144010830133473,0.995289484156883,0.144692406004335,0.884991609418446,0.884991609418446,FALSE,TRUE
"674","Legionella","Hydroxy-Lproline",0.240247160737325,1.05535701981681,0.227645390352384,0.819989570742312,0.884991609418446,FALSE,TRUE
"675","Rheinheimera","Hydroxy-Lproline",-0.249938133543706,1.11556367584301,-0.224046496812325,0.822781897654549,0.884991609418446,FALSE,TRUE
"676","Fluviicola","Hydroxy-Lproline",-0.162513103793116,1.11442418240236,-0.145826971775493,0.884096104102085,0.884991609418446,FALSE,TRUE
"677","Curvibacter","L-Glutamine",-0.154312239805299,0.784469845043854,-0.196708950357005,0.844107801823297,0.885315178344843,FALSE,TRUE
"678","Legionella","L-Glutamine",0.119735846852729,0.829833679960116,0.144288969879463,0.885315178344843,0.885315178344843,FALSE,TRUE
"679","Curvibacter","D-Galactosamine",0.139775578630618,0.977261750248832,0.14302778001393,0.886305154450477,0.886305154450477,FALSE,TRUE
"680","Legionella","D-Galactosamine",-0.638484546669334,1.03819081262688,-0.614997300018298,0.538744127899413,0.886305154450477,FALSE,TRUE
"681","Rheinheimera","D-Galactosamine",0.226549873866846,1.10205724342793,0.205569969452918,0.837182398327375,0.886305154450477,FALSE,TRUE
"682","Fluviicola","D-Galactosamine",-0.554156915513429,1.09453470733623,-0.506294511995952,0.61279351475473,0.886305154450477,FALSE,TRUE
"683","Pseudomonas","D-Galactosamine",0.757359832580336,1.33256786144533,0.568346164193762,0.569979276111177,0.886305154450477,FALSE,TRUE
"684","Curvibacter","Glycyl-L- Methionine",0.170844494257214,0.997246965625772,0.171316133461493,0.864021651805354,0.888431023350784,FALSE,TRUE
"685","Legionella","Glycyl-L- Methionine",0.148178881585086,1.05582112195038,0.140344683871602,0.888431023350784,0.888431023350784,FALSE,TRUE
"686","Rheinheimera","Glycyl-L- Methionine",-0.747463162948921,1.11756352574446,-0.668832818654315,0.503807117150604,0.888431023350784,FALSE,TRUE
"687","Fluviicola","Glycyl-L- Methionine",-0.216004462961189,1.11649141680381,-0.193467195278175,0.846645077178891,0.888431023350784,FALSE,TRUE
"688","Pseudomonas","Glycyl-L- Methionine",1.25722637262121,1.49723735075339,0.839697441416746,0.401365929005249,0.888431023350784,FALSE,TRUE
"689","Pseudomonas","D-Fucose",-0.201347320025284,1.43605019032098,-0.140209110644161,0.88853444823957,0.88853444823957,FALSE,TRUE
"690","Rheinheimera","ß-Methyl-D-Xyloside",0.701789102329505,1.12747983245805,0.622440492615746,0.533840697538766,0.889734495897944,FALSE,TRUE
"691","Curvibacter","Xanthine",0.35987561095166,0.977261750248832,0.368248947490299,0.712787459859826,0.889853411868448,FALSE,TRUE
"692","Legionella","Xanthine",-0.655598728645238,1.03819081262688,-0.631481920925895,0.527918993131007,0.889853411868448,FALSE,TRUE
"693","Rheinheimera","Xanthine",-0.204578853248168,1.10205724342793,-0.18563359976822,0.852782094464998,0.889853411868448,FALSE,TRUE
"694","Fluviicola","Xanthine",0.219461596435035,1.09453470733623,0.200506749547613,0.841136741162481,0.889853411868448,FALSE,TRUE
"695","Pseudomonas","Xanthine",-0.184613024497833,1.33256786144533,-0.138539304330511,0.889853411868448,0.889853411868448,FALSE,TRUE
"696","Legionella","Nitrate",-0.143810429950484,1.03819081262688,-0.138520229808823,0.889866681206442,0.889866681206442,FALSE,TRUE
"697","Curvibacter","Cytidine-3-monophosphate",0.135851815273079,0.993922711708482,0.136682474072415,0.89131866000835,0.89131866000835,FALSE,TRUE
"698","Legionella","Cytidine-3-monophosphate",-0.252879562365788,1.052499639537,-0.240265699736516,0.810199836664837,0.89131866000835,FALSE,TRUE
"699","Rheinheimera","Cytidine-3-monophosphate",0.643288010868525,1.11425318198139,0.577326608773612,0.563891411284546,0.89131866000835,FALSE,TRUE
"700","Fluviicola","Cytidine-3-monophosphate",-0.366662267296609,1.11318082933225,-0.329382484529988,0.741957866274006,0.89131866000835,FALSE,TRUE
"701","Pseudomonas","Cytidine-3-monophosphate",-0.287925735534333,1.35872255359714,-0.211909145669265,0.832241844934473,0.89131866000835,FALSE,TRUE
"702","Curvibacter","2,3-Butanediol",-0.419975399202796,0.989016032332795,-0.424639627137488,0.671218059497364,0.892331649651773,FALSE,FALSE
"703","Legionella","2,3-Butanediol",0.142051416845709,1.04908907205897,0.135404533922858,0.892331649651773,0.892331649651773,FALSE,TRUE
"704","Rheinheimera","2,3-Butanediol",-0.349458258314349,1.10931641971747,-0.3150212618356,0.75283278547316,0.892331649651773,FALSE,TRUE
"705","Fluviicola","2,3-Butanediol",0.815941652450384,1.10817643617752,0.736292187609447,0.461776882502576,0.892331649651773,FALSE,TRUE
"706","Pseudomonas","2,3-Butanediol",-0.219977401065564,1.34741893610761,-0.163258356529432,0.870361731856958,0.892331649651773,FALSE,TRUE
"707","Curvibacter","ß-Methyl-D-Xyloside",-0.134254246716122,1.00725481138602,-0.133287272692581,0.894001028413218,0.894001028413218,FALSE,TRUE
"708","Pseudomonas","ß-Methyl-D-Xyloside",-0.482444448256999,1.50106624362095,-0.321401170872526,0.748000770110115,0.894001028413218,FALSE,TRUE
"709","Curvibacter","D-Methionine",0.291874287507623,1.00258686126593,0.291121197358486,0.771039548506063,0.896215358341463,FALSE,TRUE
"710","Legionella","D-Methionine",0.146994869735791,1.06115660041934,0.138523258186117,0.889869678529738,0.896215358341463,FALSE,TRUE
"711","Rheinheimera","D-Methionine",0.146522301487823,1.12288124606664,0.130487798243206,0.896215358341463,0.896215358341463,FALSE,TRUE
"712","Fluviicola","D-Methionine",-0.291288482010415,1.12180952578082,-0.259659483465045,0.795197163748112,0.896215358341463,FALSE,TRUE
"713","Pseudomonas","D-Methionine",-0.380420045255897,1.36715286817361,-0.278257138694448,0.78090013743704,0.896215358341463,FALSE,TRUE
"714","Curvibacter","ß-HydroxyButyricAcid",0.129168518832911,1.00355042426072,0.128711538264822,0.897619525467912,0.897619525467912,FALSE,TRUE
"715","Legionella","ß-HydroxyButyricAcid",0.398562198986556,1.06361080685734,0.374725601147462,0.70798003945021,0.897619525467912,FALSE,TRUE
"716","Rheinheimera","ß-HydroxyButyricAcid",0.212581600349802,1.1237905585315,0.189164785854395,0.850014640313364,0.897619525467912,FALSE,TRUE
"717","Fluviicola","ß-HydroxyButyricAcid",-0.804675448149751,1.12265170265264,-0.716763218947102,0.473737299773574,0.897619525467912,FALSE,FALSE
"718","Pseudomonas","ß-HydroxyButyricAcid",1.28325794438805,1.36157064036452,0.942483560048342,0.346267448742984,0.897619525467912,FALSE,FALSE
"719","Legionella","Glycerol",-0.384019724174637,1.06398867305251,-0.360924635666384,0.718263617143996,0.897829521429996,FALSE,TRUE
"720","Curvibacter","Thiourea",0.33064467752128,0.987179796162943,0.334938659407798,0.737765511840605,0.899880728953195,FALSE,TRUE
"721","Legionella","Thiourea",0.341496322586149,1.04576239751121,0.326552497392207,0.744111214918991,0.899880728953195,FALSE,TRUE
"722","Rheinheimera","Thiourea",-0.139388685025041,1.10753873337902,-0.125854456213713,0.899880728953195,0.899880728953195,FALSE,TRUE
"723","Fluviicola","Thiourea",-0.511313351655511,1.10646588219357,-0.462113979187349,0.644132581906942,0.899880728953195,FALSE,TRUE
"724","Pseudomonas","Thiourea",0.388963483252286,1.35216365149569,0.287660064535853,0.773695201536408,0.899880728953195,FALSE,TRUE
"725","Pseudomonas","PhosphorylCholine",1.81473758730542,1.35216365149569,1.34209907602386,0.180014841506715,0.900074207533574,FALSE,TRUE
"726","Curvibacter","Ala-Gly",0.900368844558332,0.983864118219679,0.915135360549145,0.360403190251384,0.901007975628461,FALSE,TRUE
"727","Curvibacter","Laminarin",0.332649799501003,0.992276493829771,0.335239020141568,0.737536126318996,0.901948804885862,FALSE,TRUE
"728","Legionella","Laminarin",0.129696844541985,1.0523466651317,0.123245360905623,0.901948804885862,0.901948804885862,FALSE,TRUE
"729","Fluviicola","Laminarin",-0.760052221939352,1.11142350237545,-0.683854732525353,0.494272400217923,0.901948804885862,FALSE,FALSE
"730","Pseudomonas","Laminarin",0.568588356653092,1.48669213486633,0.3824519840513,0.702240331575773,0.901948804885862,FALSE,TRUE
"731","Legionella","D-Trehalose",-0.354830673663932,0.995372922763397,-0.356480134780878,0.721587398202348,0.901984247752935,FALSE,TRUE
"732","Rheinheimera","D-Trehalose",0.638438336965432,1.14850327762936,0.555887257268642,0.578453057613519,0.901984247752935,FALSE,TRUE
"733","Fluviicola","D-Trehalose",-0.89339508448185,1.05374726287002,-0.847826718950207,0.396796666233473,0.901984247752935,FALSE,TRUE
"734","Pseudomonas","D-Trehalose",1.59009205721675,1.29833803929156,1.22471344834384,0.221091676452271,0.901984247752935,FALSE,TRUE
"735","Legionella","L-Threonine",-0.95206304245049,0.806976473289792,-1.17979033337766,0.23849752776649,0.902273898075968,FALSE,FALSE
"736","Rheinheimera","L-Threonine",0.304655271230135,0.855384327376493,0.356161857868647,0.721819118460775,0.902273898075968,FALSE,TRUE
"737","Fluviicola","L-Threonine",-0.71901567711747,0.852432473656291,-0.843486961534251,0.399219563888822,0.902273898075968,FALSE,TRUE
"738","Pseudomonas","L-Threonine",0.486260954273641,1.04274655879118,0.466327076482849,0.64112722516564,0.902273898075968,FALSE,TRUE
"739","Legionella","D-Raffinose",0.69076329149146,1.05880139725471,0.652401189951669,0.514360331548912,0.904355593783324,FALSE,TRUE
"740","Rheinheimera","D-Raffinose",0.488172547427348,1.11899677886805,0.436259117672503,0.662773789400695,0.904355593783324,FALSE,TRUE
"741","Fluviicola","D-Raffinose",0.401895076708735,1.11785755255861,0.359522620560067,0.719302616462462,0.904355593783324,FALSE,TRUE
"742","Pseudomonas","D-Raffinose",-0.528402044111838,1.49289044978784,-0.353945625539322,0.723484475026659,0.904355593783324,FALSE,TRUE
"743","Curvibacter","L-Lyxose",0.265187089869827,0.992353707238924,0.267230411833368,0.789362910719578,0.904529920790605,FALSE,TRUE
"744","Legionella","L-Lyxose",-0.7090129456863,1.05274497361727,-0.673489746761847,0.500855900282569,0.904529920790605,FALSE,TRUE
"745","Rheinheimera","L-Lyxose",-0.26506906294358,1.11383782491926,-0.237978148176818,0.811962782721138,0.904529920790605,FALSE,TRUE
"746","Fluviicola","L-Lyxose",-0.13328943924769,1.11092794998915,-0.119980273472273,0.904529920790605,0.904529920790605,FALSE,TRUE
"747","Pseudomonas","L-Lyxose",1.19991936523042,1.35415613930864,0.886101189071914,0.375864715821203,0.904529920790605,FALSE,TRUE
"748","Curvibacter","Methylamine",0.257408133735978,0.983864118219679,0.261629760623614,0.793675918324348,0.904987708352128,FALSE,TRUE
"749","Legionella","Methylamine",-0.124751424012943,1.04478711557022,-0.119403677700272,0.904987708352128,0.904987708352128,FALSE,TRUE
"750","Rheinheimera","Methylamine",-0.445218796610277,1.10862951015089,-0.401593853071511,0.688096901931823,0.904987708352128,FALSE,TRUE
"751","Fluviicola","Methylamine",-0.194380524033859,1.10111046111931,-0.176531357114041,0.859922510501026,0.904987708352128,FALSE,TRUE
"752","Pseudomonas","Methylamine",0.190318529620524,1.33899497408626,0.14213535771514,0.887013330516154,0.904987708352128,FALSE,TRUE
"753","Legionella","Y-Cyclodextrin",0.573776961660244,1.05535701981681,0.543680433148436,0.586837542671472,0.90536077579297,FALSE,TRUE
"754","Fluviicola","Y-Cyclodextrin",-0.393237553143931,1.11442418240236,-0.352861647614492,0.724288620634376,0.90536077579297,FALSE,TRUE
"755","Curvibacter","Gly-Met",-0.116966091029895,0.983864118219679,-0.11888439558254,0.9053975330516,0.9053975330516,FALSE,TRUE
"756","Legionella","Gly-Met",0.233889295048437,1.04478711557022,0.223863111980268,0.822925137826098,0.9053975330516,FALSE,TRUE
"757","Rheinheimera","Gly-Met",0.563412480282671,1.10862951015089,0.508206280929676,0.611457528983049,0.9053975330516,FALSE,TRUE
"758","Fluviicola","Gly-Met",-0.753342591734609,1.10111046111931,-0.684166228853021,0.494074171575659,0.9053975330516,FALSE,TRUE
"759","Pseudomonas","Gly-Met",0.374795201328404,1.33899497408626,0.279907847737941,0.779629567220864,0.9053975330516,FALSE,TRUE
"760","Curvibacter","Thymidine-5’- monophosphate",0.483539211920143,0.993922711708482,0.486495787070781,0.626758576234176,0.905647670194445,FALSE,TRUE
"761","Legionella","Thymidine-5’- monophosphate",0.35213080809854,1.052499639537,0.334566203037793,0.738059982427131,0.905647670194445,FALSE,TRUE
"762","Rheinheimera","Thymidine-5’- monophosphate",-0.703738414266904,1.11425318198139,-0.631578554719043,0.52785398332236,0.905647670194445,FALSE,TRUE
"763","Fluviicola","Thymidine-5’- monophosphate",-0.131989669099557,1.11318082933225,-0.118569836653342,0.905647670194445,0.905647670194445,FALSE,TRUE
"764","Curvibacter","2-Deoxy-D-Glucose-6-Phosphate",-1.32069984191517,0.987179796162943,-1.33785136917163,0.181352565035144,0.906762825175721,FALSE,FALSE
"765","Curvibacter","D-Arabitol",-0.114824112154764,0.998736859621553,-0.114969334563534,0.908499410320801,0.908499410320801,FALSE,TRUE
"766","Legionella","D-Arabitol",0.155067797162581,1.05880139725471,0.146455980852165,0.883604344447565,0.908499410320801,FALSE,TRUE
"767","Rheinheimera","D-Arabitol",-0.357509541545454,1.11899677886805,-0.319491126602796,0.749442734914999,0.908499410320801,FALSE,TRUE
"768","Fluviicola","D-Arabitol",0.337743149771414,1.11785755255861,0.30213433634578,0.76263115065648,0.908499410320801,FALSE,TRUE
"769","Pseudomonas","D-Arabitol",0.798745453622446,1.49289044978784,0.535032864424819,0.592794270889514,0.908499410320801,FALSE,TRUE
"770","Curvibacter","Inositol Hexaphosphate",-0.124971778028435,0.990310102876618,-0.126194590629159,0.899611895107204,0.908510476638685,FALSE,TRUE
"771","Legionella","Inositol Hexaphosphate",0.120582729513342,1.04889006168646,0.114962219509891,0.908510476638685,0.908510476638685,FALSE,TRUE
"772","Rheinheimera","Inositol Hexaphosphate",0.265908667111333,1.11065578253349,0.239415912016211,0.810848243919692,0.908510476638685,FALSE,TRUE
"773","Fluviicola","Inositol Hexaphosphate",-0.681694412894622,1.10958316349014,-0.614369824025074,0.539155870225886,0.908510476638685,FALSE,TRUE
"774","Pseudomonas","Inositol Hexaphosphate",-0.459763274184014,1.49058705563329,-0.308444429626876,0.75783632750852,0.908510476638685,FALSE,TRUE
"775","Curvibacter","D,L-Octopamine",-0.11316828037532,0.995289484156882,-0.113703884323852,0.909502181076321,0.909502181076321,FALSE,TRUE
"776","Legionella","D,L-Octopamine",-0.245772586288547,1.05535701981681,-0.232880988777816,0.81592309295149,0.909502181076321,FALSE,TRUE
"777","Rheinheimera","D,L-Octopamine",0.284331097424633,1.11556367584301,0.254876618503888,0.798887988973744,0.909502181076321,FALSE,TRUE
"778","Curvibacter","L-Tyrosine",-0.383845456374063,0.983864118219679,-0.390140720924591,0.696538931497516,0.909624958453833,FALSE,TRUE
"779","Rheinheimera","L-Tyrosine",0.386153793460854,1.10862951015089,0.348316358102625,0.727699966763067,0.909624958453833,FALSE,TRUE
"780","Curvibacter","i-Erythritol",-0.262103552273821,1.00657771342073,-0.260390776369461,0.79463199348095,0.909654027343072,FALSE,TRUE
"781","Legionella","i-Erythritol",0.301110368073525,1.06663550126117,0.282299218165436,0.77779899603037,0.909654027343072,FALSE,TRUE
"782","Rheinheimera","i-Erythritol",0.138261688847296,1.21802397956668,0.113513109073997,0.909654027343072,0.909654027343072,FALSE,FALSE
"783","Fluviicola","i-Erythritol",0.51943177893746,1.12566686521954,0.461443607328847,0.644610541229645,0.909654027343072,FALSE,TRUE
"784","Pseudomonas","i-Erythritol",0.342595543018941,1.50041620570625,0.228333672827588,0.819452443311096,0.909654027343072,FALSE,TRUE
"785","Curvibacter","L-Homoserine",-0.101798758857101,0.75886447709094,-0.13414616434194,0.893322561866297,0.909775700212753,FALSE,TRUE
"786","Legionella","L-Homoserine",0.293399694448945,0.804147337519206,0.364858130792403,0.715331757352962,0.909775700212753,FALSE,TRUE
"787","Rheinheimera","L-Homoserine",0.0966476252428206,0.852575731074417,0.113359578182017,0.909775700212753,0.909775700212753,FALSE,TRUE
"788","Fluviicola","L-Homoserine",-0.435992536849489,0.849770723353976,-0.51307079058768,0.608050101284977,0.909775700212753,FALSE,TRUE
"789","Pseudomonas","L-Homoserine",0.622158418281096,1.03722618010747,0.599829073169587,0.54881477006627,0.909775700212753,FALSE,FALSE
"790","Curvibacter","N-Acetyl-L- Cysteine",0.28470032286385,0.990310102876618,0.287486032947521,0.773820033392598,0.910086171502478,FALSE,TRUE
"791","Legionella","N-Acetyl-L- Cysteine",0.478416423092521,1.04889006168646,0.45611684252523,0.648457905732524,0.910086171502478,FALSE,TRUE
"792","Rheinheimera","N-Acetyl-L- Cysteine",-0.880762510671929,1.11065578253349,-0.793011232213499,0.428021067349188,0.910086171502478,FALSE,TRUE
"793","Fluviicola","N-Acetyl-L- Cysteine",-0.747835808514781,1.10958316349014,-0.673979051883321,0.500530708924779,0.910086171502478,FALSE,TRUE
"794","Pseudomonas","N-Acetyl-L- Cysteine",-0.168392921516795,1.49058705563329,-0.11297087337529,0.910086171502478,0.910086171502478,FALSE,TRUE
"795","Legionella","Pyrophosphate",0.457699452733431,1.04576239751121,0.437670596899161,0.661770089327121,0.910123508322451,FALSE,TRUE
"796","Rheinheimera","Pyrophosphate",0.525918288181431,1.10753873337902,0.474853178793028,0.63502931569773,0.910123508322451,FALSE,TRUE
"797","Fluviicola","Pyrophosphate",-0.72984445709813,1.10646588219357,-0.659617678993601,0.509700151841631,0.910123508322451,FALSE,TRUE
"798","Pseudomonas","Pyrophosphate",-0.470282417928451,1.35216365149569,-0.347799925998786,0.728098806657961,0.910123508322451,FALSE,TRUE
"799","Curvibacter","DihydroxyAcetone",-0.393209844689316,0.989016032332795,-0.397576815576843,0.691052375148528,0.910951332067893,FALSE,FALSE
"800","Legionella","DihydroxyAcetone",0.18117854743033,1.04908907205897,0.172700824225291,0.862937393580471,0.910951332067893,FALSE,TRUE
"801","Rheinheimera","DihydroxyAcetone",0.389406854879674,1.10931641971747,0.351033165973375,0.72566165571742,0.910951332067893,FALSE,TRUE
"802","Fluviicola","DihydroxyAcetone",-0.123977671230568,1.10817643617752,-0.111875390220541,0.910951332067893,0.910951332067893,FALSE,TRUE
"803","Pseudomonas","DihydroxyAcetone",0.409401605144813,1.34741893610761,0.303841362306724,0.761338259616103,0.910951332067893,FALSE,TRUE
"804","Curvibacter","Cysteamine-S-Phosphate",-0.142214144922987,0.993922711708482,-0.143083705853276,0.886262710504309,0.911167305266284,FALSE,TRUE
"805","Legionella","Cysteamine-S-Phosphate",-0.480882720503304,1.052499639537,-0.456895852919103,0.647898146244599,0.911167305266284,FALSE,TRUE
"806","Rheinheimera","Cysteamine-S-Phosphate",0.653740427465325,1.11425318198139,0.586707256516716,0.557576179949237,0.911167305266284,FALSE,TRUE
"807","Fluviicola","Cysteamine-S-Phosphate",-0.256802126184335,1.11318082933225,-0.230692192515011,0.817616371814449,0.911167305266284,FALSE,TRUE
"808","Pseudomonas","Cysteamine-S-Phosphate",0.15164444695743,1.35872255359714,0.111608103181889,0.911167305266284,0.911167305266284,FALSE,TRUE
"809","Curvibacter","D,L-MalicAcid",0.138368462646771,1.00062770788979,0.138281662156421,0.890053765580454,0.912257537311693,FALSE,TRUE
"810","Legionella","D,L-MalicAcid",-0.116956282422778,1.06101170326142,-0.110230907032663,0.912257537311693,0.912257537311693,FALSE,TRUE
"811","Pseudomonas","D,L-MalicAcid",0.775908078860419,1.36220944131454,0.569595287866793,0.569133407274623,0.912257537311693,FALSE,TRUE
"812","Curvibacter","2-Aminoethanol",0.204178878933069,0.736142929861396,0.277363091664159,0.781574381531471,0.91234672488922,FALSE,TRUE
"813","Legionella","2-Aminoethanol",0.474252050522888,0.783448172171437,0.60533940516886,0.545130571391121,0.91234672488922,FALSE,TRUE
"814","Rheinheimera","2-Aminoethanol",-0.154692323757595,0.837387227573709,-0.184732127101829,0.853488887301456,0.91234672488922,FALSE,TRUE
"815","Fluviicola","2-Aminoethanol",-0.361216216476885,0.823920553321889,-0.438411464576931,0.661209707660131,0.91234672488922,FALSE,TRUE
"816","Pseudomonas","2-Aminoethanol",0.111231780121242,1.01011410079457,0.11011803521379,0.91234672488922,0.91234672488922,FALSE,TRUE
"817","Curvibacter","Hydroxylamine",0.110215120094478,1.01653802614725,0.108422033666759,0.913688788053959,0.913688788053959,FALSE,TRUE
"818","Legionella","HydroxyGlutaricAcid-Lactone",0.107401040989588,0.991206867998464,0.108353810346837,0.913745786382655,0.913745786382655,FALSE,TRUE
"819","Curvibacter","Sedoheptulosan",-0.107728467758887,0.998736859621554,-0.107864716037123,0.914131113844574,0.914131113844574,FALSE,TRUE
"820","Legionella","Sedoheptulosan",0.216488860548289,1.05880139725471,0.204465975497963,0.838049855135512,0.914131113844574,FALSE,TRUE
"821","Rheinheimera","Sedoheptulosan",0.341460063655678,1.11899677886805,0.30514838836363,0.760337465570702,0.914131113844574,FALSE,TRUE
"822","Fluviicola","Sedoheptulosan",0.302865415532506,1.11785755255861,0.270933818749349,0.786514459177522,0.914131113844574,FALSE,TRUE
"823","Pseudomonas","Sedoheptulosan",-1.02503373487913,1.49289044978784,-0.686610149475335,0.492552093198031,0.914131113844574,FALSE,TRUE
"824","Curvibacter","D-Glucose-1-Phosphate",0.223353777288199,0.987179796162943,0.226254404877764,0.821065533981038,0.914322901370679,FALSE,TRUE
"825","Legionella","D-Glucose-1-Phosphate",-0.5371202193658,1.04576239751121,-0.513615923314971,0.607694619467432,0.914322901370679,FALSE,TRUE
"826","Rheinheimera","D-Glucose-1-Phosphate",0.119197365448371,1.10753873337902,0.107623654014076,0.914322901370679,0.914322901370679,FALSE,TRUE
"827","Fluviicola","D-Glucose-1-Phosphate",0.145136967684303,1.10646588219357,0.13117166106972,0.895674421787785,0.914322901370679,FALSE,TRUE
"828","Pseudomonas","D-Glucose-1-Phosphate",0.62352311967572,1.35216365149569,0.461129922392168,0.644853849728125,0.914322901370679,FALSE,TRUE
"829","Curvibacter","Adenosine-3’-monophosphate",0.10441438456328,0.987179796162943,0.105770382425903,0.915792969541966,0.915792969541966,FALSE,TRUE
"830","Curvibacter","D,L-Ethionine",-0.29568958496616,0.990310102876618,-0.298582821792135,0.765341521528936,0.915916747803148,FALSE,TRUE
"831","Legionella","D,L-Ethionine",0.549746920892312,1.04889006168646,0.524122537693227,0.600371507626137,0.915916747803148,FALSE,TRUE
"832","Rheinheimera","D,L-Ethionine",-0.556128495232999,1.11065578253349,-0.500720838966353,0.616713925758368,0.915916747803148,FALSE,TRUE
"833","Fluviicola","D,L-Ethionine",-0.117187366445764,1.10958316349014,-0.105613865009592,0.915916747803148,0.915916747803148,FALSE,TRUE
"834","Pseudomonas","D,L-Ethionine",0.311239427658235,1.49058705563329,0.208803254048119,0.834662828056266,0.915916747803148,FALSE,TRUE
"835","Curvibacter","D-Mannitol",0.105546766766721,1.00062770788979,0.105480555789632,0.916021812838524,0.916021812838524,FALSE,TRUE
"836","Legionella","D-Mannitol",0.335520642743499,1.06101170326142,0.316227089401699,0.751923496801595,0.916021812838524,FALSE,TRUE
"837","Rheinheimera","D-Mannitol",-0.788992555186832,1.12207691459378,-0.70315371872031,0.482177296441599,0.916021812838524,FALSE,TRUE
"838","Fluviicola","D-Mannitol",-0.612055040932231,1.11916868001514,-0.546883639492082,0.584616358008076,0.916021812838524,FALSE,TRUE
"839","Pseudomonas","D-Mannitol",1.25062731429329,1.36220944131454,0.918087392704037,0.358886643335261,0.916021812838524,FALSE,TRUE
"840","Rheinheimera","Mannan",0.668214903376096,1.11899677886805,0.597155341279933,0.550583183172359,0.917638638620599,FALSE,TRUE
"841","Fluviicola","Mannan",0.691495091215605,1.11785755255861,0.618589631239575,0.536369461297525,0.917638638620599,FALSE,TRUE
"842","Pseudomonas","Mannan",-1.05052121678298,1.49289044978784,-0.703682722956849,0.481860554296657,0.917638638620599,FALSE,TRUE
"843","Curvibacter","Gentiobiose",0.362217510506419,0.99967887941317,0.362333863369253,0.717202007233014,0.919012099681723,FALSE,TRUE
"844","Legionella","Gentiobiose",-0.158092014996601,1.05974260105975,-0.149179635544054,0.881455610547681,0.919012099681723,FALSE,TRUE
"845","Rheinheimera","Gentiobiose",1.10642487237976,1.21120451716174,0.913491368883342,0.361276560733285,0.919012099681723,FALSE,TRUE
"846","Fluviicola","Gentiobiose",-0.327401155783039,1.11879576001626,-0.292637108115499,0.769878291052409,0.919012099681723,FALSE,TRUE
"847","Pseudomonas","Gentiobiose",0.151940262837971,1.49379444279297,0.101714304515611,0.919012099681723,0.919012099681723,FALSE,TRUE
"848","Curvibacter","L-Tryptophan",0.135924625949329,0.992340281744488,0.136973806717168,0.891086820921634,0.919110556018581,FALSE,TRUE
"849","Rheinheimera","L-Tryptophan",-0.11348092884486,1.11706754064286,-0.101588243070381,0.919110556018581,0.919110556018581,FALSE,TRUE
"850","Curvibacter","L-GalactonicAcid-Y-Lactone",0.434359892996742,0.992353707238924,0.437706726773142,0.661720940249259,0.920289171758904,FALSE,TRUE
"851","Legionella","L-GalactonicAcid-Y-Lactone",-0.714956519302691,1.05274497361727,-0.6791355335054,0.497274281108973,0.920289171758904,FALSE,TRUE
"852","Rheinheimera","L-GalactonicAcid-Y-Lactone",-0.286694286644885,1.11383782491926,-0.257393204136938,0.796945568635482,0.920289171758904,FALSE,TRUE
"853","Fluviicola","L-GalactonicAcid-Y-Lactone",-0.111206258484736,1.11092794998915,-0.100102133973515,0.920289171758904,0.920289171758904,FALSE,TRUE
"854","Pseudomonas","L-GalactonicAcid-Y-Lactone",1.03573280802016,1.35415613930864,0.764854788864262,0.444613595554198,0.920289171758904,FALSE,TRUE
"855","Curvibacter","MalonicAcid",-0.111533424830655,0.989016032332795,-0.112772110041109,0.910240632071516,0.920483594009355,FALSE,TRUE
"856","Legionella","MalonicAcid",-0.104763320463241,1.04908907205897,-0.0998612255655556,0.920483594009355,0.920483594009355,FALSE,TRUE
"857","Rheinheimera","MalonicAcid",0.289438561213172,1.10931641971747,0.260916142651965,0.794228515362848,0.920483594009355,FALSE,TRUE
"858","Fluviicola","MalonicAcid",0.787235332227291,1.10817643617752,0.71038808129032,0.47767835300608,0.920483594009355,FALSE,TRUE
"859","Pseudomonas","MalonicAcid",0.886794526747936,1.34741893610761,0.65814313795358,0.510660660927986,0.920483594009355,FALSE,FALSE
"860","Curvibacter","D-Melezitose",0.783968660696542,0.995289484156883,0.78767903527148,0.431126940038475,0.920699598118762,FALSE,TRUE
"861","Legionella","D-Melezitose",-0.105102007429908,1.05535701981681,-0.0995890541839121,0.920699598118762,0.920699598118762,FALSE,TRUE
"862","Rheinheimera","D-Melezitose",1.45002360669119,1.11556367584301,1.2998124966694,0.194062995573899,0.920699598118762,FALSE,FALSE
"863","Fluviicola","D-Melezitose",-0.271183236644791,1.11442418240236,-0.243339332479489,0.807807272307327,0.920699598118762,FALSE,TRUE
"864","Pseudomonas","D-Melezitose",-0.659513486863897,1.35352622219698,-0.487255788656542,0.626228295721823,0.920699598118762,FALSE,TRUE
"865","Curvibacter","D-AsparticAcid",0.232929927572037,0.758600378247528,0.307052216491293,0.758887589762721,0.922097373268078,FALSE,TRUE
"866","Legionella","D-AsparticAcid",0.187592132530953,0.803985769846077,0.233327677636468,0.815577415250313,0.922097373268078,FALSE,TRUE
"867","Rheinheimera","D-AsparticAcid",-0.300768491761641,0.85240405696157,-0.352847325520414,0.724301647545172,0.922097373268078,FALSE,TRUE
"868","Fluviicola","D-AsparticAcid",-1.03611235223178,0.849451407968312,-1.21974293351273,0.22293788573364,0.922097373268078,FALSE,FALSE
"869","Pseudomonas","D-AsparticAcid",-0.1017245566903,1.03983540733098,-0.0978275561431431,0.922097373268078,0.922097373268078,FALSE,TRUE
"870","Curvibacter","L-Sorbose",-0.168311992893303,0.992276493829771,-0.169622069997536,0.865351930238632,0.922709139686139,FALSE,TRUE
"871","Legionella","L-Sorbose",0.532021471159622,1.0523466651317,0.505557235830685,0.613329451809899,0.922709139686139,FALSE,TRUE
"872","Rheinheimera","L-Sorbose",-0.380443160632587,1.11256323055455,-0.341951945008066,0.732482469544642,0.922709139686139,FALSE,TRUE
"873","Fluviicola","L-Sorbose",0.759054544065669,1.11142350237545,0.682957074817422,0.494839150751023,0.922709139686139,FALSE,TRUE
"874","Pseudomonas","L-Sorbose",-0.144292598708656,1.48669213486633,-0.0970561391458689,0.922709139686139,0.922709139686139,FALSE,TRUE
"875","Curvibacter","δ-Amino-NValericAcid",0.28279962243297,0.764038864341683,0.370137745121955,0.711382425297869,0.922876975764868,FALSE,TRUE
"876","Legionella","δ-Amino-NValericAcid",-0.0784348083395316,0.809889623404453,-0.0968462937082994,0.922876975764868,0.922876975764868,FALSE,TRUE
"877","Rheinheimera","δ-Amino-NValericAcid",0.12729480799588,0.855913220898205,0.148723965102788,0.881811269189667,0.922876975764868,FALSE,TRUE
"878","Fluviicola","δ-Amino-NValericAcid",-0.994457805146252,0.855575134014776,-1.16232668015931,0.245464081246683,0.922876975764868,FALSE,TRUE
"879","Pseudomonas","δ-Amino-NValericAcid",0.252909331827973,1.04517527027019,0.241977914156535,0.808868132941405,0.922876975764868,FALSE,TRUE
"880","Curvibacter","ParabanicAcid",0.531730977460993,0.983864118219679,0.54045164125222,0.589039776028685,0.923493190380862,FALSE,TRUE
"881","Legionella","ParabanicAcid",-0.297091930802859,1.04478711557022,-0.284356426658951,0.776216192616736,0.923493190380862,FALSE,TRUE
"882","Rheinheimera","ParabanicAcid",0.106502334875864,1.10862951015089,0.0960666605937349,0.923493190380862,0.923493190380862,FALSE,TRUE
"883","Fluviicola","ParabanicAcid",-0.356353653030017,1.10111046111931,-0.323631157466049,0.74630436934834,0.923493190380862,FALSE,TRUE
"884","Pseudomonas","ParabanicAcid",-0.607879815658001,1.33899497408626,-0.453982148867156,0.649980131862116,0.923493190380862,FALSE,TRUE
"885","Curvibacter","OxalicAcid",0.277470502128376,0.995289484156882,0.278783717245263,0.780485686420305,0.923846921322363,FALSE,TRUE
"886","Legionella","OxalicAcid",-0.100917632780806,1.05535701981681,-0.0956241640372312,0.923846921322363,0.923846921322363,FALSE,TRUE
"887","Rheinheimera","OxalicAcid",0.349683664127197,1.11556367584301,0.313459170192996,0.754018643381441,0.923846921322363,FALSE,TRUE
"888","Fluviicola","OxalicAcid",0.821398715506305,1.11442418240236,0.737061101577693,0.46130944727029,0.923846921322363,FALSE,TRUE
"889","Pseudomonas","OxalicAcid",-1.00937827144034,1.35352622219698,-0.745739724053494,0.456072820588448,0.923846921322363,FALSE,TRUE
"890","Curvibacter","Keto-ButyricAcid",-0.285018487480111,1.01274410193096,-0.281431890777423,0.778454341943973,0.924543294896614,FALSE,TRUE
"891","Fluviicola","Keto-ButyricAcid",-0.107177088525392,1.13123721342878,-0.0947432485893373,0.924543294896614,0.924543294896614,FALSE,TRUE
"892","Curvibacter","ß-GlycerolPhosphate",0.269670150440466,0.987179796162943,0.273172274684555,0.784796395230411,0.92490091678571,FALSE,TRUE
"893","Legionella","ß-GlycerolPhosphate",-0.201078520405519,1.04576239751121,-0.192279356079412,0.847583283432154,0.92490091678571,FALSE,TRUE
"894","Rheinheimera","ß-GlycerolPhosphate",-0.441984244649457,1.10753873337902,-0.399068882494967,0.689955598266452,0.92490091678571,FALSE,TRUE
"895","Fluviicola","ß-GlycerolPhosphate",-0.104332664735567,1.10646588219357,-0.0942936121344539,0.92490091678571,0.92490091678571,FALSE,TRUE
"896","Pseudomonas","ß-GlycerolPhosphate",-0.4358914110902,1.35216365149569,-0.322365869403485,0.747275294270418,0.92490091678571,FALSE,TRUE
"897","Fluviicola","D-Tagatose",1.00200769609201,1.11785755255861,0.896364383635968,0.370337996879606,0.925844992199014,FALSE,TRUE
"898","Pseudomonas","D-Tagatose",-1.76831611917162,1.49289044978784,-1.18449154753647,0.236613988573257,0.925844992199014,FALSE,TRUE
"899","Fluviicola","Adenosine-2’,3’-cyclicmonophosphate",-1.4673010835691,1.10646588219357,-1.32611507248662,0.185202208238606,0.926011041193032,FALSE,TRUE
"900","Curvibacter","FormicAcid",-0.665086777419432,0.995743522689377,-0.667929805481553,0.504377406050121,0.926359586609899,FALSE,TRUE
"901","Rheinheimera","FormicAcid",0.658408861752913,1.1172132762394,0.589331397823298,0.555815751965939,0.926359586609899,FALSE,TRUE
"902","Pseudomonas","FormicAcid",1.43540366799251,1.49328538171627,0.961238679201939,0.336758694528381,0.926359586609899,FALSE,TRUE
"903","Curvibacter","Phenylethyl-amine",0.355931278434673,1.0345122895492,0.344057080839293,0.730896758002674,0.927150731581744,FALSE,TRUE
"904","Rheinheimera","Phenylethyl-amine",-0.407456458961574,1.24489225591434,-0.327302589461695,0.743530002617249,0.927150731581744,FALSE,FALSE
"905","Fluviicola","Phenylethyl-amine",0.197060261954137,1.15167877375364,0.171106967016387,0.864184393692833,0.927150731581744,FALSE,TRUE
"906","Pseudomonas","Phenylethyl-amine",-0.127342383181025,1.39228462048186,-0.0914628958100197,0.927150731581744,0.927150731581744,FALSE,TRUE
"907","Curvibacter","Thymine",0.156539726742538,0.983864118219679,0.159107059444143,0.873625684575685,0.92756610607249,FALSE,TRUE
"908","Legionella","Thymine",-0.670995510064572,1.04478711557022,-0.642231800205881,0.520920079321146,0.92756610607249,FALSE,TRUE
"909","Rheinheimera","Thymine",-0.22791884353524,1.10862951015089,-0.205586123631347,0.837169783199117,0.92756610607249,FALSE,TRUE
"910","Fluviicola","Thymine",0.100131651663177,1.10111046111931,0.0909369724463342,0.92756610607249,0.92756610607249,FALSE,TRUE
"911","Pseudomonas","Thymine",0.863230324595071,1.33899497408626,0.644685261185651,0.51933898173432,0.92756610607249,FALSE,TRUE
"912","Curvibacter","ß-Methyl-D-GlucuronicAcid",-0.0897134858690178,0.992276493829771,-0.0904117818237953,0.927983514209252,0.927983514209252,FALSE,TRUE
"913","Legionella","ß-Methyl-D-GlucuronicAcid",0.242095666217337,1.0523466651317,0.230053150961464,0.818118858850816,0.927983514209252,FALSE,TRUE
"914","Rheinheimera","ß-Methyl-D-GlucuronicAcid",0.172687339245379,1.11256323055455,0.155215752689673,0.8766928262592,0.927983514209252,FALSE,TRUE
"915","Curvibacter","D-Valine",0.0887527354836361,0.983864118219679,0.0902083263736011,0.928144810100993,0.929049107280746,FALSE,TRUE
"916","Legionella","D-Valine",-0.0930606194978758,1.04478711557022,-0.089071369766161,0.929049107280746,0.929049107280746,FALSE,TRUE
"917","Rheinheimera","D-Valine",1.06171095474428,1.10862951015089,0.957678778187832,0.338532133301417,0.929049107280746,FALSE,TRUE
"918","Fluviicola","D-Valine",-0.423035485668974,1.10111046111931,-0.384189870686495,0.700942825020056,0.929049107280746,FALSE,TRUE
"919","Pseudomonas","D-Valine",0.782116372045401,1.33899497408626,0.584107025927506,0.559333459675524,0.929049107280746,FALSE,TRUE
"920","Curvibacter","m-Inositol",-0.104935188812894,1.00062770788979,-0.104869361487291,0.916506625589392,0.930556331052427,FALSE,TRUE
"921","Legionella","m-Inositol",0.0924947191586333,1.06101170326142,0.0871759650476197,0.930556331052427,0.930556331052427,FALSE,TRUE
"922","Curvibacter","Glycyl-L-AsparticAcid",-0.225150470136719,0.930757836446651,-0.241900160622095,0.808921566803572,0.930739564247537,FALSE,TRUE
"923","Legionella","Glycyl-L-AsparticAcid",0.674779760608355,0.991206867998463,0.680765824364123,0.496242593858047,0.930739564247537,FALSE,TRUE
"924","Rheinheimera","Glycyl-L-AsparticAcid",0.0915096261910472,1.05251873695045,0.0869434652120169,0.930739564247537,0.930739564247537,FALSE,TRUE
"925","Fluviicola","Glycyl-L-AsparticAcid",-1.06626229863402,1.04959589542278,-1.0158788761312,0.310004619988952,0.930739564247537,FALSE,FALSE
"926","Pseudomonas","Glycyl-L-AsparticAcid",-0.145101355515494,1.29429003027636,-0.112108841234381,0.910768973298914,0.930739564247537,FALSE,TRUE
"927","Legionella","L-PyroglutamicAcid",0.26357566044753,0.814401426783186,0.323643416844972,0.746308405755924,0.932885507194905,FALSE,TRUE
"928","Rheinheimera","L-PyroglutamicAcid",0.352280134964955,0.862794385325007,0.408301376268523,0.683168505820075,0.932885507194905,FALSE,TRUE
"929","Fluviicola","L-PyroglutamicAcid",-0.408963984591817,0.85999194635842,-0.475543970293616,0.634535214223445,0.932885507194905,FALSE,TRUE
"930","Curvibacter","Pyrophosphate",-0.0828254522317346,0.987179796162943,-0.0839010811948014,0.933157588342948,0.933157588342948,FALSE,TRUE
"931","Curvibacter","Alloxan",-0.0824715625759637,0.992340281744488,-0.0831081475710958,0.933786855305666,0.933786855305666,FALSE,TRUE
"932","Rheinheimera","Alloxan",0.313182062284644,1.11706754064286,0.280360901100403,0.779277636022809,0.933786855305666,FALSE,TRUE
"933","Pseudomonas","Alloxan",0.341521146275064,1.34724860781692,0.253495267535265,0.799958752968792,0.933786855305666,FALSE,TRUE
"934","Curvibacter","D-MalicAcid",-0.0759396532742712,0.930757836446651,-0.0815890560365149,0.934994585853452,0.934994585853452,FALSE,TRUE
"935","Legionella","D-MalicAcid",0.145700512551449,0.991206867998464,0.146993041771049,0.88317942347656,0.934994585853452,FALSE,TRUE
"936","Rheinheimera","D-MalicAcid",-0.598756807181083,1.05251873695045,-0.568879950694191,0.569607241710026,0.934994585853452,FALSE,TRUE
"937","Fluviicola","D-MalicAcid",0.393076960375142,1.04959589542278,0.374503141722758,0.708132633910578,0.934994585853452,FALSE,TRUE
"938","Pseudomonas","D-MalicAcid",-0.325025244396349,1.29429003027636,-0.251122419854341,0.801792532710886,0.934994585853452,FALSE,TRUE
"939","Curvibacter","D-Xylose",0.0793617917142886,0.986045534617833,0.0804849156839874,0.935872387278244,0.935872387278244,FALSE,TRUE
"940","Curvibacter","3-Hydroxy-2-Butanone",-0.079859355293777,0.995289484156882,-0.0802373144346306,0.936069368273419,0.936069368273419,FALSE,TRUE
"941","Legionella","3-Hydroxy-2-Butanone",0.393753016920321,1.05535701981681,0.373099348871219,0.709189438415122,0.936069368273419,FALSE,TRUE
"942","Rheinheimera","3-Hydroxy-2-Butanone",-0.285414854398877,1.11556367584301,-0.255848106727924,0.798137999705031,0.936069368273419,FALSE,TRUE
"943","Fluviicola","3-Hydroxy-2-Butanone",1.00543078349575,1.11442418240236,0.902197564780353,0.367233718895429,0.936069368273419,FALSE,TRUE
"944","Pseudomonas","3-Hydroxy-2-Butanone",-0.684275439927231,1.35352622219698,-0.505550190831582,0.613330217784046,0.936069368273419,FALSE,TRUE
"945","Pseudomonas","D-Lysine",1.18999209199572,1.33899497408626,0.888720357451514,0.374453762715108,0.936134406787771,FALSE,TRUE
"946","Curvibacter","Urea",0.612756370291912,0.983864118219679,0.622805892546123,0.533593996171385,0.937345585820083,FALSE,TRUE
"947","Legionella","Urea",-0.283785178515397,1.04478711557022,-0.271620097803861,0.785989325137455,0.937345585820083,FALSE,TRUE
"948","Rheinheimera","Urea",0.0871746459552902,1.10862951015089,0.0786328030754165,0.937345585820083,0.937345585820083,FALSE,TRUE
"949","Fluviicola","Urea",-0.222663183251952,1.10111046111931,-0.202216935642959,0.839800059507114,0.937345585820083,FALSE,TRUE
"950","Pseudomonas","Urea",-1.39707697690705,1.33899497408626,-1.04337731204737,0.297127973790662,0.937345585820083,FALSE,TRUE
"951","Legionella","L-Tyrosine",-0.0818780162390171,1.04478711557022,-0.0783681335832038,0.937556245468759,0.937556245468759,FALSE,TRUE
"952","Curvibacter","D-GalacturonicAcid",0.0785747983007091,1.00883649730944,0.0778865539760579,0.937938414304291,0.937938414304291,FALSE,TRUE
"953","Legionella","D-GalacturonicAcid",-0.744178112603453,1.069213385357,-0.69600523412357,0.486654311782415,0.937938414304291,FALSE,TRUE
"954","Rheinheimera","D-GalacturonicAcid",0.371153255056785,1.22150773968071,0.303848467758216,0.761327279219483,0.937938414304291,FALSE,TRUE
"955","Fluviicola","D-GalacturonicAcid",0.352456140936736,1.12734493397607,0.312642679551188,0.754636391925487,0.937938414304291,FALSE,TRUE
"956","Curvibacter","Pectin",-0.207944771723927,0.989016032332795,-0.210254197025954,0.833524920296293,0.939687966366603,FALSE,TRUE
"957","Legionella","Pectin",0.567041730127224,1.04908907205897,0.540508661494615,0.589021240801809,0.939687966366603,FALSE,TRUE
"958","Rheinheimera","Pectin",-0.294217684652895,1.10931641971747,-0.265224312399367,0.790909255751804,0.939687966366603,FALSE,TRUE
"959","Fluviicola","Pectin",-0.0838742558866538,1.10817643617752,-0.075686734664712,0.939687966366603,0.939687966366603,FALSE,TRUE
"960","Curvibacter","L-PyroglutamicAcid",0.0578370102098159,0.769127234753426,0.0751982345656475,0.940076806571847,0.940076806571847,FALSE,TRUE
"961","Curvibacter","Guanine",0.266890335153767,0.977261750248832,0.273100154677917,0.784848466502537,0.940939529224298,FALSE,TRUE
"962","Legionella","Guanine",-0.0769445036971782,1.03819081262688,-0.0741140287135555,0.940939529224298,0.940939529224298,FALSE,TRUE
"963","Rheinheimera","Guanine",-0.43521668120853,1.10205724342793,-0.394912953754379,0.693018965380414,0.940939529224298,FALSE,TRUE
"964","Fluviicola","Guanine",-0.48382046726959,1.09453470733623,-0.442033006378632,0.658588305612194,0.940939529224298,FALSE,TRUE
"965","Pseudomonas","Guanine",1.69708336102451,1.33256786144533,1.27354366717491,0.203241110034461,0.940939529224298,FALSE,FALSE
"966","Legionella","D-Glucose-6Phosphate",-0.923848610374666,1.06036850290726,-0.871252406914869,0.383912135465341,0.941164477657851,FALSE,TRUE
"967","Rheinheimera","D-Glucose-6Phosphate",-0.381886613912571,1.21275775953551,-0.314891090912363,0.752931582126281,0.941164477657851,FALSE,FALSE
"968","Fluviicola","D-Glucose-6Phosphate",0.746027956099464,1.11852748916273,0.666973287047153,0.504988042255495,0.941164477657851,FALSE,TRUE
"969","Pseudomonas","D-Glucose-6Phosphate",0.43778859010187,1.36158275648966,0.321529182133995,0.747904567489074,0.941164477657851,FALSE,TRUE
"970","Curvibacter","Methyl-DGlucoside",-0.36552836948112,0.986045534617833,-0.370701308051448,0.710961391105734,0.941357264910437,FALSE,TRUE
"971","Legionella","Methyl-DGlucoside",0.834099580038052,1.04644241829459,0.797081201464869,0.425671504096527,0.941357264910437,FALSE,TRUE
"972","Rheinheimera","Methyl-DGlucoside",-0.184983784901482,1.10755661213362,-0.167019710663028,0.867399380426166,0.941357264910437,FALSE,TRUE
"973","Fluviicola","Methyl-DGlucoside",-0.324038085373261,1.10464547119344,-0.293341251852664,0.769339984186788,0.941357264910437,FALSE,TRUE
"974","Pseudomonas","Methyl-DGlucoside",-0.0992009970407942,1.34801801079287,-0.073590260847069,0.941357264910437,0.941357264910437,FALSE,TRUE
"975","Curvibacter","PhosphorylCholine",0.136782494970966,0.987179796162943,0.138558847641154,0.889836156743836,0.942036918154151,FALSE,TRUE
"976","Legionella","PhosphorylCholine",-0.202293013468801,1.04576239751121,-0.193440703117872,0.846674110468936,0.942036918154151,FALSE,TRUE
"977","Rheinheimera","PhosphorylCholine",0.0955330584530201,1.10753873337902,0.0862570811962085,0.931284985872176,0.942036918154151,FALSE,TRUE
"978","Fluviicola","PhosphorylCholine",-0.0804778536697781,1.10646588219357,-0.0727341483952769,0.942036918154151,0.942036918154151,FALSE,TRUE
"979","Curvibacter","S-Methyl-L- Cysteine",-0.0704928695059649,0.990310102876618,-0.0711826217880638,0.943271489935196,0.943271489935196,FALSE,TRUE
"980","Curvibacter","L-Cysteine Sulfinic Acid",-0.147550036016739,0.987179796162943,-0.149466223468358,0.881226156440112,0.944552631642765,FALSE,TRUE
"981","Legionella","L-Cysteine Sulfinic Acid",0.3552252866779,1.04576239751121,0.339680684181505,0.734206444343992,0.944552631642765,FALSE,TRUE
"982","Rheinheimera","L-Cysteine Sulfinic Acid",-0.325517628877796,1.10753873337902,-0.29391083044533,0.768907035181365,0.944552631642765,FALSE,TRUE
"983","Fluviicola","L-Cysteine Sulfinic Acid",-0.0769791770678297,1.10646588219357,-0.0695721199421155,0.944552631642765,0.944552631642765,FALSE,TRUE
"984","Pseudomonas","L-Cysteine Sulfinic Acid",0.425710940215181,1.35216365149569,0.314836846667399,0.752982770268752,0.944552631642765,FALSE,TRUE
"985","Curvibacter","N-Acetyl-DGlucosamine",-0.0606596470877244,0.761341270582707,-0.0796747128147899,0.936516908570191,0.944562475780055,FALSE,TRUE
"986","Rheinheimera","N-Acetyl-DGlucosamine",0.451715904757087,0.855133046557163,0.528240496114298,0.597488063757509,0.944562475780055,FALSE,TRUE
"987","Pseudomonas","N-Acetyl-DGlucosamine",0.0725181670160535,1.0425010912697,0.0695617180867705,0.944562475780055,0.944562475780055,FALSE,TRUE
"988","Curvibacter","Adenosine",0.391887638302622,0.732364890391941,0.535098887786517,0.592737725984039,0.944697740294554,FALSE,TRUE
"989","Legionella","Adenosine",-0.513046614708303,0.777773542821719,-0.659634953442872,0.509712181307444,0.944697740294554,FALSE,TRUE
"990","Rheinheimera","Adenosine",-0.0573358803529799,0.826286416926688,-0.0693898376863515,0.944697740294554,0.944697740294554,FALSE,TRUE
"991","Pseudomonas","Adenosine",0.2365762841742,1.01433992697239,0.23323175779971,0.8156499793935,0.944697740294554,FALSE,TRUE
"992","Curvibacter","D-Alanine",0.0512036591798068,0.743573582616679,0.0688615899984211,0.945117873649695,0.945117873649695,FALSE,TRUE
"993","Curvibacter","D-2-Phospho-GlycericAcid",0.0807132559128096,0.987179796162943,0.0817614544245465,0.934858338901959,0.945507619034634,FALSE,TRUE
"994","Legionella","D-2-Phospho-GlycericAcid",-0.0715046280719433,1.04576239751121,-0.0683755968297535,0.945507619034634,0.945507619034634,FALSE,TRUE
"995","Rheinheimera","D-2-Phospho-GlycericAcid",-0.151764835107792,1.10753873337902,-0.137028918749206,0.891044565927814,0.945507619034634,FALSE,TRUE
"996","Fluviicola","D-2-Phospho-GlycericAcid",-0.653251309825731,1.10646588219357,-0.590394444454681,0.555102722950861,0.945507619034634,FALSE,TRUE
"997","Pseudomonas","D-2-Phospho-GlycericAcid",1.51872482871436,1.35216365149569,1.12318122664696,0.261759607058611,0.945507619034634,FALSE,TRUE
"998","Curvibacter","L-Methionine",0.17909539488501,0.642407086561862,0.278788012510139,0.780481051018934,0.945649795368177,FALSE,TRUE
"999","Legionella","L-Methionine",0.0466290202494272,0.683783329673753,0.0681926835971196,0.945649795368177,0.945649795368177,FALSE,TRUE
"1000","Rheinheimera","L-Methionine",0.525963973616443,0.73275062187099,0.71779396416404,0.473106959079365,0.945649795368177,FALSE,TRUE
"1001","Fluviicola","L-Methionine",-0.3946814225273,0.718628671958233,-0.549214688932199,0.583015829530668,0.945649795368177,FALSE,TRUE
"1002","Pseudomonas","L-Methionine",0.352604018481833,0.880754611182422,0.400343085355476,0.689023980457302,0.945649795368177,FALSE,TRUE
"1003","Curvibacter","D-Glucose-6Phosphate",0.0678622077729226,0.999983945704367,0.0678632972703596,0.945911973130889,0.945911973130889,FALSE,TRUE
"1004","Curvibacter","Hypophosphite",0.066568770028409,0.987179796162943,0.0674332784029357,0.946254845421785,0.946254845421785,FALSE,TRUE
"1005","Legionella","Hypophosphite",-0.268018217095348,1.04576239751121,-0.256289782204063,0.79780796182797,0.946254845421785,FALSE,TRUE
"1006","Rheinheimera","Hypophosphite",-0.638545876837609,1.10753873337902,-0.576544961898942,0.56441918522507,0.946254845421785,FALSE,TRUE
"1007","Fluviicola","Hypophosphite",0.632737606022409,1.10646588219357,0.571854601398108,0.567590520456182,0.946254845421785,FALSE,TRUE
"1008","Pseudomonas","Hypophosphite",0.29196182892098,1.35216365149569,0.215921962255106,0.829113768625164,0.946254845421785,FALSE,TRUE
"1009","Curvibacter","L-Threonine",-0.0509636897200345,0.761593643608299,-0.0669171678988513,0.946665213819166,0.946665213819166,FALSE,TRUE
"1010","Curvibacter","Guanosine-2’,3’-cyclicmonophosphate",-0.0986096610685979,0.987179796162943,-0.0998902747522615,0.920458273978623,0.947965793535972,FALSE,TRUE
"1011","Legionella","Guanosine-2’,3’-cyclicmonophosphate",0.119066509549736,1.04576239751121,0.11385617787855,0.909386868324979,0.947965793535972,FALSE,TRUE
"1012","Fluviicola","Guanosine-2’,3’-cyclicmonophosphate",-0.0722336177577072,1.10646588219357,-0.0652831857901519,0.947965793535972,0.947965793535972,FALSE,TRUE
"1013","Pseudomonas","Guanosine-2’,3’-cyclicmonophosphate",-0.343970066322971,1.35216365149569,-0.254384937756971,0.799275613875291,0.947965793535972,FALSE,TRUE
"1014","Curvibacter","D-Lysine",-0.0641383612564843,0.983864118219679,-0.0651902636438698,0.948039205138825,0.948039205138825,FALSE,TRUE
"1015","Legionella","D-Lysine",-0.15875585262013,1.04478711557022,-0.151950431101445,0.879267133079189,0.948039205138825,FALSE,TRUE
"1016","Rheinheimera","D-Lysine",0.414037423582212,1.10862951015089,0.373467799468788,0.708905424563583,0.948039205138825,FALSE,TRUE
"1017","Curvibacter","Guanosine-5’-monophosphate",0.398397544417698,0.987179796162943,0.403571412184715,0.686643558427773,0.948264801074803,FALSE,TRUE
"1018","Legionella","Guanosine-5’-monophosphate",-0.219434834210183,1.04576239751121,-0.209832400488304,0.833864060116575,0.948264801074803,FALSE,TRUE
"1019","Rheinheimera","Guanosine-5’-monophosphate",-0.976780222624123,1.10753873337902,-0.881937753674798,0.378091904230105,0.948264801074803,FALSE,TRUE
"1020","Fluviicola","Guanosine-5’-monophosphate",-0.0718179511651883,1.10646588219357,-0.0649075152889569,0.948264801074803,0.948264801074803,FALSE,TRUE
"1021","Pseudomonas","Guanosine-5’-monophosphate",0.799383238269818,1.35216365149569,0.59118823182799,0.55459209776857,0.948264801074803,FALSE,TRUE
"1022","Fluviicola","Gly-Asn",-0.0706451007558045,1.09453470733623,-0.0645434998838306,0.948554070233037,0.948554070233037,FALSE,TRUE
"1023","Legionella","D-GlucuronicAcid",-0.0681841204653014,1.06101170326142,-0.0642633066682597,0.948778737603846,0.948778737603846,FALSE,TRUE
"1024","Rheinheimera","D-GlucuronicAcid",0.221325007987758,1.12207691459378,0.197245843942776,0.843688385747639,0.948778737603846,FALSE,TRUE
"1025","Fluviicola","D-GlucuronicAcid",-0.273823239686301,1.11916868001514,-0.244666639243868,0.806779430059693,0.948778737603846,FALSE,TRUE
"1026","Curvibacter","MonoMethylSuccinate",-0.329044610024651,0.993254019811034,-0.331279414391146,0.740523061443334,0.949189319855326,FALSE,TRUE
"1027","Legionella","MonoMethylSuccinate",0.729043829838286,1.05364448972212,0.691925822181784,0.489211107689776,0.949189319855326,FALSE,TRUE
"1028","Rheinheimera","MonoMethylSuccinate",-0.0768845970083881,1.2061068016067,-0.0637460935515554,0.949189319855326,0.949189319855326,FALSE,TRUE
"1029","Fluviicola","MonoMethylSuccinate",0.100402871295641,1.11182461878795,0.0903045944468238,0.92806854043252,0.949189319855326,FALSE,TRUE
"1030","Pseudomonas","MonoMethylSuccinate",-0.212447666846625,1.35503230925677,-0.156784207575944,0.875459742598594,0.949189319855326,FALSE,TRUE
"1031","Curvibacter","O-Phospho-DTyrosine",0.351923103523296,0.987179796162943,0.356493421858087,0.721571878487898,0.949269604793714,FALSE,TRUE
"1032","Legionella","O-Phospho-DTyrosine",-0.234217625405165,1.04576239751121,-0.223968299073072,0.822852159621927,0.949269604793714,FALSE,TRUE
"1033","Rheinheimera","O-Phospho-DTyrosine",-0.212459854786203,1.10753873337902,-0.191830631636695,0.84792659288776,0.949269604793714,FALSE,TRUE
"1034","Pseudomonas","O-Phospho-DTyrosine",0.0860620663582522,1.35216365149569,0.0636476703563617,0.949269604793714,0.949269604793714,FALSE,TRUE
"1035","Curvibacter","Glycogen",0.232411283054152,0.998736859621553,0.232705222416862,0.816052171405974,0.949981772932274,FALSE,TRUE
"1036","Legionella","Glycogen",0.514026611545703,1.05880139725471,0.485479725355943,0.62749066921023,0.949981772932274,FALSE,TRUE
"1037","Rheinheimera","Glycogen",0.07021769601774,1.11899677886805,0.0627505792186199,0.949981772932274,0.949981772932274,FALSE,TRUE
"1038","Fluviicola","Glycogen",0.418980598414817,1.11785755255861,0.374806787730541,0.707907249101461,0.949981772932274,FALSE,TRUE
"1039","Curvibacter","Tween80",-0.0622087141349223,1.00062770788979,-0.0621696897301725,0.95044374154969,0.95044374154969,FALSE,TRUE
"1040","Curvibacter","D,L-Lactamide",0.556878809352147,0.983864118219679,0.566011910628299,0.571548365548026,0.951149000437776,FALSE,TRUE
"1041","Legionella","D,L-Lactamide",-0.194472783775168,1.04478711557022,-0.186136276832845,0.852388517759621,0.951149000437776,FALSE,TRUE
"1042","Rheinheimera","D,L-Lactamide",0.0679416610021917,1.10862951015089,0.0612843699180844,0.951149000437776,0.951149000437776,FALSE,TRUE
"1043","Fluviicola","D,L-Lactamide",0.0820774525134095,1.10111046111931,0.0745406164155188,0.940599406837902,0.951149000437776,FALSE,TRUE
"1044","Pseudomonas","D,L-Lactamide",-0.901343740708227,1.33899497408626,-0.673149457729155,0.501070808942608,0.951149000437776,FALSE,TRUE
"1045","Curvibacter","Allantoin",0.240611971157746,0.983864118219679,0.244558132268446,0.806862858001787,0.951378920316491,FALSE,TRUE
"1046","Legionella","Allantoin",-0.156884323155368,1.04478711557022,-0.150159128895597,0.880679676887578,0.951378920316491,FALSE,TRUE
"1047","Rheinheimera","Allantoin",0.0676214915612439,1.10862951015089,0.0609955724090733,0.951378920316491,0.951378920316491,FALSE,TRUE
"1048","Fluviicola","Allantoin",-0.15603677662423,1.10111046111931,-0.141708558890281,0.88734694185643,0.951378920316491,FALSE,TRUE
"1049","Pseudomonas","Allantoin",0.242386934815728,1.33899497408626,0.18102154190768,0.856402222972643,0.951378920316491,FALSE,TRUE
"1050","Curvibacter","ß-Cyclodextrin",-0.154599419775401,0.99227649382977,-0.155802763379703,0.876229339909792,0.95250151280824,FALSE,TRUE
"1051","Legionella","ß-Cyclodextrin",0.0810111786576619,1.0523466651317,0.0769814561511661,0.938660680593145,0.95250151280824,FALSE,TRUE
"1052","Pseudomonas","ß-Cyclodextrin",0.0885871295908493,1.48669213486633,0.0595867345452891,0.95250151280824,0.95250151280824,FALSE,TRUE
"1053","Curvibacter","Amygdalin",-0.253224330595753,1.00355042426072,-0.25232845751851,0.80085455192236,0.953534530048421,FALSE,TRUE
"1054","Legionella","Amygdalin",0.10122847295659,1.06361080685734,0.0951743554164238,0.924204055062912,0.953534530048421,FALSE,TRUE
"1055","Rheinheimera","Amygdalin",0.570778787901315,1.1237905585315,0.507904950409242,0.611668743623907,0.953534530048421,FALSE,TRUE
"1056","Fluviicola","Amygdalin",-0.0654368416358264,1.12265170265264,-0.0582877498704273,0.953534530048421,0.953534530048421,FALSE,TRUE
"1057","Legionella","ß-Methyl-D-Galactoside",0.546040691497367,1.05974260105975,0.515257847472891,0.606538380633197,0.954618510518423,FALSE,TRUE
"1058","Rheinheimera","ß-Methyl-D-Galactoside",1.22277422948046,1.21120451716174,1.00955223676496,0.313034151453721,0.954618510518423,FALSE,TRUE
"1059","Fluviicola","ß-Methyl-D-Galactoside",-0.336465233684855,1.11879576001626,-0.300738745810018,0.763694808414739,0.954618510518423,FALSE,TRUE
"1060","Pseudomonas","ß-Methyl-D-Galactoside",-1.00251692650252,1.49379444279297,-0.67112107113486,0.502361175667675,0.954618510518423,FALSE,TRUE
"1061","Curvibacter","D-Mannose-6-Phosphate",0.351000901171546,0.987179796162943,0.355559243144812,0.722271181627852,0.954925656578448,FALSE,TRUE
"1062","Legionella","D-Mannose-6-Phosphate",-0.321827889370014,1.04576239751121,-0.307744751710259,0.758374883917641,0.954925656578448,FALSE,TRUE
"1063","Rheinheimera","D-Mannose-6-Phosphate",-0.294474464236421,1.10753873337902,-0.265881865221996,0.79040297197722,0.954925656578448,FALSE,TRUE
"1064","Fluviicola","D-Mannose-6-Phosphate",-0.138861988686395,1.10646588219357,-0.125500470390557,0.900160728266366,0.954925656578448,FALSE,TRUE
"1065","Pseudomonas","D-Mannose-6-Phosphate",0.0764559108005844,1.35216365149569,0.0565433856441953,0.954925656578448,0.954925656578448,FALSE,TRUE
"1066","Curvibacter","D-Asparagine",-0.224702479895977,0.977261750248832,-0.229930701614755,0.818205860381362,0.955071677268365,FALSE,TRUE
"1067","Legionella","D-Asparagine",0.0585104032804033,1.03819081262688,0.0563580437900018,0.955071677268365,0.955071677268365,FALSE,TRUE
"1068","Rheinheimera","D-Asparagine",0.932439499521664,1.10205724342793,0.846089896947032,0.397771384249633,0.955071677268365,FALSE,TRUE
"1069","Fluviicola","D-Asparagine",0.380667987523552,1.09453470733623,0.347789782244534,0.72809224360825,0.955071677268365,FALSE,TRUE
"1070","Pseudomonas","D-Asparagine",-0.654748502011184,1.33256786144533,-0.491343458712138,0.623335085774634,0.955071677268365,FALSE,TRUE
"1071","Curvibacter","2-Deoxy-D-Ribose",0.620686833604144,0.998736859621554,0.621471839779036,0.534473212446422,0.955348802935012,FALSE,TRUE
"1072","Legionella","2-Deoxy-D-Ribose",0.356330558145992,1.05880139725471,0.336541450615665,0.736565234977924,0.955348802935012,FALSE,TRUE
"1073","Rheinheimera","2-Deoxy-D-Ribose",0.0674717229451996,1.11899677886805,0.0602966194535898,0.951935393313714,0.955348802935012,FALSE,TRUE
"1074","Fluviicola","2-Deoxy-D-Ribose",-0.0626105708135659,1.11785755255861,-0.0560094357910447,0.955348802935012,0.955348802935012,FALSE,TRUE
"1075","Pseudomonas","2-Deoxy-D-Ribose",-1.14762742513994,1.49289044978784,-0.768728492638579,0.442309546506996,0.955348802935012,FALSE,TRUE
"1076","Curvibacter","D-SaccharicAcid",-0.0893720406368843,0.930757836446651,-0.0960207232614655,0.92352895564874,0.955594530489826,FALSE,TRUE
"1077","Rheinheimera","D-SaccharicAcid",-0.0586266739860663,1.05251873695045,-0.0557013114616186,0.955594530489826,0.955594530489826,FALSE,TRUE
"1078","Curvibacter","O-Phospho-L-Serine",-0.438154955108756,0.987179796162943,-0.443845140279223,0.657283254514372,0.956152850049139,FALSE,TRUE
"1079","Legionella","O-Phospho-L-Serine",0.259798522061979,1.04576239751121,0.248429779728424,0.803880153076994,0.956152850049139,FALSE,TRUE
"1080","Rheinheimera","O-Phospho-L-Serine",0.22023546334144,1.10753873337902,0.198851251612228,0.842432781265125,0.956152850049139,FALSE,TRUE
"1081","Fluviicola","O-Phospho-L-Serine",-0.150904750107347,1.10646588219357,-0.136384458423768,0.891553679312321,0.956152850049139,FALSE,TRUE
"1082","Pseudomonas","O-Phospho-L-Serine",-0.0743721902022579,1.35216365149569,-0.055002358715967,0.956152850049139,0.956152850049139,FALSE,TRUE
"1083","Curvibacter","Putrescine",0.148383238514174,0.75886447709094,0.195533251316483,0.845027849226704,0.956444926631644,FALSE,TRUE
"1084","Legionella","Putrescine",0.0439351123405751,0.804147337519206,0.054635649825211,0.956444926631644,0.956444926631644,FALSE,TRUE
"1085","Rheinheimera","Putrescine",0.479539702275299,0.852575731074417,0.562459949066322,0.573970085794865,0.956444926631644,FALSE,TRUE
"1086","Fluviicola","Putrescine",-0.650352501367819,0.849770723353976,-0.765327027037281,0.444313151066634,0.956444926631644,FALSE,TRUE
"1087","Legionella","Guanosine-3’,5’-cyclicmonophosphate",0.609701419852901,1.06115660041934,0.5745630942803,0.565785080234524,0.956577553439254,FALSE,TRUE
"1088","Rheinheimera","Guanosine-3’,5’-cyclicmonophosphate",-0.659585362166751,1.12288124606664,-0.587404380006544,0.557108243467927,0.956577553439254,FALSE,TRUE
"1089","Fluviicola","Guanosine-3’,5’-cyclicmonophosphate",-0.335068361796187,1.12180952578082,-0.298685609362219,0.765262042751403,0.956577553439254,FALSE,TRUE
"1090","Pseudomonas","Guanosine-3’,5’-cyclicmonophosphate",-0.455788842681947,1.36715286817361,-0.333385426964607,0.738946829644015,0.956577553439254,FALSE,TRUE
"1091","Curvibacter","Thymidine",0.0998063097469445,0.756214633811797,0.131981457756058,0.895033827865467,0.957386169567209,FALSE,TRUE
"1092","Legionella","Thymidine",0.198903741575568,0.801602080461408,0.248132766148857,0.804106839762593,0.957386169567209,FALSE,TRUE
"1093","Rheinheimera","Thymidine",0.0454355034395729,0.850028734264357,0.0534517265218032,0.957386169567209,0.957386169567209,FALSE,TRUE
"1094","Fluviicola","Thymidine",-0.218897607621285,0.847075447658527,-0.258415715183763,0.796155530950199,0.957386169567209,FALSE,TRUE
"1095","Pseudomonas","Thymidine",0.23447776041932,1.03751544283417,0.225999296722563,0.821268275797463,0.957386169567209,FALSE,TRUE
"1096","Curvibacter","O-Phospho-L-Threonine",-0.440928276521411,0.987179796162943,-0.446654477973769,0.655254182306705,0.957453605503393,FALSE,TRUE
"1097","Legionella","O-Phospho-L-Threonine",-0.0558121509591436,1.04576239751121,-0.0533698200393987,0.957453605503393,0.957453605503393,FALSE,TRUE
"1098","Rheinheimera","O-Phospho-L-Threonine",0.577726323990459,1.10753873337902,0.521630807644856,0.602080797306591,0.957453605503393,FALSE,TRUE
"1099","Fluviicola","O-Phospho-L-Threonine",-0.228895312118364,1.10646588219357,-0.206870646263922,0.836166602717095,0.957453605503393,FALSE,TRUE
"1100","Pseudomonas","O-Phospho-L-Threonine",0.539064427841857,1.35216365149569,0.398668036406371,0.690263824220103,0.957453605503393,FALSE,TRUE
"1101","Curvibacter","D-Cysteine",0.0606500368114817,0.997246965625772,0.0608174693952804,0.951520866278217,0.957516082624474,FALSE,TRUE
"1102","Legionella","D-Cysteine",0.0562661592284537,1.05582112195038,0.0532913748917197,0.957516082624474,0.957516082624474,FALSE,TRUE
"1103","Rheinheimera","D-Cysteine",-0.24298867120809,1.11756352574446,-0.217427166877358,0.827934361985844,0.957516082624474,FALSE,TRUE
"1104","Fluviicola","D-Cysteine",-0.331312383712603,1.11649141680381,-0.296744228147364,0.766743319345823,0.957516082624474,FALSE,TRUE
"1105","Pseudomonas","D-Cysteine",-1.01682251261881,1.49723735075339,-0.679132478298888,0.497279343066698,0.957516082624474,FALSE,FALSE
"1106","Curvibacter","Ala-Gln",-0.0519173732157106,0.983864118219679,-0.0527688450613039,0.95792958661698,0.95792958661698,FALSE,TRUE
"1107","Legionella","Ala-Gln",-0.248458939793732,1.04478711557022,-0.237808196608674,0.812095187569192,0.95792958661698,FALSE,TRUE
"1108","Pseudomonas","Ala-Gln",-0.124569408847827,1.33899497408626,-0.0930320212238545,0.925904313469957,0.95792958661698,FALSE,TRUE
"1109","Curvibacter","TrimetaPhosphate",0.0565843065285716,0.987179796162943,0.0573191497116416,0.95430631483016,0.95875210014706,FALSE,TRUE
"1110","Legionella","TrimetaPhosphate",-0.0541072449559019,1.04576239751121,-0.0517395204538531,0.95875210014706,0.95875210014706,FALSE,TRUE
"1111","Rheinheimera","TrimetaPhosphate",-0.536295150057522,1.10753873337902,-0.484222478090066,0.628368787729795,0.95875210014706,FALSE,TRUE
"1112","Fluviicola","TrimetaPhosphate",0.491995469313725,1.10646588219357,0.444654893776159,0.656696476766843,0.95875210014706,FALSE,TRUE
"1113","Pseudomonas","TrimetaPhosphate",0.814189174789605,1.35216365149569,0.602138042898129,0.547284332905227,0.95875210014706,FALSE,TRUE
"1114","Curvibacter","D-Trehalose",-0.0481713389095701,0.934928017021941,-0.051524115260779,0.958921172973966,0.958921172973966,FALSE,TRUE
"1115","Curvibacter","Thymidine-3’- monophosphate",-0.162165441794757,0.990310102876618,-0.163752183607644,0.86997058756863,0.95945106943536,FALSE,TRUE
"1116","Legionella","Thymidine-3’- monophosphate",-0.301623040560087,1.04889006168646,-0.287564017982134,0.773771903064177,0.95945106943536,FALSE,TRUE
"1117","Rheinheimera","Thymidine-3’- monophosphate",-0.0564872534985568,1.11065578253349,-0.0508593701008832,0.95945106943536,0.95945106943536,FALSE,TRUE
"1118","Fluviicola","Thymidine-3’- monophosphate",-0.298961263498311,1.10958316349014,-0.2694356523561,0.787667996498429,0.95945106943536,FALSE,TRUE
"1119","Pseudomonas","Thymidine-3’- monophosphate",-0.290991966344609,1.49058705563329,-0.195219705715866,0.845277837900736,0.95945106943536,FALSE,TRUE
"1120","Curvibacter","D,L-a-Glycerol-Phosphate",0.123326192345992,0.992353707238924,0.124276446438769,0.901128645435056,0.959697998030888,FALSE,TRUE
"1121","Legionella","D,L-a-Glycerol-Phosphate",0.0532167706370929,1.05274497361727,0.0505504865572887,0.959697998030888,0.959697998030888,FALSE,TRUE
"1122","Rheinheimera","D,L-a-Glycerol-Phosphate",-0.570952125831984,1.11383782491926,-0.512598973619317,0.608382197762682,0.959697998030888,FALSE,TRUE
"1123","Fluviicola","D,L-a-Glycerol-Phosphate",-0.568203498142207,1.11092794998915,-0.511467461186621,0.609169692880322,0.959697998030888,FALSE,TRUE
"1124","Pseudomonas","D,L-a-Glycerol-Phosphate",1.36805889550728,1.35415613930864,1.01026673054537,0.312713623350764,0.959697998030888,FALSE,TRUE
"1125","Curvibacter","L-Cysteic Acid",-0.0533087158138855,0.990310102876618,-0.053830326136264,0.957084759443302,0.959982391590202,FALSE,TRUE
"1126","Legionella","L-Cysteic Acid",0.052649014819761,1.04889006168646,0.0501949791907735,0.959982391590202,0.959982391590202,FALSE,TRUE
"1127","Rheinheimera","L-Cysteic Acid",-0.203606428143929,1.11065578253349,-0.183320909453591,0.854595578308391,0.959982391590202,FALSE,TRUE
"1128","Fluviicola","L-Cysteic Acid",-0.114901419767681,1.10958316349014,-0.103553679929916,0.917551019775687,0.959982391590202,FALSE,TRUE
"1129","Curvibacter","L-Galactonic Acid-?-Lactone",-0.279228571010813,0.990310102876618,-0.281960741589649,0.778051812560471,0.960324418569631,FALSE,TRUE
"1130","Legionella","L-Galactonic Acid-?-Lactone",0.0521986544782997,1.04889006168646,0.0497656107012512,0.960324418569631,0.960324418569631,FALSE,TRUE
"1131","Rheinheimera","L-Galactonic Acid-?-Lactone",0.228550445952762,1.11065578253349,0.205779729009668,0.837018596065305,0.960324418569631,FALSE,TRUE
"1132","Fluviicola","L-Galactonic Acid-?-Lactone",-0.410148880643692,1.10958316349014,-0.369642307254905,0.711752571807386,0.960324418569631,FALSE,TRUE
"1133","Pseudomonas","L-Galactonic Acid-?-Lactone",1.4730789488712,1.49058705563329,0.98825422057979,0.323371048390349,0.960324418569631,FALSE,TRUE
"1134","Legionella","Guanosine",-0.0510895703292091,1.03819081262688,-0.0492101930664747,0.960764965759223,0.960764965759223,FALSE,TRUE
"1135","Curvibacter","D-Mannose",0.0477028072808902,0.992353707238924,0.0480703673830334,0.961672556343003,0.961672556343003,FALSE,TRUE
"1136","Legionella","D-Mannose",0.113429941802883,1.05274497361727,0.107746837691501,0.914227087489106,0.961672556343003,FALSE,TRUE
"1137","Rheinheimera","D-Mannose",1.07424742416107,1.11383782491926,0.964455866130194,0.33512705178627,0.961672556343003,FALSE,TRUE
"1138","Fluviicola","D-Mannose",-0.845980401830531,1.11092794998915,-0.761507892423442,0.446585800710925,0.961672556343003,FALSE,TRUE
"1139","Pseudomonas","D-Mannose",0.644619500263502,1.35415613930864,0.476030408570616,0.634199982510559,0.961672556343003,FALSE,TRUE
"1140","Curvibacter","D-Cellobiose",0.244190337509729,1.00062770788979,0.244037153463097,0.807266682005181,0.961745608144461,FALSE,TRUE
"1141","Legionella","D-Cellobiose",0.0509075088583571,1.06101170326142,0.0479801577135045,0.961745608144461,0.961745608144461,FALSE,TRUE
"1142","Fluviicola","D-Cellobiose",-0.49243630949638,1.11916868001514,-0.440001867716417,0.660058633321062,0.961745608144461,FALSE,TRUE
"1143","Pseudomonas","D-Cellobiose",-0.503023460710845,1.36220944131454,-0.369270279191006,0.712036998307004,0.961745608144461,FALSE,TRUE
"1144","Legionella","L-Arabinose",-0.861850367527156,0.991206867998464,-0.869495960280707,0.38487104306664,0.9621776076666,FALSE,TRUE
"1145","Rheinheimera","L-Arabinose",0.968978867812326,1.05251873695045,0.920628615714558,0.357539197203731,0.9621776076666,FALSE,TRUE
"1146","Curvibacter","Salicin",-0.04739587382414,1.00725481138602,-0.047054502285198,0.962481993771575,0.962481993771575,FALSE,TRUE
"1147","Legionella","Salicin",0.38338630593955,1.06731202079827,0.35920733437707,0.719550217178563,0.962481993771575,FALSE,TRUE
"1148","Rheinheimera","Salicin",1.22729224209428,1.12747983245805,1.08852700222463,0.276710785391606,0.962481993771575,FALSE,TRUE
"1149","Fluviicola","Salicin",-0.214932134883701,1.12634125963761,-0.19082328117222,0.848714289527472,0.962481993771575,FALSE,TRUE
"1150","Pseudomonas","Salicin",-0.470255475977262,1.50106624362096,-0.313280961433711,0.754159009659405,0.962481993771575,FALSE,TRUE
"1151","Curvibacter","1,2-Propanediol",0.0460071470802857,0.992353707238924,0.0463616417661135,0.963033961579414,0.963033961579414,FALSE,TRUE
"1152","Legionella","1,2-Propanediol",0.74520307911651,1.05274497361727,0.707866670268648,0.479261376120684,0.963033961579414,FALSE,TRUE
"1153","Rheinheimera","1,2-Propanediol",-0.712083779689631,1.11383782491926,-0.63930651640534,0.522817980095348,0.963033961579414,FALSE,TRUE
"1154","Fluviicola","1,2-Propanediol",-0.305331134987931,1.11092794998915,-0.274843328040233,0.783509978619025,0.963033961579414,FALSE,TRUE
"1155","Pseudomonas","1,2-Propanediol",-0.120678014303917,1.35415613930864,-0.0891167648994511,0.929014387284216,0.963033961579414,FALSE,TRUE
"1156","Curvibacter","SorbicAcid",0.107283977944742,0.989016032332795,0.1084754689888,0.913646807105739,0.964846642356461,FALSE,TRUE
"1157","Legionella","SorbicAcid",-0.188886550498823,1.04908907205897,-0.180048153707395,0.857167787987623,0.964846642356461,FALSE,TRUE
"1158","Rheinheimera","SorbicAcid",-0.0886903372816431,1.10931641971747,-0.079950441285482,0.936297914692498,0.964846642356461,FALSE,TRUE
"1159","Fluviicola","SorbicAcid",0.735640125687901,1.10817643617752,0.663829424333708,0.506997965490967,0.964846642356461,FALSE,TRUE
"1160","Pseudomonas","SorbicAcid",-0.0594051406770164,1.34741893610761,-0.0440880999109487,0.964846642356461,0.964846642356461,FALSE,TRUE
"1161","Curvibacter","L-Fucose",0.424703472528023,1.00062770788979,0.42443705004299,0.671364989173082,0.965737674642484,FALSE,TRUE
"1162","Legionella","L-Fucose",-0.0455915499744538,1.06101170326142,-0.042969884153314,0.965737674642484,0.965737674642484,FALSE,TRUE
"1163","Rheinheimera","L-Fucose",-0.381880576865972,1.12207691459378,-0.340333690052094,0.733700168458212,0.965737674642484,FALSE,TRUE
"1164","Fluviicola","L-Fucose",-1.4470748605868,1.11916868001514,-1.29299084796334,0.19640015454297,0.965737674642484,FALSE,FALSE
"1165","Pseudomonas","L-Fucose",0.157466986741992,1.36220944131454,0.115596751840184,0.908005007395486,0.965737674642484,FALSE,TRUE
"1166","Curvibacter","PhosphoenolPyruvate",-0.0588251795674648,0.987179796162943,-0.0595891242872997,0.952498839147977,0.965802663477067,FALSE,TRUE
"1167","Legionella","PhosphoenolPyruvate",0.21617190158155,1.04576239751121,0.206712253276665,0.83629914987243,0.965802663477067,FALSE,TRUE
"1168","Rheinheimera","PhosphoenolPyruvate",-0.311585651589246,1.10753873337902,-0.281331606921431,0.778533359639592,0.965802663477067,FALSE,TRUE
"1169","Fluviicola","PhosphoenolPyruvate",-0.0474533854305865,1.10646588219357,-0.0428873462745278,0.965802663477067,0.965802663477067,FALSE,TRUE
"1170","Pseudomonas","PhosphoenolPyruvate",0.564323375252274,1.35216365149569,0.417348428666936,0.67655619591066,0.965802663477067,FALSE,TRUE
"1171","Curvibacter","L-Rhamnose",-0.0421880118494287,0.992353707238924,-0.0425130792999308,0.966100643860619,0.966100643860619,FALSE,TRUE
"1172","Legionella","L-Rhamnose",-0.206994293622225,1.05274497361727,-0.196623397698101,0.844178772741074,0.966100643860619,FALSE,TRUE
"1173","Rheinheimera","L-Rhamnose",1.01809137024917,1.11383782491926,0.914039142388593,0.360988856716497,0.966100643860619,FALSE,TRUE
"1174","Fluviicola","L-Rhamnose",-0.558275133283294,1.11092794998915,-0.502530459593484,0.615437424469642,0.966100643860619,FALSE,TRUE
"1175","Pseudomonas","L-Rhamnose",-0.286873246995991,1.35415613930864,-0.211846506225236,0.832287926069716,0.966100643860619,FALSE,TRUE
"1176","Curvibacter","Cystathionine",0.060767707970729,0.997246965625772,0.0609354654015891,0.951426925096458,0.966197290545306,FALSE,TRUE
"1177","Legionella","Cystathionine",0.397960748279889,1.05582112195038,0.376920616576368,0.706355288770387,0.966197290545306,FALSE,TRUE
"1178","Rheinheimera","Cystathionine",-0.336227396828656,1.11756352574446,-0.300857525396312,0.76360619141269,0.966197290545306,FALSE,TRUE
"1179","Fluviicola","Cystathionine",-1.30322966129642,1.11649141680381,-1.16725452760505,0.243475733909884,0.966197290545306,FALSE,TRUE
"1180","Pseudomonas","Cystathionine",0.0634728663065322,1.49723735075339,0.0423933227918697,0.966197290545306,0.966197290545306,FALSE,TRUE
"1181","Curvibacter","TricarballylicAcid",0.246932608057651,0.930757836446651,0.265302744052486,0.79084685478567,0.966399487693774,FALSE,TRUE
"1182","Legionella","TricarballylicAcid",-0.661818610507853,0.991206867998463,-0.667689694124354,0.504549603179932,0.966399487693774,FALSE,TRUE
"1183","Rheinheimera","TricarballylicAcid",-0.0443515235060016,1.05251873695045,-0.0421384645697663,0.966399487693774,0.966399487693774,FALSE,TRUE
"1184","Fluviicola","TricarballylicAcid",-0.314811804286605,1.04959589542278,-0.299936199883668,0.764306380491359,0.966399487693774,FALSE,TRUE
"1185","Curvibacter","Cytidine-2-monophosphate",-0.186084204043498,0.987179796162943,-0.188500823018042,0.850535335203688,0.96679640936659,FALSE,TRUE
"1186","Legionella","Cytidine-2-monophosphate",-0.0435482089905167,1.04576239751121,-0.0416425462362733,0.96679640936659,0.96679640936659,FALSE,TRUE
"1187","Rheinheimera","Cytidine-2-monophosphate",0.47741294184015,1.10753873337902,0.431057558035553,0.666549887933148,0.96679640936659,FALSE,TRUE
"1188","Fluviicola","Cytidine-2-monophosphate",-0.437005646197565,1.10646588219357,-0.394956277667777,0.692986594861177,0.96679640936659,FALSE,TRUE
"1189","Pseudomonas","Cytidine-2-monophosphate",-0.129808578191405,1.35216365149569,-0.0960006416736742,0.923548539332551,0.96679640936659,FALSE,TRUE
"1190","Curvibacter","O-Phospho-LTyrosine",0.953591111093172,0.987179796162943,0.965975108890674,0.334369669970221,0.966803725366753,FALSE,FALSE
"1191","Legionella","O-Phospho-LTyrosine",-0.532678491026503,1.04576239751121,-0.509368564306971,0.610666322800023,0.966803725366753,FALSE,TRUE
"1192","Rheinheimera","O-Phospho-LTyrosine",-0.236441585047752,1.10753873337902,-0.21348380686099,0.831007405792617,0.966803725366753,FALSE,TRUE
"1193","Fluviicola","O-Phospho-LTyrosine",0.0460634619701586,1.10646588219357,0.0416311634289507,0.966803725366753,0.966803725366753,FALSE,TRUE
"1194","Pseudomonas","O-Phospho-LTyrosine",0.516459277289204,1.35216365149569,0.381950274079564,0.702618388881151,0.966803725366753,FALSE,TRUE
"1195","Curvibacter","3-0-ß-D-Galactopyranosyl-D-Arabinose",-0.143192528367337,1.00355042426072,-0.142685932769968,0.886575565746207,0.967352787623236,FALSE,TRUE
"1196","Legionella","3-0-ß-D-Galactopyranosyl-D-Arabinose",0.327985982974023,1.06361080685734,0.308370299417251,0.757893933005916,0.967352787623236,FALSE,TRUE
"1197","Fluviicola","3-0-ß-D-Galactopyranosyl-D-Arabinose",0.0459635320902201,1.12265170265264,0.0409419341560841,0.967352787623236,0.967352787623236,FALSE,TRUE
"1198","Pseudomonas","3-0-ß-D-Galactopyranosyl-D-Arabinose",-0.686275206609015,1.36157064036452,-0.504032024680913,0.614396089761388,0.967352787623236,FALSE,TRUE
"1199","Curvibacter","Ethylamine",-0.063173568431248,0.977261750248832,-0.0646434472802836,0.948474442520603,0.967423728952998,FALSE,TRUE
"1200","Legionella","Ethylamine",-0.0866464336317928,1.03819081262688,-0.083459064150795,0.933508924939946,0.967423728952998,FALSE,TRUE
"1201","Rheinheimera","Ethylamine",0.0450226031675299,1.10205724342793,0.0408532346536629,0.967423728952998,0.967423728952998,FALSE,TRUE
"1202","Fluviicola","Ethylamine",-0.479022302014282,1.09453470733623,-0.437649257537095,0.661762164070992,0.967423728952998,FALSE,TRUE
"1203","Pseudomonas","Ethylamine",0.414353304804441,1.33256786144533,0.31094349248002,0.755934659932889,0.967423728952998,FALSE,TRUE
"1204","Curvibacter","L-Proline",0.030886626449053,0.75859035683894,0.0407158173981517,0.967533125985515,0.967533125985515,FALSE,TRUE
"1205","Rheinheimera","L-Proline",-0.087678073284833,0.852394079210218,-0.102860959998773,0.918100709187196,0.967533125985515,FALSE,TRUE
"1206","Curvibacter","D-Fructose",-0.700927868573903,0.986045534617833,-0.710847363499867,0.477392855919949,0.967934461031742,FALSE,TRUE
"1207","Legionella","D-Fructose",0.300122328754289,1.04644241829459,0.286802525879451,0.774347568825393,0.967934461031742,FALSE,TRUE
"1208","Fluviicola","D-Fructose",-1.30528517505755,1.10464547119344,-1.18163266776202,0.23771452763441,0.967934461031742,FALSE,FALSE
"1209","Pseudomonas","D-Fructose",0.483439409802984,1.34801801079287,0.358629785308757,0.719979274821649,0.967934461031742,FALSE,TRUE
"1210","Curvibacter","L-Valine",-0.232203279847541,0.75886447709094,-0.305987810547778,0.759697845602494,0.968119741247263,FALSE,TRUE
"1211","Legionella","L-Valine",0.0321509900046276,0.804147337519206,0.0399814667095876,0.968119741247263,0.968119741247263,FALSE,TRUE
"1212","Fluviicola","L-Valine",0.209643853755764,0.849770723353976,0.246706373842013,0.80520173672053,0.968119741247263,FALSE,TRUE
"1213","Curvibacter","Inosine",0.326653112384431,0.760977918066158,0.42925439047501,0.667859544012332,0.968574988040563,FALSE,TRUE
"1214","Legionella","Inosine",-0.0317788234121967,0.806361273256473,-0.0394101558025705,0.968574988040563,0.968574988040563,FALSE,TRUE
"1215","Rheinheimera","Inosine",0.0810871734673552,0.854771267648949,0.0948641777470898,0.92444794796764,0.968574988040563,FALSE,TRUE
"1216","Fluviicola","Inosine",-0.726827217978755,0.874638197961486,-0.831003287613973,0.406229189643233,0.968574988040563,FALSE,FALSE
"1217","Pseudomonas","Inosine",0.626590230420955,1.04214768665987,0.601248976936467,0.547869811918498,0.968574988040563,FALSE,TRUE
"1218","Curvibacter","Hypotaurine",-0.0389961887838575,0.990310102876618,-0.0393777551805063,0.968599750247239,0.968599750247239,FALSE,TRUE
"1219","Legionella","Hypotaurine",0.261471174105167,1.04889006168646,0.249283679630599,0.803219896751475,0.968599750247239,FALSE,TRUE
"1220","Rheinheimera","Hypotaurine",-0.217183612568969,1.11065578253349,-0.195545384973872,0.845018764910796,0.968599750247239,FALSE,TRUE
"1221","Fluviicola","Hypotaurine",-0.594459189668837,1.10958316349014,-0.535750008858277,0.592288959643188,0.968599750247239,FALSE,TRUE
"1222","Pseudomonas","Hypotaurine",-0.11343654572309,1.49058705563329,-0.0761019259454765,0.939359842935378,0.968599750247239,FALSE,TRUE
"1223","Curvibacter","Mannan",-0.0389960725147252,0.998736859621554,-0.0390453923263649,0.968864322225031,0.968864322225031,FALSE,TRUE
"1224","Legionella","Mannan",-0.0784875847725385,1.05880139725471,-0.0741287128785848,0.940929518023394,0.968864322225031,FALSE,TRUE
"1225","Curvibacter","MelibionicAcid",-0.138737838269883,1.00355042426072,-0.138247002757322,0.890081364296058,0.968985971607603,FALSE,TRUE
"1226","Legionella","MelibionicAcid",-0.151486754920774,1.06361080685734,-0.142426866993175,0.886784545333891,0.968985971607603,FALSE,TRUE
"1227","Rheinheimera","MelibionicAcid",0.285038490101352,1.1237905585315,0.253640224984469,0.799842754073636,0.968985971607603,FALSE,TRUE
"1228","Fluviicola","MelibionicAcid",1.10301337539525,1.12265170265264,0.982507195053471,0.326158280961158,0.968985971607603,FALSE,TRUE
"1229","Pseudomonas","MelibionicAcid",0.0529567948802847,1.36157064036452,0.0388939018735798,0.968985971607603,0.968985971607603,FALSE,TRUE
"1230","Curvibacter","Phospho-GlycolicAcid",-0.038018530347817,0.987179796162943,-0.0385122654409974,0.969289555730132,0.969289555730132,FALSE,TRUE
"1231","Legionella","Phospho-GlycolicAcid",0.169029398020996,1.04576239751121,0.161632698233619,0.871645199600094,0.969289555730132,FALSE,TRUE
"1232","Rheinheimera","Phospho-GlycolicAcid",0.435958769916988,1.10753873337902,0.393628463527329,0.693966794193097,0.969289555730132,FALSE,TRUE
"1233","Fluviicola","Phospho-GlycolicAcid",-0.771237458096093,1.10646588219357,-0.697027780528681,0.485999749238682,0.969289555730132,FALSE,TRUE
"1234","Pseudomonas","Phospho-GlycolicAcid",0.362846434100755,1.35216365149569,0.268345058454569,0.788515662849254,0.969289555730132,FALSE,TRUE
"1235","Curvibacter","CapricAcid",0.0380292667729889,0.998736859621553,0.0380773638287457,0.96963587178545,0.96963587178545,FALSE,TRUE
"1236","Legionella","CapricAcid",0.159545602562148,1.05880139725471,0.150685107684805,0.880268294081062,0.96963587178545,FALSE,TRUE
"1237","Rheinheimera","CapricAcid",0.158515115060645,1.11899677886805,0.141658240715398,0.887387851323733,0.96963587178545,FALSE,TRUE
"1238","Fluviicola","CapricAcid",0.434464407968277,1.11785755255861,0.388658113883877,0.697636386095149,0.96963587178545,FALSE,TRUE
"1239","Pseudomonas","CapricAcid",1.06341700993172,1.49289044978784,0.712320860571411,0.476499580217078,0.96963587178545,FALSE,TRUE
"1240","Curvibacter","m-HydroxyPhenylAceticAcid",-0.282145300940975,0.993254019811034,-0.284061574696323,0.776439125096658,0.96970488636005,FALSE,TRUE
"1241","Legionella","m-HydroxyPhenylAceticAcid",0.45132236135575,1.05364448972212,0.428344062687384,0.668531121851013,0.96970488636005,FALSE,TRUE
"1242","Rheinheimera","m-HydroxyPhenylAceticAcid",-0.0458212654151802,1.2061068016067,-0.0379910513348734,0.96970488636005,0.96970488636005,FALSE,FALSE
"1243","Fluviicola","m-HydroxyPhenylAceticAcid",-0.64000459803086,1.11182461878795,-0.57563449056251,0.565029633872663,0.96970488636005,FALSE,TRUE
"1244","Pseudomonas","m-HydroxyPhenylAceticAcid",0.761608290216051,1.35503230925677,0.562059136902639,0.57425412129596,0.96970488636005,FALSE,TRUE
"1245","Curvibacter","Uridine-2’,3’-cyclicmonophosphate",0.469416398576492,0.993922711708482,0.472286620525653,0.636860340307665,0.970161519074149,FALSE,TRUE
"1246","Legionella","Uridine-2’,3’-cyclicmonophosphate",0.0569327500499859,1.052499639537,0.0540928926826341,0.956877731445825,0.970161519074149,FALSE,TRUE
"1247","Rheinheimera","Uridine-2’,3’-cyclicmonophosphate",-0.414796594410424,1.11425318198139,-0.372264222456895,0.709800877274382,0.970161519074149,FALSE,TRUE
"1248","Fluviicola","Uridine-2’,3’-cyclicmonophosphate",-0.0416531158296048,1.11318082933225,-0.0374181038085167,0.970161519074149,0.970161519074149,FALSE,TRUE
"1249","Pseudomonas","Uridine-2’,3’-cyclicmonophosphate",0.172813363328212,1.35872255359714,0.127188117155116,0.898829365779797,0.970161519074149,FALSE,TRUE
"1250","Curvibacter","Uracil",0.372204562162208,0.977261750248832,0.380864760201079,0.703407235443357,0.970211696467292,FALSE,TRUE
"1251","Legionella","Uracil",-0.889434788112908,1.03819081262688,-0.856716103913901,0.391877031883362,0.970211696467292,FALSE,TRUE
"1252","Rheinheimera","Uracil",-0.389820917280165,1.10205724342793,-0.353721115309433,0.723646910381726,0.970211696467292,FALSE,TRUE
"1253","Fluviicola","Uracil",0.0408861371996488,1.09453470733623,0.0373548110677581,0.970211696467292,0.970211696467292,FALSE,TRUE
"1254","Pseudomonas","Uracil",0.198118403428234,1.33256786144533,0.148674156986911,0.881852884136625,0.970211696467292,FALSE,TRUE
"1255","Curvibacter","L-Alanyl-Glycine",-0.0345941698133218,0.935021209436927,-0.0369982728350671,0.970495917716732,0.970495917716732,FALSE,TRUE
"1256","Curvibacter","MethylPyruvate",-0.271563799735928,1.00883649730944,-0.269185145918279,0.787858912016069,0.970957902839142,FALSE,TRUE
"1257","Legionella","MethylPyruvate",0.0389405448949073,1.069213385357,0.036419806774029,0.970957902839142,0.970957902839142,FALSE,TRUE
"1258","Rheinheimera","MethylPyruvate",0.455419168972625,1.22150773968071,0.372833633532005,0.709377189354078,0.970957902839142,FALSE,TRUE
"1259","Fluviicola","MethylPyruvate",0.185011432260894,1.12734493397607,0.164112532628652,0.869685415676872,0.970957902839142,FALSE,TRUE
"1260","Pseudomonas","MethylPyruvate",0.71753688542172,1.37020184993661,0.523672395753162,0.600670754120874,0.970957902839142,FALSE,TRUE
"1261","Curvibacter","Lactitol",0.152617183228894,1.00657771342073,0.151619871167466,0.8795264862137,0.971402511181467,FALSE,TRUE
"1262","Legionella","Lactitol",0.613818465352712,1.06663550126117,0.57547162514931,0.565160559425194,0.971402511181467,FALSE,TRUE
"1263","Rheinheimera","Lactitol",0.043679842652799,1.21802397956668,0.03586123375694,0.971402511181467,0.971402511181467,FALSE,FALSE
"1264","Fluviicola","Lactitol",0.51229389958542,1.12566686521954,0.455102584444917,0.649163576563029,0.971402511181467,FALSE,TRUE
"1265","Pseudomonas","Lactitol",-0.533558386888852,1.50041620570625,-0.355606920839478,0.722240342060045,0.971402511181467,FALSE,TRUE
"1266","Curvibacter","L-GlutamicAcid",0.027138308383429,0.761593643608299,0.0356335804679939,0.971583872161246,0.971583872161246,FALSE,TRUE
"1267","Legionella","L-GlutamicAcid",-0.142586289861646,0.806976473289792,-0.176692003523183,0.859803104503871,0.971583872161246,FALSE,TRUE
"1268","Rheinheimera","L-GlutamicAcid",0.529636944499313,0.855384327376493,0.619180089637293,0.535985007732828,0.971583872161246,FALSE,TRUE
"1269","Fluviicola","L-GlutamicAcid",-0.330766957567301,0.852432473656291,-0.388027166713348,0.698103774435907,0.971583872161246,FALSE,TRUE
"1270","Curvibacter","D-Glucose-1Phosphate",-0.0331322491531541,0.932621740723344,-0.0355259240766322,0.971669529907973,0.971669529907973,FALSE,TRUE
"1271","Legionella","D-Glucose-1Phosphate",-0.203344083709242,0.993068924123963,-0.204763313773636,0.837815992756664,0.971669529907973,FALSE,TRUE
"1272","Rheinheimera","D-Glucose-1Phosphate",0.720732922894581,1.05437380140868,0.683564900732225,0.494460235939671,0.971669529907973,FALSE,TRUE
"1273","Fluviicola","D-Glucose-1Phosphate",-0.269675445657984,1.05145137294564,-0.256479236792938,0.797648989559805,0.971669529907973,FALSE,TRUE
"1274","Pseudomonas","D-Glucose-1Phosphate",0.607410317394425,1.43285415723099,0.423916359057962,0.671754931561006,0.971669529907973,FALSE,TRUE
"1275","Curvibacter","Glycyl-LGlutamicAcid",-0.239442337212166,1.0042712165425,-0.238423976778421,0.811615346692477,0.97205521447881,FALSE,TRUE
"1276","Legionella","Glycyl-LGlutamicAcid",-0.037308776460312,1.0646520443577,-0.0350431642507391,0.97205521447881,0.97205521447881,FALSE,TRUE
"1277","Rheinheimera","Glycyl-LGlutamicAcid",1.43289969862354,1.12570520951188,1.27289070576911,0.203449683161392,0.97205521447881,FALSE,FALSE
"1278","Fluviicola","Glycyl-LGlutamicAcid",0.346291011557109,1.12279769011616,0.308417994270441,0.757847306421539,0.97205521447881,FALSE,TRUE
"1279","Pseudomonas","Glycyl-LGlutamicAcid",0.656192679244768,1.50146643867215,0.437034529939334,0.662218902719689,0.97205521447881,FALSE,TRUE
"1280","Curvibacter","a-Keto-ValericAcid",-0.0342018455845039,0.995289484156882,-0.0343637164151057,0.972596024945955,0.972596024945955,FALSE,TRUE
"1281","Legionella","a-Keto-ValericAcid",0.19128264533329,1.05535701981681,0.1812492282152,0.856225343775895,0.972596024945955,FALSE,TRUE
"1282","Rheinheimera","a-Keto-ValericAcid",-0.208535352823728,1.11556367584301,-0.186932720506646,0.851763737097556,0.972596024945955,FALSE,TRUE
"1283","Fluviicola","a-Keto-ValericAcid",0.821703483073086,1.11442418240236,0.737334576948735,0.461143261049536,0.972596024945955,FALSE,TRUE
"1284","Pseudomonas","a-Keto-ValericAcid",-1.26466680748273,1.35352622219698,-0.934349691009301,0.350442928581439,0.972596024945955,FALSE,TRUE
"1285","Curvibacter","Glycerol",0.0340705306273585,1.00360726956782,0.0339480707847307,0.972927308143225,0.972927308143225,FALSE,TRUE
"1286","Curvibacter","TripolyPhosphate",0.0321047395091541,0.993922711708482,0.0323010422550545,0.974240617821039,0.974240617821039,FALSE,TRUE
"1287","Legionella","TripolyPhosphate",-0.310988629523642,1.052499639537,-0.295476233759518,0.76772421464747,0.974240617821039,FALSE,TRUE
"1288","Rheinheimera","TripolyPhosphate",0.443270701627314,1.11425318198139,0.397818654499221,0.690876618532503,0.974240617821039,FALSE,TRUE
"1289","Fluviicola","TripolyPhosphate",-0.289749140856426,1.11318082933225,-0.260289373677262,0.794711465846278,0.974240617821039,FALSE,TRUE
"1290","Pseudomonas","TripolyPhosphate",0.488259072459059,1.35872255359714,0.359351562367475,0.719444422058359,0.974240617821039,FALSE,TRUE
"1291","Curvibacter","Adonitol",-0.350993654767062,1.00883649730944,-0.347919267099435,0.727995361648983,0.974357927386209,FALSE,TRUE
"1292","Legionella","Adonitol",0.475109413100154,1.069213385357,0.4443541575581,0.656922551002757,0.974357927386209,FALSE,TRUE
"1293","Rheinheimera","Adonitol",0.203236622215958,1.22150773968071,0.166381771980489,0.867901182632795,0.974357927386209,FALSE,TRUE
"1294","Fluviicola","Adonitol",-0.164980256004951,1.12734493397607,-0.146344078935163,0.883687889452735,0.974357927386209,FALSE,TRUE
"1295","Pseudomonas","Adonitol",-0.044058158051375,1.37020184993661,-0.0321545019468579,0.974357927386209,0.974357927386209,FALSE,TRUE
"1296","Curvibacter","D-Tagatose",0.0320781347208955,0.998736859621554,0.0321187051542793,0.974385712398481,0.974385712398481,FALSE,TRUE
"1297","Legionella","D-Tagatose",0.236290067956047,1.05880139725471,0.223167506738003,0.823471390035957,0.974385712398481,FALSE,TRUE
"1298","Rheinheimera","D-Tagatose",-0.585196923845515,1.11899677886805,-0.522965691141208,0.601151971002402,0.974385712398481,FALSE,TRUE
"1299","Curvibacter","Phospho-L-Arginine",0.0319023504022042,0.987179796162943,0.0323166565262023,0.974228170116688,0.974609009345231,FALSE,TRUE
"1300","Legionella","Phospho-L-Arginine",-0.0332975812215715,1.04576239751121,-0.0318404843211188,0.974609009345231,0.974609009345231,FALSE,TRUE
"1301","Rheinheimera","Phospho-L-Arginine",-0.277929371313409,1.10753873337902,-0.250943251858531,0.80192644323703,0.974609009345231,FALSE,TRUE
"1302","Fluviicola","Phospho-L-Arginine",-0.446397048238681,1.10646588219357,-0.40344402427818,0.686735719670404,0.974609009345231,FALSE,TRUE
"1303","Pseudomonas","Phospho-L-Arginine",0.712471856159711,1.35216365149569,0.526912445377164,0.598427398327636,0.974609009345231,FALSE,TRUE
"1304","Curvibacter","Phosphocreatin",0.414221080919644,0.987179796162943,0.419600444143685,0.674898168518387,0.974631657061533,FALSE,TRUE
"1305","Legionella","Phosphocreatin",-0.132424073823259,1.04576239751121,-0.126629217247065,0.899272926673111,0.974631657061533,FALSE,TRUE
"1306","Rheinheimera","Phosphocreatin",-0.547199464407258,1.10753873337902,-0.494068015786493,0.621402235005938,0.974631657061533,FALSE,TRUE
"1307","Fluviicola","Phosphocreatin",-1.30211704978705,1.10646588219357,-1.17682530545416,0.239635741205424,0.974631657061533,FALSE,TRUE
"1308","Pseudomonas","Phosphocreatin",0.0430145515547301,1.35216365149569,0.0318116461030066,0.974631657061533,0.974631657061533,FALSE,TRUE
"1309","Curvibacter","Adenosine-3’,5’-cyclicmonophosphate",0.148537688856355,0.993922711708482,0.149445914764368,0.881242174866901,0.974786766350702,FALSE,TRUE
"1310","Legionella","Adenosine-3’,5’-cyclicmonophosphate",-0.0332774085029106,1.052499639537,-0.031617501092494,0.974786766350702,0.974786766350702,FALSE,TRUE
"1311","Rheinheimera","Adenosine-3’,5’-cyclicmonophosphate",0.310877786965698,1.11425318198139,0.279001031357063,0.780320639867208,0.974786766350702,FALSE,TRUE
"1312","Fluviicola","Adenosine-3’,5’-cyclicmonophosphate",0.116547406788667,1.11318082933225,0.104697640956123,0.916643512395645,0.974786766350702,FALSE,TRUE
"1313","Pseudomonas","Adenosine-3’,5’-cyclicmonophosphate",-0.272595242370947,1.35872255359714,-0.200626126098567,0.841051324177997,0.974786766350702,FALSE,TRUE
"1314","Curvibacter","Phosphate",0.263666532098303,0.987179796162943,0.267090689176526,0.789473152180732,0.974873714378765,FALSE,TRUE
"1315","Legionella","Phosphate",0.172264631421642,1.04576239751121,0.164726358331119,0.869210445851419,0.974873714378765,FALSE,TRUE
"1316","Rheinheimera","Phosphate",0.147958998861548,1.10753873337902,0.133592617939542,0.893760416409781,0.974873714378765,FALSE,TRUE
"1317","Fluviicola","Phosphate",-0.0348611620554011,1.10646588219357,-0.0315067663779102,0.974873714378765,0.974873714378765,FALSE,TRUE
"1318","Pseudomonas","Phosphate",-0.605579159753668,1.35216365149569,-0.447859369007447,0.654398305485173,0.974873714378765,FALSE,TRUE
"1319","Curvibacter","Sucrose",0.295234176001146,0.992353707238924,0.297509017044529,0.76615771394893,0.975030943055968,FALSE,TRUE
"1320","Legionella","Sucrose",-0.532073881866895,1.05274497361727,-0.505415741894897,0.613424407402812,0.975030943055968,FALSE,TRUE
"1321","Fluviicola","Sucrose",-0.0347823832808705,1.11092794998915,-0.0313093061356591,0.975030943055968,0.975030943055968,FALSE,TRUE
"1322","Pseudomonas","Sucrose",0.343378860330527,1.35415613930864,0.253574052771962,0.799898468052815,0.975030943055968,FALSE,TRUE
"1323","Curvibacter","Guanosine-2’-monophosphate",0.0560159081295741,0.987179796162943,0.0567433696954715,0.954764819617164,0.975411198776904,FALSE,TRUE
"1324","Legionella","Guanosine-2’-monophosphate",0.0322452557619676,1.04576239751121,0.0308342084575878,0.975411198776904,0.975411198776904,FALSE,TRUE
"1325","Rheinheimera","Guanosine-2’-monophosphate",-0.0657823175035766,1.10753873337902,-0.0593950491490979,0.952653215220958,0.975411198776904,FALSE,TRUE
"1326","Fluviicola","Guanosine-2’-monophosphate",-1.13757525018412,1.10646588219357,-1.02811597582103,0.304224200099888,0.975411198776904,FALSE,TRUE
"1327","Pseudomonas","Guanosine-2’-monophosphate",-0.173298364051182,1.35216365149569,-0.128163749897794,0.898057537451761,0.975411198776904,FALSE,TRUE
"1328","Curvibacter","p-HydroxyPhenylAceticAcid",0.0303343039396486,0.992353707238924,0.0305680360927449,0.975621909728094,0.975621909728094,FALSE,TRUE
"1329","Legionella","Glycyl-L-Proline",0.295718308551266,1.06101170326142,0.278713521860563,0.780546195467485,0.975682744334356,FALSE,TRUE
"1330","Pseudomonas","Glycyl-L-Proline",-0.414203797164129,1.36220944131454,-0.304067630572593,0.761165962235738,0.975682744334356,FALSE,TRUE
"1331","Curvibacter","p-Amino Benzene Sulfonic Acid",-0.0447579337425075,0.990310102876618,-0.0451958771424186,0.963963275329843,0.976214782416077,FALSE,TRUE
"1332","Legionella","p-Amino Benzene Sulfonic Acid",0.0312844205269638,1.04889006168646,0.0298262150340743,0.976214782416077,0.976214782416077,FALSE,TRUE
"1333","Rheinheimera","p-Amino Benzene Sulfonic Acid",-0.402537189337654,1.11065578253349,-0.362431993483559,0.7171309317561,0.976214782416077,FALSE,TRUE
"1334","Fluviicola","p-Amino Benzene Sulfonic Acid",-0.531294489477151,1.10958316349014,-0.478823496028896,0.632202696831099,0.976214782416077,FALSE,TRUE
"1335","Pseudomonas","p-Amino Benzene Sulfonic Acid",1.13067095962302,1.49058705563329,0.758540707401116,0.448383732195048,0.976214782416077,FALSE,TRUE
"1336","Curvibacter","L-Arabitol",0.181772116731077,0.998736859621553,0.182002010819902,0.855629063911995,0.976525705228833,FALSE,TRUE
"1337","Legionella","L-Arabitol",0.398218424168997,1.05880139725471,0.376103039910516,0.706956253158162,0.976525705228833,FALSE,TRUE
"1338","Rheinheimera","L-Arabitol",-0.757956389717117,1.11899677886805,-0.6773535045238,0.49838973877069,0.976525705228833,FALSE,TRUE
"1339","Fluviicola","L-Arabitol",0.0329035369727798,1.11785755255861,0.0294344631813494,0.976525705228833,0.976525705228833,FALSE,TRUE
"1340","Pseudomonas","L-Arabitol",0.245108306029054,1.49289044978784,0.164183718948626,0.869633138105316,0.976525705228833,FALSE,TRUE
"1341","Legionella","FormicAcid",0.172575610864981,1.0561317970035,0.163403479901486,0.870247466242113,0.976714867405639,FALSE,TRUE
"1342","Fluviicola","FormicAcid",0.0325345254592089,1.1143040761008,0.0291971699260533,0.976714867405639,0.976714867405639,FALSE,TRUE
"1343","Curvibacter","D-Raffinose",-0.0291428183572514,0.998736859621554,-0.029179676384723,0.976728853537451,0.976728853537451,FALSE,TRUE
"1344","Curvibacter","D-Ribose",0.0256072665304228,0.930757836446651,0.0275122760482829,0.978058236719365,0.978058236719365,FALSE,TRUE
"1345","Legionella","D-Ribose",0.203246769903018,0.991206867998464,0.205049799860076,0.837592244281764,0.978058236719365,FALSE,TRUE
"1346","Rheinheimera","D-Ribose",-0.787456029692664,1.05251873695045,-0.748163431250855,0.45459518566624,0.978058236719365,FALSE,TRUE
"1347","Fluviicola","D-Ribose",-1.11672769950702,1.04959589542278,-1.06395966712236,0.287678897156058,0.978058236719365,FALSE,FALSE
"1348","Pseudomonas","D-Ribose",0.647326394793192,1.29429003027636,0.500140138338988,0.617132255518046,0.978058236719365,FALSE,TRUE
"1349","Curvibacter","SuccinamicAcid",-0.357752741249585,0.995289484156882,-0.359445916936056,0.719360109830472,0.978561605165483,FALSE,TRUE
"1350","Legionella","SuccinamicAcid",0.58832281402654,1.05535701981681,0.55746330670986,0.577392264883162,0.978561605165483,FALSE,TRUE
"1351","Rheinheimera","SuccinamicAcid",0.0299876978774501,1.11556367584301,0.0268812068076608,0.978561605165483,0.978561605165483,FALSE,TRUE
"1352","Fluviicola","SuccinamicAcid",0.557361863474055,1.11442418240236,0.500134394313439,0.617123180116431,0.978561605165483,FALSE,TRUE
"1353","Pseudomonas","SuccinamicAcid",-0.31045859260509,1.35352622219698,-0.229370209098106,0.818647607136927,0.978561605165483,FALSE,TRUE
"1354","Curvibacter","L-AsparticAcid",-0.0195881800878767,0.764856842219384,-0.0256102567260008,0.979574915911584,0.979574915911584,FALSE,TRUE
"1355","Legionella","L-AsparticAcid",0.057187153486242,0.810236899590554,0.0705807813926285,0.943752225630963,0.979574915911584,FALSE,TRUE
"1356","Rheinheimera","L-AsparticAcid",0.292504318810482,0.858633460415032,0.340662613671142,0.733452606672816,0.979574915911584,FALSE,TRUE
"1357","Fluviicola","L-AsparticAcid",-0.58301334121536,0.855682467775188,-0.681343095332104,0.495860419313202,0.979574915911584,FALSE,TRUE
"1358","Pseudomonas","L-AsparticAcid",1.22944970289887,1.04592076257921,1.1754711703658,0.24020796104096,0.979574915911584,FALSE,FALSE
"1359","Curvibacter","Gly-Gln",0.396844496860481,0.977261750248832,0.406077999839281,0.684796588102222,0.979981808161037,FALSE,TRUE
"1360","Fluviicola","Gly-Gln",-0.758043848952381,1.09453470733623,-0.692571778557149,0.488785225257652,0.979981808161037,FALSE,TRUE
"1361","Pseudomonas","Gly-Gln",-0.365433609002736,1.33256786144533,-0.274232644787321,0.78398544652883,0.979981808161037,FALSE,TRUE
"1362","Curvibacter","CitraconicAcid",0.328071118530321,1.00355042426072,0.326910447745564,0.74382448962992,0.980082119401278,FALSE,TRUE
"1363","Legionella","CitraconicAcid",0.190813671606999,1.06361080685734,0.17940177965171,0.857675061310005,0.980082119401278,FALSE,TRUE
"1364","Rheinheimera","CitraconicAcid",0.028065826371563,1.1237905585315,0.024974250013488,0.980082119401278,0.980082119401278,FALSE,TRUE
"1365","Fluviicola","CitraconicAcid",0.202954958105781,1.12265170265264,0.180781766621145,0.856586390259298,0.980082119401278,FALSE,TRUE
"1366","Pseudomonas","CitraconicAcid",-0.763523583509168,1.36157064036452,-0.560766779830651,0.575134418335892,0.980082119401278,FALSE,TRUE
"1367","Curvibacter","FumaricAcid",-0.271832283900688,0.992353707238924,-0.273926808473382,0.784213914802211,0.980267393502764,FALSE,TRUE
"1368","Rheinheimera","FumaricAcid",-0.538935786580944,1.11383782491926,-0.483854807696095,0.628629594417872,0.980267393502764,FALSE,TRUE
"1369","Fluviicola","FumaricAcid",0.565010103251737,1.11092794998915,0.508592931933395,0.61118256495736,0.980267393502764,FALSE,TRUE
"1370","Pseudomonas","FumaricAcid",0.686851561865887,1.35415613930864,0.507217404203148,0.612160675796418,0.980267393502764,FALSE,TRUE
"1371","Curvibacter","N-Acetyl-D-Galactosamine",-0.0225424489808786,0.933283997003195,-0.0241539006918185,0.980736109111652,0.980736109111652,FALSE,TRUE
"1372","Curvibacter","N-Amylamine",0.327359861804605,0.999948553747284,0.327376704109258,0.743470763367529,0.981706093757443,FALSE,TRUE
"1373","Rheinheimera","N-Amylamine",0.0257668158670958,1.12334212800186,0.0229376386986646,0.981706093757443,0.981706093757443,FALSE,TRUE
"1374","Fluviicola","N-Amylamine",-0.363501687169781,1.11589819051687,-0.325748074742742,0.744702659410206,0.981706093757443,FALSE,TRUE
"1375","Pseudomonas","N-Amylamine",-0.30117823803528,1.35177608776066,-0.222801868417579,0.823753663321475,0.981706093757443,FALSE,TRUE
"1376","Curvibacter","Guanosine-3’,5’-cyclicmonophosphate",0.022667733132196,1.00258686126593,0.0226092461490811,0.98196801419703,0.98196801419703,FALSE,TRUE
"1377","Curvibacter","TriethylPhosphate",-0.174500867379682,1.00258686126593,-0.174050622565856,0.861872897270995,0.982500857095971,FALSE,TRUE
"1378","Legionella","TriethylPhosphate",-0.484049714836752,1.06115660041934,-0.456152951077595,0.648431955455443,0.982500857095971,FALSE,TRUE
"1379","Rheinheimera","TriethylPhosphate",1.114936575045,1.12288124606664,0.992924745114884,0.321065585000704,0.982500857095971,FALSE,TRUE
"1380","Fluviicola","TriethylPhosphate",0.427035532438232,1.12180952578082,0.380666701988467,0.703557548760118,0.982500857095971,FALSE,TRUE
"1381","Pseudomonas","TriethylPhosphate",0.0299978026347398,1.36715286817361,0.0219418057285825,0.982500857095971,0.982500857095971,FALSE,TRUE
"1382","Curvibacter","D-Sorbitol",0.193147059434129,1.00883649730944,0.191455265495698,0.848219110317885,0.982940579753775,FALSE,TRUE
"1383","Legionella","D-Sorbitol",-0.0228704834888106,1.069213385357,-0.0213900085820328,0.982940579753775,0.982940579753775,FALSE,TRUE
"1384","Rheinheimera","D-Sorbitol",0.123597021048447,1.22150773968071,0.101183985195832,0.919431344910968,0.982940579753775,FALSE,TRUE
"1385","Fluviicola","D-Sorbitol",-1.17185402778788,1.12734493397607,-1.03948134459151,0.298905641766207,0.982940579753775,FALSE,FALSE
"1386","Pseudomonas","D-Sorbitol",1.11607988842218,1.37020184993661,0.814536842490626,0.415612133759062,0.982940579753775,FALSE,TRUE
"1387","Curvibacter","N-Acetyl-L-GlutamicAcid",0.0768691750449484,0.995289484156882,0.0772329822313605,0.938458273485998,0.982990521303722,FALSE,TRUE
"1388","Legionella","N-Acetyl-L-GlutamicAcid",-0.031225468007399,1.05535701981681,-0.0295875873482314,0.976404546348707,0.982990521303722,FALSE,TRUE
"1389","Rheinheimera","N-Acetyl-L-GlutamicAcid",0.950720666449256,1.11556367584301,0.852233437711045,0.394355509433085,0.982990521303722,FALSE,TRUE
"1390","Fluviicola","N-Acetyl-L-GlutamicAcid",0.186986138824959,1.11442418240236,0.167787223014017,0.866794680186202,0.982990521303722,FALSE,TRUE
"1391","Pseudomonas","N-Acetyl-L-GlutamicAcid",-0.0288671787522499,1.35352622219698,-0.0213273878842142,0.982990521303722,0.982990521303722,FALSE,TRUE
"1392","Curvibacter","D-TartaricAcid",0.0204904086236682,0.989016032332795,0.0207179741822156,0.983475999696555,0.983475999696555,FALSE,TRUE
"1393","Legionella","D-TartaricAcid",0.0457719531514385,1.04908907205897,0.0436301877223877,0.965211849153368,0.983475999696555,FALSE,TRUE
"1394","Rheinheimera","D-TartaricAcid",0.925257595228399,1.10931641971747,0.834079058763096,0.40450094721543,0.983475999696555,FALSE,TRUE
"1395","Pseudomonas","D-TartaricAcid",-0.442016841954457,1.34741893610761,-0.328047075864426,0.742973312557265,0.983475999696555,FALSE,TRUE
"1396","Curvibacter","D-Glucosamine-6-Phosphate",-0.0688565683698701,0.993922711708482,-0.0692775882457808,0.944787229629967,0.984185508093087,FALSE,TRUE
"1397","Fluviicola","D-Glucosamine-6-Phosphate",-0.022072577724336,1.11318082933225,-0.0198283846997046,0.984185508093087,0.984185508093087,FALSE,TRUE
"1398","Legionella","L-Ornithine",0.016278270749155,0.829735422939195,0.0196186281784765,0.98435340952407,0.98435340952407,FALSE,TRUE
"1399","Curvibacter","L-Alaninamide",0.0784905226388783,1.00355042426072,0.0782128338959148,0.937679078983554,0.98466371863913,FALSE,TRUE
"1400","Legionella","L-Alaninamide",0.148287011268704,1.06361080685734,0.139418488710968,0.889160269083518,0.98466371863913,FALSE,TRUE
"1401","Rheinheimera","L-Alaninamide",0.173790985767824,1.1237905585315,0.154647131040968,0.877140952185374,0.98466371863913,FALSE,TRUE
"1402","Pseudomonas","L-Alaninamide",-0.0261818748004462,1.36157064036452,-0.0192291710942275,0.98466371863913,0.98466371863913,FALSE,TRUE
"1403","Curvibacter","Ammonia",0.11074585356796,0.977261750248832,0.113322611408624,0.909803930507514,0.984664016670096,FALSE,TRUE
"1404","Legionella","Ammonia",-0.405448080897364,1.03819081262688,-0.390533296929761,0.696253779000147,0.984664016670096,FALSE,TRUE
"1405","Rheinheimera","Ammonia",0.638602284704447,1.10205724342793,0.579463805998033,0.562449576689776,0.984664016670096,FALSE,TRUE
"1406","Fluviicola","Ammonia",-0.538199768364392,1.09453470733623,-0.491715579923646,0.623059279130581,0.984664016670096,FALSE,TRUE
"1407","Pseudomonas","Ammonia",0.0256236096886091,1.33256786144533,0.0192287465651597,0.984664016670096,0.984664016670096,FALSE,TRUE
"1408","Curvibacter","Met-Ala",-0.311481721529775,0.977261750248832,-0.318729062557156,0.750017241781358,0.984790865907976,FALSE,TRUE
"1409","Legionella","Met-Ala",0.239423377126361,1.03819081262688,0.23061596598082,0.817676418148956,0.984790865907976,FALSE,TRUE
"1410","Rheinheimera","Met-Ala",0.521259590003087,1.10205724342793,0.472987762760599,0.636358981926839,0.984790865907976,FALSE,TRUE
"1411","Pseudomonas","Met-Ala",-0.0254116420881723,1.33256786144533,-0.0190696795438323,0.984790865907976,0.984790865907976,FALSE,TRUE
"1412","Curvibacter","D-Serine",0.169135619022086,0.772798994116399,0.218861075531642,0.826816923616678,0.985805924802588,FALSE,TRUE
"1413","Legionella","D-Serine",-0.0145611275772768,0.818172392573817,-0.0177971387319367,0.985805924802588,0.985805924802588,FALSE,TRUE
"1414","Legionella","2-Deoxy-D-Glucose-6-Phosphate",-0.0183945853732326,1.04576239751121,-0.0175896412196589,0.985971603799876,0.985971603799876,FALSE,TRUE
"1415","Rheinheimera","2-Deoxy-D-Glucose-6-Phosphate",0.0705247188166147,1.10753873337902,0.0636769773292253,0.949244336393903,0.985971603799876,FALSE,TRUE
"1416","Fluviicola","2-Deoxy-D-Glucose-6-Phosphate",-0.415223624231998,1.10646588219357,-0.375270156011333,0.707564850426608,0.985971603799876,FALSE,TRUE
"1417","Pseudomonas","2-Deoxy-D-Glucose-6-Phosphate",-0.725733636144566,1.35216365149569,-0.536720267063677,0.591637596314737,0.985971603799876,FALSE,TRUE
"1418","Legionella","Arbutin",0.386672632297742,1.05880139725471,0.365198452986858,0.715075525215126,0.986335309645408,FALSE,TRUE
"1419","Rheinheimera","Arbutin",0.299461369496004,1.11899677886805,0.267615935229887,0.789068247716326,0.986335309645408,FALSE,TRUE
"1420","Fluviicola","Arbutin",-0.300669393803537,1.11785755255861,-0.268969327187841,0.788025252970998,0.986335309645408,FALSE,TRUE
"1421","Pseudomonas","Arbutin",-1.43100944500486,1.49289044978784,-0.958549534031933,0.338111268892745,0.986335309645408,FALSE,TRUE
"1422","Curvibacter","D-Mannosamine",-0.101397147441579,0.992340281744488,-0.102179816043875,0.918640191478443,0.986450476523865,FALSE,TRUE
"1423","Legionella","D-Mannosamine",0.0178930451490867,1.05325559925436,0.0169883218866853,0.986450476523865,0.986450476523865,FALSE,TRUE
"1424","Rheinheimera","D-Mannosamine",0.64870307392397,1.11706754064286,0.580719652413003,0.561603167735809,0.986450476523865,FALSE,TRUE
"1425","Fluviicola","D-Mannosamine",-0.536452269401589,1.10955291174759,-0.483485071979716,0.628887552064095,0.986450476523865,FALSE,TRUE
"1426","Pseudomonas","D-Mannosamine",1.54295021582584,1.34724860781692,1.14526020429595,0.252486490875327,0.986450476523865,FALSE,FALSE
"1427","Curvibacter","QuinicAcid",0.0164192546540905,1.00355042426072,0.0163611655748997,0.98695050052496,0.98695050052496,FALSE,TRUE
"1428","Legionella","QuinicAcid",-0.222883882726675,1.06361080685734,-0.209553984680948,0.834077839093756,0.98695050052496,FALSE,TRUE
"1429","Rheinheimera","QuinicAcid",0.390405695426563,1.1237905585315,0.347400761167384,0.728387338042262,0.98695050052496,FALSE,TRUE
"1430","Fluviicola","QuinicAcid",0.104587000344982,1.12265170265264,0.0931606838504408,0.925800113360892,0.98695050052496,FALSE,TRUE
"1431","Curvibacter","Adenosine-2’,3’-cyclicmonophosphate",-0.0157050801384059,0.987179796162943,-0.0159090372386568,0.987311213862068,0.987311213862068,FALSE,TRUE
"1432","Legionella","Adenosine-2’,3’-cyclicmonophosphate",0.0439266994890536,1.04576239751121,0.0420044740503136,0.966507996248071,0.987311213862068,FALSE,TRUE
"1433","Rheinheimera","Adenosine-2’,3’-cyclicmonophosphate",-0.244129655398492,1.10753873337902,-0.220425388332623,0.825599622931757,0.987311213862068,FALSE,TRUE
"1434","Pseudomonas","Adenosine-2’,3’-cyclicmonophosphate",0.869000958524771,1.35216365149569,0.642674396374674,0.520653494214863,0.987311213862068,FALSE,TRUE
"1435","Curvibacter","N-Phthaloyl-LGlutamicAcid",0.0149832209388229,0.977261750248832,0.0153318401492823,0.987771358592531,0.987771358592531,FALSE,TRUE
"1436","Legionella","N-Phthaloyl-LGlutamicAcid",0.182413552211749,1.03819081262688,0.17570330038868,0.860574744035664,0.987771358592531,FALSE,TRUE
"1437","Rheinheimera","N-Phthaloyl-LGlutamicAcid",0.27810356525103,1.10205724342793,0.252349473595396,0.800839815162854,0.987771358592531,FALSE,TRUE
"1438","Fluviicola","N-Phthaloyl-LGlutamicAcid",-0.975382607838906,1.09453470733623,-0.891139039540094,0.373130401168403,0.987771358592531,FALSE,TRUE
"1439","Pseudomonas","N-Phthaloyl-LGlutamicAcid",0.266074343658489,1.33256786144533,0.199670389296272,0.841795428189252,0.987771358592531,FALSE,TRUE
"1440","Legionella","Gly-Gln",0.0158220794532331,1.03819081262688,0.0152400495754718,0.987844746965129,0.987844746965129,FALSE,TRUE
"1441","Curvibacter","Dextrin",0.41846284542592,0.998736859621554,0.418992091254633,0.675338798507072,0.987978432014289,FALSE,TRUE
"1442","Legionella","Dextrin",0.0159591537434336,1.05880139725471,0.0150728491526484,0.987978432014289,0.987978432014289,FALSE,TRUE
"1443","Fluviicola","Dextrin",-0.225842361458329,1.11785755255861,-0.202031431412176,0.839945452968188,0.987978432014289,FALSE,TRUE
"1444","Pseudomonas","Dextrin",-0.948777091330434,1.49289044978784,-0.635530283863271,0.525286929829609,0.987978432014289,FALSE,TRUE
"1445","Curvibacter","Cytosine",0.453745852364457,0.983864118219679,0.461187519660255,0.644792555193147,0.988685568643977,FALSE,TRUE
"1446","Legionella","Cytosine",-0.0148211078472897,1.04478711557022,-0.014185768207144,0.988685568643977,0.988685568643977,FALSE,TRUE
"1447","Rheinheimera","Cytosine",-0.571962204379579,1.10862951015089,-0.515918256859077,0.606062952415783,0.988685568643977,FALSE,TRUE
"1448","Fluviicola","Cytosine",-0.299320491338757,1.10111046111931,-0.271835117281957,0.78582100263771,0.988685568643977,FALSE,TRUE
"1449","Pseudomonas","Cytosine",-0.0866117359625028,1.33899497408626,-0.064684138207171,0.948443662565324,0.988685568643977,FALSE,TRUE
"1450","Curvibacter","ß-Methyl-D-Galactoside",-0.0141353791717285,0.999678879413169,-0.0141399197910695,0.988722016091268,0.988722016091268,FALSE,TRUE
"1451","Curvibacter","D,L-Lipoamide",-0.230558796851731,0.990310102876618,-0.232814747806785,0.815969119401084,0.989560032648963,FALSE,TRUE
"1452","Legionella","D,L-Lipoamide",-0.0137299217388672,1.04889006168646,-0.0130899531232011,0.989560032648963,0.989560032648963,FALSE,TRUE
"1453","Rheinheimera","D,L-Lipoamide",-0.205127723995924,1.11065578253349,-0.184690637028885,0.853521420121239,0.989560032648963,FALSE,TRUE
"1454","Fluviicola","D,L-Lipoamide",-0.910392632129009,1.10958316349014,-0.820481656611852,0.412200283610657,0.989560032648963,FALSE,TRUE
"1455","Pseudomonas","D,L-Lipoamide",1.71980181782683,1.49058705563329,1.15377482403814,0.248987913708783,0.989560032648963,FALSE,TRUE
"1456","Curvibacter","ChondroitinSulfateC",-0.0129597920010392,0.998736859621554,-0.012976182741418,0.989650156933128,0.989650156933128,FALSE,TRUE
"1457","Legionella","ChondroitinSulfateC",0.649892514169792,1.05880139725471,0.613800204509414,0.539550273195077,0.989650156933128,FALSE,TRUE
"1458","Rheinheimera","ChondroitinSulfateC",0.206810184046571,1.11899677886805,0.184817497201176,0.853421948458689,0.989650156933128,FALSE,TRUE
"1459","Fluviicola","ChondroitinSulfateC",-0.505357371719007,1.11785755255861,-0.452076716360075,0.651340887472225,0.989650156933128,FALSE,FALSE
"1460","Pseudomonas","ChondroitinSulfateC",-1.5663778905211,1.49289044978784,-1.04922493860397,0.294430796927547,0.989650156933128,FALSE,TRUE
"1461","Curvibacter","D-3-Phospho-GlycericAcid",-0.0126195224861017,0.987179796162943,-0.01278340838736,0.989804011367986,0.989804011367986,FALSE,TRUE
"1462","Legionella","D-3-Phospho-GlycericAcid",-0.549698789906563,1.04576239751121,-0.525644057593559,0.599314331510858,0.989804011367986,FALSE,TRUE
"1463","Rheinheimera","D-3-Phospho-GlycericAcid",-0.0827358105572387,1.10753873337902,-0.0747024081991407,0.940471332046989,0.989804011367986,FALSE,TRUE
"1464","Fluviicola","D-3-Phospho-GlycericAcid",-0.31654317545302,1.10646588219357,-0.286084894751091,0.774891497720293,0.989804011367986,FALSE,TRUE
"1465","Curvibacter","3-MethylGlucose",-0.0439467157702315,0.99967887941317,-0.043960832498561,0.964947025501693,0.990069961804314,FALSE,TRUE
"1466","Legionella","3-MethylGlucose",0.452913032042318,1.05974260105975,0.427380225716512,0.669236147621756,0.990069961804314,FALSE,TRUE
"1467","Rheinheimera","3-MethylGlucose",0.0150793895804803,1.21120451716174,0.0124499119404016,0.990069961804314,0.990069961804314,FALSE,FALSE
"1468","Fluviicola","3-MethylGlucose",0.66192733260993,1.11879576001626,0.5916426896365,0.554263332374174,0.990069961804314,FALSE,TRUE
"1469","Pseudomonas","3-MethylGlucose",-1.5547327830723,1.49379444279297,-1.04079432787646,0.29832448228255,0.990069961804314,FALSE,TRUE
"1470","Curvibacter","Maltose",-0.068896246486059,1.0042712165425,-0.0686032272469727,0.945323159057718,0.990123780550248,FALSE,TRUE
"1471","Pseudomonas","Maltose",0.0185921664327271,1.50146643867215,0.0123826720024255,0.990123780550248,0.990123780550248,FALSE,TRUE
"1472","Curvibacter","D-Mannose-1-Phosphate",0.382596018808197,0.993922711708482,0.384935382098817,0.700395007052048,0.990944469088918,FALSE,TRUE
"1473","Legionella","D-Mannose-1-Phosphate",0.101745865291695,1.052499639537,0.0966706889671276,0.923017636202802,0.990944469088918,FALSE,TRUE
"1474","Rheinheimera","D-Mannose-1-Phosphate",0.0126506042346305,1.11425318198139,0.011353437835497,0.990944469088918,0.990944469088918,FALSE,TRUE
"1475","Fluviicola","D-Mannose-1-Phosphate",-0.851786130238516,1.11318082933225,-0.765182176870101,0.444401942862291,0.990944469088918,FALSE,TRUE
"1476","Pseudomonas","D-Mannose-1-Phosphate",0.405963284416169,1.35872255359714,0.29878306159076,0.765197478842743,0.990944469088918,FALSE,TRUE
"1477","Curvibacter","5-Keto-D-GluconicAcid",-0.011198826321074,0.989016032332795,-0.0113231999835829,0.990968520502004,0.990968520502004,FALSE,TRUE
"1478","Legionella","5-Keto-D-GluconicAcid",0.698964477508631,1.04908907205897,0.666258467583522,0.505469272716895,0.990968520502004,FALSE,TRUE
"1479","Rheinheimera","5-Keto-D-GluconicAcid",0.189676975542347,1.10931641971747,0.17098545750423,0.864281134721021,0.990968520502004,FALSE,TRUE
"1480","Fluviicola","5-Keto-D-GluconicAcid",-0.306770271480558,1.10817643617752,-0.276824394984173,0.781989153463221,0.990968520502004,FALSE,TRUE
"1481","Pseudomonas","5-Keto-D-GluconicAcid",-0.557873484628351,1.34741893610761,-0.41403120416277,0.678976979641346,0.990968520502004,FALSE,TRUE
"1482","Pseudomonas","Y-Cyclodextrin",-0.0149253394551808,1.35352622219698,-0.0110270042873308,0.991205016378141,0.991205016378141,FALSE,TRUE
"1483","Legionella","Agmatine",0.0114332821602872,1.03819081262688,0.0110126982643567,0.991216261297862,0.991216261297862,FALSE,TRUE
"1484","Fluviicola","Agmatine",-0.241346747730248,1.09453470733623,-0.220501685430893,0.825538375352043,0.991216261297862,FALSE,TRUE
"1485","Curvibacter","N-Butylamine",0.280505078086867,0.977261750248832,0.287031676022769,0.774164243488636,0.991481730539183,FALSE,TRUE
"1486","Legionella","N-Butylamine",-0.431241129666928,1.03819081262688,-0.415377524460827,0.677985051688242,0.991481730539183,FALSE,TRUE
"1487","Rheinheimera","N-Butylamine",0.42881759118379,1.10205724342793,0.389106458617305,0.697307403534838,0.991481730539183,FALSE,TRUE
"1488","Fluviicola","N-Butylamine",-0.0116893087512808,1.09453470733623,-0.0106797058813504,0.991481730539183,0.991481730539183,FALSE,TRUE
"1489","Pseudomonas","N-Butylamine",-0.0610547427299122,1.33256786144533,-0.0458173609737902,0.963468678444192,0.991481730539183,FALSE,TRUE
"1490","Curvibacter","Ala-Leu",0.0102510480757181,0.977261750248832,0.0104895623645436,0.991633373951821,0.991633373951821,FALSE,TRUE
"1491","Legionella","Ala-Leu",-0.640895934284595,1.03819081262688,-0.617319982502031,0.537212143216534,0.991633373951821,FALSE,TRUE
"1492","Rheinheimera","Ala-Leu",0.579601792188383,1.10205724342793,0.525927120070047,0.599093694938493,0.991633373951821,FALSE,TRUE
"1493","Fluviicola","Ala-Leu",-1.05918514919413,1.09453470733623,-0.967703574948177,0.333493496256157,0.991633373951821,FALSE,TRUE
"1494","Pseudomonas","Ala-Leu",-0.0294516506507173,1.33256786144533,-0.022101426503543,0.982373245640448,0.991633373951821,FALSE,TRUE
"1495","Curvibacter","Cytidine-3’,5’-cyclicmonophosphate",0.434776190980192,0.987179796162943,0.440422497168316,0.659758716102228,0.992017454159072,FALSE,TRUE
"1496","Legionella","Cytidine-3’,5’-cyclicmonophosphate",0.0270273464386143,1.04576239751121,0.0258446340229253,0.979389172062123,0.992017454159072,FALSE,TRUE
"1497","Rheinheimera","Cytidine-3’,5’-cyclicmonophosphate",-0.542608826180134,1.10753873337902,-0.489923114945763,0.624331008966042,0.992017454159072,FALSE,TRUE
"1498","Fluviicola","Cytidine-3’,5’-cyclicmonophosphate",0.0110736375764232,1.10646588219357,0.0100081148046515,0.992017454159072,0.992017454159072,FALSE,TRUE
"1499","Pseudomonas","Cytidine-3’,5’-cyclicmonophosphate",0.0170020689400645,1.35216365149569,0.0125739727741222,0.989971398704347,0.992017454159072,FALSE,TRUE
"1500","Curvibacter","N-Acetyl-DGalactosamine",0.444255817524437,0.983864118219679,0.451541843327233,0.651724505445433,0.992062422591705,FALSE,TRUE
"1501","Legionella","N-Acetyl-DGalactosamine",0.0355789067428457,1.04478711557022,0.0340537380415795,0.972843411968249,0.992062422591705,FALSE,TRUE
"1502","Fluviicola","N-Acetyl-DGalactosamine",-0.352080343716346,1.10111046111931,-0.319750248633953,0.749243606735633,0.992062422591705,FALSE,TRUE
"1503","Pseudomonas","N-Acetyl-DGalactosamine",-0.0133255961446438,1.33899497408626,-0.00995193888142662,0.992062422591705,0.992062422591705,FALSE,TRUE
"1504","Rheinheimera","D-Fructose",-0.0109050460807003,1.10755661213362,-0.00984603943602715,0.992146732007148,0.992146732007148,FALSE,TRUE
"1505","Curvibacter","L-Arabinose",0.198854068491373,0.930757836446651,0.213647482411254,0.830878203129673,0.992406416503202,FALSE,TRUE
"1506","Fluviicola","L-Arabinose",0.00999253612691585,1.04959589542278,0.00952036509526443,0.992406416503202,0.992406416503202,FALSE,TRUE
"1507","Pseudomonas","L-Arabinose",0.550364565355914,1.29429003027636,0.425225067397297,0.670802186089634,0.992406416503202,FALSE,TRUE
"1508","Curvibacter","2-HydroxyBenzoicAcid",-0.0483610302968707,0.995289484156883,-0.0485899138559047,0.961258711928969,0.992492972898134,FALSE,TRUE
"1509","Legionella","2-HydroxyBenzoicAcid",0.00993325481207208,1.05535701981681,0.00941222223906402,0.992492972898134,0.992492972898134,FALSE,TRUE
"1510","Rheinheimera","2-HydroxyBenzoicAcid",0.427631488199792,1.11556367584301,0.383332209052648,0.701581656848952,0.992492972898134,FALSE,TRUE
"1511","Pseudomonas","2-HydroxyBenzoicAcid",1.00171105062668,1.35352622219698,0.740075097326709,0.45950040736204,0.992492972898134,FALSE,FALSE
"1512","Curvibacter","Arbutin",0.00828438984357903,0.998736859621554,0.00829486742555811,0.993383878414083,0.993383878414083,FALSE,TRUE
"1513","Curvibacter","Maltitol",0.292488115800824,0.992276493829771,0.294764733035187,0.768253084701169,0.99349218704664,FALSE,TRUE
"1514","Legionella","Maltitol",0.595802421520097,1.0523466651317,0.566165543410101,0.571465892602914,0.99349218704664,FALSE,TRUE
"1515","Rheinheimera","Maltitol",-0.0106354359896254,1.11256323055455,-0.0095593991402396,0.992375351177976,0.99349218704664,FALSE,TRUE
"1516","Fluviicola","Maltitol",0.157337439529982,1.11142350237545,0.141563894585372,0.887461472426122,0.99349218704664,FALSE,TRUE
"1517","Pseudomonas","Maltitol",-0.0121303530329848,1.48669213486633,-0.00815929051381944,0.99349218704664,0.99349218704664,FALSE,TRUE
"1518","Curvibacter","a-Cyclodextrin",-0.00768914632958318,0.992276493829771,-0.00774899574604081,0.993819265538,0.993819265538,FALSE,TRUE
"1519","Legionella","a-Cyclodextrin",0.495507335332194,1.0523466651317,0.47085941520058,0.63789039872729,0.993819265538,FALSE,TRUE
"1520","Rheinheimera","a-Cyclodextrin",0.799688791045971,1.11256323055455,0.718780532273541,0.472499134348985,0.993819265538,FALSE,TRUE
"1521","Fluviicola","a-Cyclodextrin",-0.62074506944084,1.11142350237545,-0.558513535222281,0.576655943785721,0.993819265538,FALSE,FALSE
"1522","Pseudomonas","a-Cyclodextrin",0.384023057954053,1.48669213486633,0.258307048882438,0.796244633648447,0.993819265538,FALSE,TRUE
"1523","Legionella","Ala-Gly",-0.00809530511356479,1.04478711557022,-0.00774828191592559,0.993819899744032,0.993819899744032,FALSE,TRUE
"1524","Fluviicola","Ala-Gly",-0.0569438850693888,1.10111046111931,-0.0517149614685376,0.958769105503564,0.993819899744032,FALSE,TRUE
"1525","Pseudomonas","Ala-Gly",-0.39170136560728,1.33899497408626,-0.292533857996428,0.769963768603209,0.993819899744032,FALSE,TRUE
"1526","Curvibacter","Uridine",0.286251091787094,0.804971700376996,0.35560391955771,0.72223469843167,0.993897362145529,FALSE,TRUE
"1527","Legionella","Uridine",0.00653298252379461,0.853838847519695,0.00765130626554669,0.993897362145529,0.993897362145529,FALSE,TRUE
"1528","Rheinheimera","Uridine",-0.683191782160697,0.906347738139672,-0.753785499109851,0.45121366504995,0.993897362145529,FALSE,TRUE
"1529","Fluviicola","Uridine",-0.099133094610896,0.901454918262838,-0.109970107880638,0.912461715297668,0.993897362145529,FALSE,TRUE
"1530","Pseudomonas","Uridine",-0.164911028758863,1.10186891422961,-0.149664834563523,0.8810720034399,0.993897362145529,FALSE,TRUE
"1531","Curvibacter","L-Lysine",-0.00573705961426934,0.76422462325165,-0.00750703319379987,0.994012283265757,0.994012283265757,FALSE,TRUE
"1532","Legionella","L-Lysine",-0.18605560851061,0.809502930007048,-0.229839326843437,0.818286355797977,0.994012283265757,FALSE,TRUE
"1533","Rheinheimera","L-Lysine",0.200263239839956,0.857912713280196,0.233430787001929,0.815490351027781,0.994012283265757,FALSE,TRUE
"1534","Fluviicola","L-Lysine",-0.140683279491879,0.877730599305462,-0.16028070526788,0.872702003852438,0.994012283265757,FALSE,FALSE
"1535","Pseudomonas","L-Lysine",0.0742666724345654,1.04244175521308,0.0712429946931516,0.943224765378152,0.994012283265757,FALSE,TRUE
"1536","Curvibacter","Cytidine",0.0390350935399895,0.983864118219679,0.0396752893180252,0.968362147813728,0.994155152916481,FALSE,TRUE
"1537","Legionella","Cytidine",-0.00765614933148135,1.04478711557022,-0.00732795151986805,0.994155152916481,0.994155152916481,FALSE,TRUE
"1538","Rheinheimera","Cytidine",0.440623737844865,1.10862951015089,0.39744904299444,0.691148992522961,0.994155152916481,FALSE,TRUE
"1539","Fluviicola","Cytidine",-1.29783390685784,1.10111046111931,-1.17865913792024,0.238894696435314,0.994155152916481,FALSE,TRUE
"1540","Pseudomonas","Cytidine",0.630944555476792,1.33899497408626,0.4712075606612,0.637636972951116,0.994155152916481,FALSE,TRUE
"1541","Curvibacter","Dulcitol",-0.119793507025282,0.993254019811034,-0.120607120269267,0.904033512732956,0.994334668696727,FALSE,TRUE
"1542","Legionella","Dulcitol",0.737805266529672,1.05364448972212,0.700241185453599,0.484007081533525,0.994334668696727,FALSE,TRUE
"1543","Rheinheimera","Dulcitol",-0.178635754955989,1.2061068016067,-0.148109400194097,0.882296082048104,0.994334668696727,FALSE,TRUE
"1544","Fluviicola","Dulcitol",0.00789706143204087,1.11182461878795,0.00710279418047946,0.994334668696727,0.994334668696727,FALSE,TRUE
"1545","Pseudomonas","Dulcitol",-0.548832715623104,1.35503230925677,-0.40503293676011,0.68557599394826,0.994334668696727,FALSE,TRUE
"1546","Curvibacter","Lactulose",-0.950336779481175,0.989250163352943,-0.960663757951905,0.337021100978859,0.994449433263906,FALSE,TRUE
"1547","Legionella","Lactulose",0.00730460054155639,1.04964418531007,0.00695912066563637,0.994449433263906,0.994449433263906,FALSE,TRUE
"1548","Rheinheimera","Lactulose",0.357308114623277,1.11074750744425,0.321682571627296,0.747782457143995,0.994449433263906,FALSE,TRUE
"1549","Fluviicola","Lactulose",0.13779358807396,1.10783701133257,0.124380740726665,0.901046127026342,0.994449433263906,FALSE,TRUE
"1550","Pseudomonas","Lactulose",0.93161592866202,1.48705856043439,0.626482341347661,0.531199540764375,0.994449433263906,FALSE,TRUE
"1551","Curvibacter","D-Galacturonic Acid",0.00644074956282524,0.99779284202651,0.00645499676039379,0.994851419209868,0.994851419209868,FALSE,TRUE
"1552","Legionella","D-Galacturonic Acid",-0.515598915793022,1.05636654483865,-0.48808713065764,0.625652288237514,0.994851419209868,FALSE,TRUE
"1553","Rheinheimera","D-Galacturonic Acid",-0.144915593250562,1.2094108009612,-0.119823300019636,0.904655085648649,0.994851419209868,FALSE,FALSE
"1554","Fluviicola","D-Galacturonic Acid",-0.287293550437145,1.11703505666263,-0.25719295802183,0.797099824531146,0.994851419209868,FALSE,TRUE
"1555","Pseudomonas","D-Galacturonic Acid",0.232610480775223,1.49776078614896,0.155305495327669,0.876625441522216,0.994851419209868,FALSE,TRUE
"1556","Curvibacter","CarbamylPhosphate",-0.0876948722566596,0.987179796162943,-0.0888337388969262,0.929237885636652,0.995100790266448,FALSE,TRUE
"1557","Legionella","CarbamylPhosphate",0.00642374538121765,1.04576239751121,0.00614264329689552,0.995100790266448,0.995100790266448,FALSE,TRUE
"1558","Rheinheimera","CarbamylPhosphate",0.119261940798042,1.10753873337902,0.107681959288397,0.914276664988286,0.995100790266448,FALSE,TRUE
"1559","Fluviicola","CarbamylPhosphate",-0.57616705530986,1.10646588219357,-0.520727357781343,0.602709233767239,0.995100790266448,FALSE,TRUE
"1560","Curvibacter","Dithiophosphate",0.112430721217913,0.772503205521647,0.145540782762179,0.884327571488749,0.995559476374152,FALSE,TRUE
"1561","Legionella","Dithiophosphate",0.026693083411885,0.815377202192501,0.0327370980450629,0.973897516333815,0.995559476374152,FALSE,TRUE
"1562","Rheinheimera","Dithiophosphate",-0.505255021733632,0.858745567148081,-0.588364052243785,0.556464387719794,0.995559476374152,FALSE,TRUE
"1563","Fluviicola","Dithiophosphate",0.00482482846549818,0.866625671493519,0.00556737311644969,0.995559476374152,0.995559476374152,FALSE,TRUE
"1564","Pseudomonas","Dithiophosphate",-0.640194059858656,1.06598128645053,-0.600567822339877,0.548352130170596,0.995559476374152,FALSE,TRUE
"1565","Curvibacter","L-Isoleucine",-0.00408306917550497,0.761776116589925,-0.00535993330137829,0.995724821049448,0.995724821049448,FALSE,TRUE
"1566","Legionella","L-Isoleucine",-0.152827867182052,0.807056496274115,-0.189364521427685,0.849864136791687,0.995724821049448,FALSE,TRUE
"1567","Rheinheimera","L-Isoleucine",0.596194093485094,0.855474752549928,0.696916059425493,0.486070416071074,0.995724821049448,FALSE,TRUE
"1568","Fluviicola","L-Isoleucine",-0.363410739078924,0.852670479466584,-0.426203026644322,0.67007994554028,0.995724821049448,FALSE,TRUE
"1569","Pseudomonas","L-Isoleucine",1.12460153266856,1.0400591073957,1.0812861737104,0.279943170665199,0.995724821049448,FALSE,FALSE
"1570","Legionella","FumaricAcid",-0.00555171534726064,1.05274497361727,-0.00527356148582192,0.995793814031611,0.995793814031611,FALSE,TRUE
"1571","Curvibacter","Guanosine-3’-monophosphate",0.0302936291527617,0.987179796162943,0.0306870433030636,0.975527331900507,0.996094694650967,FALSE,TRUE
"1572","Legionella","Guanosine-3’-monophosphate",0.00512054616080132,1.04576239751121,0.0048964718687415,0.996094694650967,0.996094694650967,FALSE,TRUE
"1573","Rheinheimera","Guanosine-3’-monophosphate",0.308787214575312,1.10753873337902,0.278804889859901,0.780471110794762,0.996094694650967,FALSE,TRUE
"1574","Fluviicola","Guanosine-3’-monophosphate",-0.362513016296953,1.10646588219357,-0.327631445425385,0.743281077038212,0.996094694650967,FALSE,TRUE
"1575","Pseudomonas","Guanosine-3’-monophosphate",-0.207369780656096,1.35216365149569,-0.153361451793734,0.878159049286263,0.996094694650967,FALSE,TRUE
"1576","Curvibacter","Glycyl-L-Proline",-0.00471857006701778,1.00062770788979,-0.0047156100413896,0.996238715942725,0.996238715942725,FALSE,TRUE
"1577","Legionella","Uridine-5’-monophosphate",0.00451875277759577,1.06115660041934,0.00425832791862206,0.996603659234341,0.996603659234341,FALSE,TRUE
"1578","Curvibacter","Acetamide",-0.172168001661441,0.754613203848424,-0.228153974491047,0.819587999365945,0.997370115769491,FALSE,TRUE
"1579","Legionella","Acetamide",0.248296354995414,0.799899717429537,0.310409354554231,0.756345638828225,0.997370115769491,FALSE,TRUE
"1580","Rheinheimera","Acetamide",0.262009826238346,0.848343033927021,0.308848915780554,0.757521887021035,0.997370115769491,FALSE,TRUE
"1581","Fluviicola","Acetamide",-0.00278786691164894,0.845536945099816,-0.00329715564506745,0.997370115769491,0.997370115769491,FALSE,TRUE
"1582","Pseudomonas","Acetamide",0.292843570273428,1.03309061427369,0.283463586085631,0.776905522728289,0.997370115769491,FALSE,TRUE
"1583","Curvibacter","PropionicAcid",0.00318713853742994,1.00062770788979,0.00318513920042374,0.997459451191976,0.997459451191976,FALSE,TRUE
"1584","Rheinheimera","PropionicAcid",0.169336506254127,1.12207691459378,0.150913457047132,0.88008440282709,0.997459451191976,FALSE,TRUE
"1585","Pseudomonas","PropionicAcid",0.269569834343843,1.36220944131454,0.197891620897669,0.843186823654005,0.997459451191976,FALSE,TRUE
"1586","Curvibacter","D-Galactose",0.0712275577718497,0.992353707238924,0.0717763809942623,0.942798401870073,0.997521241873161,FALSE,TRUE
"1587","Pseudomonas","D-Galactose",0.00420840296275951,1.35415613930864,0.00310776788628532,0.997521241873161,0.997521241873161,FALSE,TRUE
"1588","Curvibacter","D,L-a-GlycerolPhosphate",0.348239273468206,0.993922711708482,0.350368564241386,0.726161017630925,0.99752890063334,FALSE,TRUE
"1589","Legionella","D,L-a-GlycerolPhosphate",-0.317755012424824,1.052499639537,-0.301905103325838,0.762820716983841,0.99752890063334,FALSE,TRUE
"1590","Rheinheimera","D,L-a-GlycerolPhosphate",-0.0180317961812381,1.11425318198139,-0.0161828536573469,0.98709280119014,0.99752890063334,FALSE,TRUE
"1591","Fluviicola","D,L-a-GlycerolPhosphate",-0.00344873815118242,1.11318082933225,-0.00309809337378831,0.99752890063334,0.99752890063334,FALSE,TRUE
"1592","Curvibacter","Formamide",0.496214547620557,0.983864118219679,0.504352723543234,0.6141558698183,0.997635415181756,FALSE,TRUE
"1593","Legionella","Formamide",-0.364454184956315,1.04478711557022,-0.348831048473836,0.727314623783096,0.997635415181756,FALSE,TRUE
"1594","Rheinheimera","Formamide",-0.404757531696919,1.10862951015089,-0.365097201536544,0.715141370534799,0.997635415181756,FALSE,TRUE
"1595","Fluviicola","Formamide",-0.172896852267551,1.10111046111931,-0.157020442882539,0.875269522136315,0.997635415181756,FALSE,TRUE
"1596","Pseudomonas","Formamide",-0.00396960257405705,1.33899497408626,-0.00296461349809468,0.997635415181756,0.997635415181756,FALSE,TRUE
"1597","Curvibacter","Uridine-2’-monophosphate",-0.205034994947191,0.993922711708482,-0.206288670670127,0.836621712535032,0.997906047498927,FALSE,TRUE
"1598","Legionella","Uridine-2’-monophosphate",0.349002989443045,1.052499639537,0.331594402822384,0.74030214537937,0.997906047498927,FALSE,TRUE
"1599","Rheinheimera","Uridine-2’-monophosphate",-0.00292519845265977,1.11425318198139,-0.00262525474457978,0.997906047498927,0.997906047498927,FALSE,TRUE
"1600","Fluviicola","Uridine-2’-monophosphate",-0.149960868642495,1.11318082933225,-0.134713844050342,0.892873994336036,0.997906047498927,FALSE,TRUE
"1601","Pseudomonas","Uridine-2’-monophosphate",1.15856836821739,1.35872255359714,0.852689436228276,0.394133814534428,0.997906047498927,FALSE,TRUE
"1602","Curvibacter","OxalomalicAcid",-0.0743646018575605,0.995289484156882,-0.0747165553753995,0.940459647143507,0.999046663703533,FALSE,TRUE
"1603","Rheinheimera","OxalomalicAcid",0.124578540457774,1.11556367584301,0.111673177565263,0.911112307662037,0.999046663703533,FALSE,TRUE
"1604","Fluviicola","OxalomalicAcid",0.656346926188357,1.11442418240236,0.588956105361489,0.556063251049234,0.999046663703533,FALSE,TRUE
"1605","Pseudomonas","OxalomalicAcid",-0.0016178065908538,1.35352622219698,-0.00119525323139131,0.999046663703533,0.999046663703533,FALSE,TRUE
"1606","Curvibacter","D-GlutamicAcid",-0.174253247254267,0.977261750248832,-0.178307651158861,0.858527636625567,0.99928511416983,FALSE,TRUE
"1607","Legionella","D-GlutamicAcid",-0.232761735162298,1.03819081262688,-0.224199378699329,0.822663581351959,0.99928511416983,FALSE,TRUE
"1608","Rheinheimera","D-GlutamicAcid",0.000987745425647235,1.10205724342793,0.00089627415593665,0.99928511416983,0.99928511416983,FALSE,TRUE
"1609","Fluviicola","D-GlutamicAcid",-0.240080679907191,1.09453470733623,-0.219344967590361,0.826438933933934,0.99928511416983,FALSE,TRUE
"1610","Curvibacter","L-Djenkolic Acid",0.434810149495922,0.997246965625772,0.436010501393783,0.662955249269985,0.999675913093347,FALSE,TRUE
"1611","Legionella","L-Djenkolic Acid",-0.000429020824188995,1.05582112195038,-0.000406338550413237,0.999675913093347,0.999675913093347,FALSE,TRUE
"1612","Rheinheimera","L-Djenkolic Acid",-0.474402631291439,1.11756352574446,-0.42449723918416,0.671324473861268,0.999675913093347,FALSE,TRUE
"1613","Fluviicola","L-Djenkolic Acid",-0.937702649468544,1.11649141680381,-0.839865524584969,0.401249386492283,0.999675913093347,FALSE,TRUE
"1614","Pseudomonas","L-Djenkolic Acid",0.322645642810221,1.49723735075339,0.215493984736535,0.829445234708459,0.999675913093347,FALSE,TRUE
"1615","Curvibacter","L-Histidine",-0.000306664901495834,0.794291207693353,-0.000386086234526501,0.999692049224729,0.999692049224729,FALSE,TRUE
"1616","Curvibacter","Lanthionine",0.168272824821187,0.987179796162943,0.170458132829749,0.864696075032333,0.999784506914823,FALSE,TRUE
"1617","Legionella","Lanthionine",0.236559860024255,1.04576239751121,0.226208037874797,0.821110542804724,0.999784506914823,FALSE,TRUE
"1618","Rheinheimera","Lanthionine",-0.675677706848501,1.10753873337902,-0.610071401103109,0.541998570737,0.999784506914823,FALSE,TRUE
"1619","Fluviicola","Lanthionine",-0.000298933762971617,1.10646588219357,-0.000270169887551327,0.999784506914823,0.999784506914823,FALSE,TRUE
"1620","Pseudomonas","Lanthionine",-0.75452759182579,1.35216365149569,-0.55801499396258,0.577019056610848,0.999784506914823,FALSE,TRUE
"1621","Curvibacter","Adenine",0.000211010868065334,0.983864118219679,0.000214471555733898,0.999828931257805,0.999828931257805,FALSE,TRUE
"1622","Legionella","Adenine",0.0597731195588211,1.04478711557022,0.057210812296626,0.954392591740127,0.999828931257805,FALSE,TRUE
"1623","Rheinheimera","Adenine",0.348153115195292,1.10862951015089,0.31403919163933,0.753578253560462,0.999828931257805,FALSE,TRUE
"1624","Fluviicola","Adenine",-1.07509057545445,1.10111046111931,-0.976369413802127,0.329185264961104,0.999828931257805,FALSE,TRUE
"1625","Pseudomonas","Adenine",0.345472195404226,1.33899497408626,0.25800858262368,0.79647489808164,0.999828931257805,FALSE,TRUE
"1626","Curvibacter","GlycolicAcid",-0.92822433986025,0.765522168295627,-1.21253750486007,0.225682547859111,0.999884343941104,FALSE,FALSE
"1627","Legionella","GlycolicAcid",-0.000117586370668152,0.810907383606706,-0.000145005919350689,0.999884343941104,0.999884343941104,FALSE,TRUE
"1628","Rheinheimera","GlycolicAcid",-0.228553959906724,0.884881515018593,-0.258287641935792,0.79625550179923,0.999884343941104,FALSE,TRUE
"1629","Fluviicola","GlycolicAcid",0.473736863610852,0.856064442155033,0.553389254690079,0.580158395640288,0.999884343941104,FALSE,TRUE
"1630","Pseudomonas","GlycolicAcid",-0.176468591862922,1.04462663088913,-0.168929823005489,0.865900749706678,0.999884343941104,FALSE,TRUE
