sample_name,metabolite,forward_name,reverse_name,Plate
21Sep90-DL001,Uridine-3’-monophosphate,21Sep90-DL001_S1_L001_R1_001.fastq.gz,21Sep90-DL001_S1_L001_R2_001.fastq.gz,Biolog_Plate&Well_PM4AD9
21Sep90-DL002,Uridine-5’-monophosphate,21Sep90-DL002_S2_L001_R1_001.fastq.gz,21Sep90-DL002_S2_L001_R2_001.fastq.gz,Biolog_Plate&Well_PM4AD10
21Sep90-DL003,"Uridine-2’,3’-cyclicmonophosphate",21Sep90-DL003_S3_L001_R1_001.fastq.gz,21Sep90-DL003_S3_L001_R2_001.fastq.gz,Biolog_Plate&Well_PM4AD11
21Sep90-DL004,"Uridine-3’,5’-cyclicmonophosphate",21Sep90-DL004_S4_L001_R1_001.fastq.gz,21Sep90-DL004_S4_L001_R2_001.fastq.gz,Biolog_Plate&Well_PM4AD12
21Sep90-DL005,O-Phospho-DTyrosine,21Sep90-DL005_S5_L001_R1_001.fastq.gz,21Sep90-DL005_S5_L001_R2_001.fastq.gz,Biolog_Plate&Well_PM4AE1
21Sep90-DL006,O-Phospho-LTyrosine,21Sep90-DL006_S6_L001_R1_001.fastq.gz,21Sep90-DL006_S6_L001_R2_001.fastq.gz,Biolog_Plate&Well_PM4AE2
21Sep90-DL007,Phosphocreatin,21Sep90-DL007_S7_L001_R1_001.fastq.gz,21Sep90-DL007_S7_L001_R2_001.fastq.gz,Biolog_Plate&Well_PM4AE3
21Sep90-DL008,PhosphorylCholine,21Sep90-DL008_S8_L001_R1_001.fastq.gz,21Sep90-DL008_S8_L001_R2_001.fastq.gz,Biolog_Plate&Well_PM4AE4
21Sep90-DL009,O-PhosphorylEthanolamin,21Sep90-DL009_S9_L001_R1_001.fastq.gz,21Sep90-DL009_S9_L001_R2_001.fastq.gz,Biolog_Plate&Well_PM4AE5
21Sep90-DL010,Phosphono Acetic Acid,21Sep90-DL010_S10_L001_R1_001.fastq.gz,21Sep90-DL010_S10_L001_R2_001.fastq.gz,Biolog_Plate&Well_PM4AE6
21Sep90-DL011,2-Aminoethyl Phosphonic Acid ,21Sep90-DL011_S11_L001_R1_001.fastq.gz,21Sep90-DL011_S11_L001_R2_001.fastq.gz,Biolog_Plate&Well_PM4AE7
21Sep90-DL012,Methylene Diphosphonic Acid ,21Sep90-DL012_S12_L001_R1_001.fastq.gz,21Sep90-DL012_S12_L001_R2_001.fastq.gz,Biolog_Plate&Well_PM4AE8
21Sep90-DL013,Thymidine-3’- monophosphate,21Sep90-DL013_S13_L001_R1_001.fastq.gz,21Sep90-DL013_S13_L001_R2_001.fastq.gz,Biolog_Plate&Well_PM4AE9
21Sep90-DL014,Thymidine-5’- monophosphate,21Sep90-DL014_S14_L001_R1_001.fastq.gz,21Sep90-DL014_S14_L001_R2_001.fastq.gz,Biolog_Plate&Well_PM4AE10
21Sep90-DL015,Inositol Hexaphosphate,21Sep90-DL015_S15_L001_R1_001.fastq.gz,21Sep90-DL015_S15_L001_R2_001.fastq.gz,Biolog_Plate&Well_PM4AE11
21Sep90-DL016,"Thymidine 3’,5’- cyclic monophosphate",21Sep90-DL016_S16_L001_R1_001.fastq.gz,21Sep90-DL016_S16_L001_R2_001.fastq.gz,Biolog_Plate&Well_PM4AE12
21Sep90-DL017,Control,21Sep90-DL017_S17_L001_R1_001.fastq.gz,21Sep90-DL017_S17_L001_R2_001.fastq.gz,Biolog_Plate&Well_PM4AF1
21Sep90-DL018,Sulfate,21Sep90-DL018_S18_L001_R1_001.fastq.gz,21Sep90-DL018_S18_L001_R2_001.fastq.gz,Biolog_Plate&Well_PM4AF2
21Sep90-DL019,Thiosulfate,21Sep90-DL019_S19_L001_R1_001.fastq.gz,21Sep90-DL019_S19_L001_R2_001.fastq.gz,Biolog_Plate&Well_PM4AF3
21Sep90-DL020,T etrathionate,21Sep90-DL020_S20_L001_R1_001.fastq.gz,21Sep90-DL020_S20_L001_R2_001.fastq.gz,Biolog_Plate&Well_PM4AF4
21Sep90-DL021,Thiophosphate,21Sep90-DL021_S21_L001_R1_001.fastq.gz,21Sep90-DL021_S21_L001_R2_001.fastq.gz,Biolog_Plate&Well_PM4AF5
21Sep90-DL022,Dithiophosphate,21Sep90-DL022_S22_L001_R1_001.fastq.gz,21Sep90-DL022_S22_L001_R2_001.fastq.gz,Biolog_Plate&Well_PM4AF6
21Sep90-DL023,L-Cysteine,21Sep90-DL023_S23_L001_R1_001.fastq.gz,21Sep90-DL023_S23_L001_R2_001.fastq.gz,Biolog_Plate&Well_PM4AF7
21Sep90-DL024,D-Cysteine,21Sep90-DL024_S24_L001_R1_001.fastq.gz,21Sep90-DL024_S24_L001_R2_001.fastq.gz,Biolog_Plate&Well_PM4AF8
21Sep90-DL025,L-Cysteinyl- Glycine,21Sep90-DL025_S25_L001_R1_001.fastq.gz,21Sep90-DL025_S25_L001_R2_001.fastq.gz,Biolog_Plate&Well_PM4AF9
21Sep90-DL026,L-Cysteic Acid,21Sep90-DL026_S26_L001_R1_001.fastq.gz,21Sep90-DL026_S26_L001_R2_001.fastq.gz,Biolog_Plate&Well_PM4AF10
21Sep90-DL027,Cysteamine,21Sep90-DL027_S27_L001_R1_001.fastq.gz,21Sep90-DL027_S27_L001_R2_001.fastq.gz,Biolog_Plate&Well_PM4AF11
21Sep90-DL028,L-Cysteine Sulfinic Acid,21Sep90-DL028_S28_L001_R1_001.fastq.gz,21Sep90-DL028_S28_L001_R2_001.fastq.gz,Biolog_Plate&Well_PM4AF12
21Sep90-DL029,N-Acetyl-L- Cysteine,21Sep90-DL029_S29_L001_R1_001.fastq.gz,21Sep90-DL029_S29_L001_R2_001.fastq.gz,Biolog_Plate&Well_PM4AG1
21Sep90-DL030,S-Methyl-L- Cysteine,21Sep90-DL030_S30_L001_R1_001.fastq.gz,21Sep90-DL030_S30_L001_R2_001.fastq.gz,Biolog_Plate&Well_PM4AG2
21Sep90-DL031,Cystathionine,21Sep90-DL031_S31_L001_R1_001.fastq.gz,21Sep90-DL031_S31_L001_R2_001.fastq.gz,Biolog_Plate&Well_PM4AG3
21Sep90-DL032,Lanthionine,21Sep90-DL032_S32_L001_R1_001.fastq.gz,21Sep90-DL032_S32_L001_R2_001.fastq.gz,Biolog_Plate&Well_PM4AG4
21Sep90-DL033,Glutathione,21Sep90-DL033_S33_L001_R1_001.fastq.gz,21Sep90-DL033_S33_L001_R2_001.fastq.gz,Biolog_Plate&Well_PM4AG5
21Sep90-DL034,"D,L-Ethionine",21Sep90-DL034_S34_L001_R1_001.fastq.gz,21Sep90-DL034_S34_L001_R2_001.fastq.gz,Biolog_Plate&Well_PM4AG6
21Sep90-DL035,L-Methionine,21Sep90-DL035_S35_L001_R1_001.fastq.gz,21Sep90-DL035_S35_L001_R2_001.fastq.gz,Biolog_Plate&Well_PM4AG7
21Sep90-DL036,D-Methionine,21Sep90-DL036_S36_L001_R1_001.fastq.gz,21Sep90-DL036_S36_L001_R2_001.fastq.gz,Biolog_Plate&Well_PM4AG8
21Sep90-DL037,Glycyl-L- Methionine,21Sep90-DL037_S37_L001_R1_001.fastq.gz,21Sep90-DL037_S37_L001_R2_001.fastq.gz,Biolog_Plate&Well_PM4AG9
21Sep90-DL038,"N-Acetyl-D,L- Methionine",21Sep90-DL038_S38_L001_R1_001.fastq.gz,21Sep90-DL038_S38_L001_R2_001.fastq.gz,Biolog_Plate&Well_PM4AG10
21Sep90-DL039,L-Methionine Sulfoxide,21Sep90-DL039_S39_L001_R1_001.fastq.gz,21Sep90-DL039_S39_L001_R2_001.fastq.gz,Biolog_Plate&Well_PM4AG11
21Sep90-DL040,L-Methionine Sulfone,21Sep90-DL040_S40_L001_R1_001.fastq.gz,21Sep90-DL040_S40_L001_R2_001.fastq.gz,Biolog_Plate&Well_PM4AG12
21Sep90-DL041,L-Djenkolic Acid,21Sep90-DL041_S41_L001_R1_001.fastq.gz,21Sep90-DL041_S41_L001_R2_001.fastq.gz,Biolog_Plate&Well_PM4AH1
21Sep90-DL042,Thiourea,21Sep90-DL042_S42_L001_R1_001.fastq.gz,21Sep90-DL042_S42_L001_R2_001.fastq.gz,Biolog_Plate&Well_PM4AH2
21Sep90-DL043,1-Thio--DGlucose,21Sep90-DL043_S43_L001_R1_001.fastq.gz,21Sep90-DL043_S43_L001_R2_001.fastq.gz,Biolog_Plate&Well_PM4AH3
21Sep90-DL044,"D,L-Lipoamide",21Sep90-DL044_S44_L001_R1_001.fastq.gz,21Sep90-DL044_S44_L001_R2_001.fastq.gz,Biolog_Plate&Well_PM4AH4
21Sep90-DL045,Taurocholic acid,21Sep90-DL045_S45_L001_R1_001.fastq.gz,21Sep90-DL045_S45_L001_R2_001.fastq.gz,Biolog_Plate&Well_PM4AH5
21Sep90-DL046,Taurine,21Sep90-DL046_S46_L001_R1_001.fastq.gz,21Sep90-DL046_S46_L001_R2_001.fastq.gz,Biolog_Plate&Well_PM4AH6
21Sep90-DL047,Hypotaurine,21Sep90-DL047_S47_L001_R1_001.fastq.gz,21Sep90-DL047_S47_L001_R2_001.fastq.gz,Biolog_Plate&Well_PM4AH7
21Sep90-DL048,p-Amino Benzene Sulfonic Acid,21Sep90-DL048_S48_L001_R1_001.fastq.gz,21Sep90-DL048_S48_L001_R2_001.fastq.gz,Biolog_Plate&Well_PM4AH8
21Sep90-DL049,L-Galactonic Acid-?-Lactone,21Sep90-DL049_S49_L001_R1_001.fastq.gz,21Sep90-DL049_S49_L001_R2_001.fastq.gz,Biolog_Plate&Well_PM4AH9
21Sep90-DL050,D-Galacturonic Acid,21Sep90-DL050_S50_L001_R1_001.fastq.gz,21Sep90-DL050_S50_L001_R2_001.fastq.gz,Biolog_Plate&Well_PM4AH10
21Sep90-DL051,Phenylethyl- amine,21Sep90-DL051_S51_L001_R1_001.fastq.gz,21Sep90-DL051_S51_L001_R2_001.fastq.gz,Biolog_Plate&Well_PM4AH11
21Sep90-DL052,2-Aminoethanol,21Sep90-DL052_S52_L001_R1_001.fastq.gz,21Sep90-DL052_S52_L001_R2_001.fastq.gz,Biolog_Plate&Well_PM4AH12
J33083-L1,Control,J33083-L1_S1_L001_R1_001.fastq.gz,J33083-L1_S1_L001_R2_001.fastq.gz,Biolog_Plate&Well_PM1A1
J33084-L1,L-Arabinose,J33084-L1_S2_L001_R1_001.fastq.gz,J33084-L1_S2_L001_R2_001.fastq.gz,Biolog_Plate&Well_PM1A2
J33085-L1,N-Acetyl-DGlucosamine,J33085-L1_S3_L001_R1_001.fastq.gz,J33085-L1_S3_L001_R2_001.fastq.gz,Biolog_Plate&Well_PM1A3
J33086-L1,D-SaccharicAcid,J33086-L1_S4_L001_R1_001.fastq.gz,J33086-L1_S4_L001_R2_001.fastq.gz,Biolog_Plate&Well_PM1A4
J33087-L1,SuccinicAcid,J33087-L1_S5_L001_R1_001.fastq.gz,J33087-L1_S5_L001_R2_001.fastq.gz,Biolog_Plate&Well_PM1A5
J33088-L1,D-Galactose,J33088-L1_S6_L001_R1_001.fastq.gz,J33088-L1_S6_L001_R2_001.fastq.gz,Biolog_Plate&Well_PM1A6
J33089-L1,L-AsparticAcid,J33089-L1_S7_L001_R1_001.fastq.gz,J33089-L1_S7_L001_R2_001.fastq.gz,Biolog_Plate&Well_PM1A7
J33090-L1,L-Proline,J33090-L1_S8_L001_R1_001.fastq.gz,J33090-L1_S8_L001_R2_001.fastq.gz,Biolog_Plate&Well_PM1A8
J33091-L1,D-Alanine,J33091-L1_S9_L001_R1_001.fastq.gz,J33091-L1_S9_L001_R2_001.fastq.gz,Biolog_Plate&Well_PM1A9
J33092-L1,D-Trehalose,J33092-L1_S10_L001_R1_001.fastq.gz,J33092-L1_S10_L001_R2_001.fastq.gz,Biolog_Plate&Well_PM1A10
J33093-L1,D-Mannose,J33093-L1_S11_L001_R1_001.fastq.gz,J33093-L1_S11_L001_R2_001.fastq.gz,Biolog_Plate&Well_PM1A11
J33094-L1,Dulcitol,J33094-L1_S12_L001_R1_001.fastq.gz,J33094-L1_S12_L001_R2_001.fastq.gz,Biolog_Plate&Well_PM1A12
J33095-L1,D-Serine,J33095-L1_S13_L001_R1_001.fastq.gz,J33095-L1_S13_L001_R2_001.fastq.gz,Biolog_Plate&Well_PM1B1
J33096-L1,D-Sorbitol,J33096-L1_S14_L001_R1_001.fastq.gz,J33096-L1_S14_L001_R2_001.fastq.gz,Biolog_Plate&Well_PM1B2
J33097-L1,Glycerol,J33097-L1_S15_L001_R1_001.fastq.gz,J33097-L1_S15_L001_R2_001.fastq.gz,Biolog_Plate&Well_PM1B3
J33098-L1,L-Fucose,J33098-L1_S16_L001_R1_001.fastq.gz,J33098-L1_S16_L001_R2_001.fastq.gz,Biolog_Plate&Well_PM1B4
J33099-L1,D-GlucuronicAcid,J33099-L1_S17_L001_R1_001.fastq.gz,J33099-L1_S17_L001_R2_001.fastq.gz,Biolog_Plate&Well_PM1B5
J33100-L1,D-GluconicAcid,J33100-L1_S18_L001_R1_001.fastq.gz,J33100-L1_S18_L001_R2_001.fastq.gz,Biolog_Plate&Well_PM1B6
J33101-L1,"D,L--Glycerol-Phosphate",J33101-L1_S19_L001_R1_001.fastq.gz,J33101-L1_S19_L001_R2_001.fastq.gz,Biolog_Plate&Well_PM1B7
J33102-L1,D-Xylose,J33102-L1_S20_L001_R1_001.fastq.gz,J33102-L1_S20_L001_R2_001.fastq.gz,Biolog_Plate&Well_PM1B8
J33103-L1,L-LacticAcid,J33103-L1_S21_L001_R1_001.fastq.gz,J33103-L1_S21_L001_R2_001.fastq.gz,Biolog_Plate&Well_PM1B9
J33104-L1,FormicAcid,J33104-L1_S22_L001_R1_001.fastq.gz,J33104-L1_S22_L001_R2_001.fastq.gz,Biolog_Plate&Well_PM1B10
J33105-L1,D-Mannitol,J33105-L1_S23_L001_R1_001.fastq.gz,J33105-L1_S23_L001_R2_001.fastq.gz,Biolog_Plate&Well_PM1B11
J33106-L1,L-GlutamicAcid,J33106-L1_S24_L001_R1_001.fastq.gz,J33106-L1_S24_L001_R2_001.fastq.gz,Biolog_Plate&Well_PM1B12
J33107-L1,D-Glucose-6Phosphate,J33107-L1_S25_L001_R1_001.fastq.gz,J33107-L1_S25_L001_R2_001.fastq.gz,Biolog_Plate&Well_PM1C1
J33108-L1,D-GalactonicAcid--Lactone,J33108-L1_S26_L001_R1_001.fastq.gz,J33108-L1_S26_L001_R2_001.fastq.gz,Biolog_Plate&Well_PM1C2
J33109-L1,"D,L-MalicAcid",J33109-L1_S27_L001_R1_001.fastq.gz,J33109-L1_S27_L001_R2_001.fastq.gz,Biolog_Plate&Well_PM1C3
J33110-L1,D-Ribose,J33110-L1_S28_L001_R1_001.fastq.gz,J33110-L1_S28_L001_R2_001.fastq.gz,Biolog_Plate&Well_PM1C4
J33111-L1,Tween20,J33111-L1_S29_L001_R1_001.fastq.gz,J33111-L1_S29_L001_R2_001.fastq.gz,Biolog_Plate&Well_PM1C5
J33112-L1,L-Rhamnose,J33112-L1_S30_L001_R1_001.fastq.gz,J33112-L1_S30_L001_R2_001.fastq.gz,Biolog_Plate&Well_PM1C6
J33113-L1,D-Fructose,J33113-L1_S31_L001_R1_001.fastq.gz,J33113-L1_S31_L001_R2_001.fastq.gz,Biolog_Plate&Well_PM1C7
J33114-L1,AceticAcid,J33114-L1_S32_L001_R1_001.fastq.gz,J33114-L1_S32_L001_R2_001.fastq.gz,Biolog_Plate&Well_PM1C8
J33115-L1,D-Glucose,J33115-L1_S33_L001_R1_001.fastq.gz,J33115-L1_S33_L001_R2_001.fastq.gz,Biolog_Plate&Well_PM1C9
J33116-L1,Maltose,J33116-L1_S34_L001_R1_001.fastq.gz,J33116-L1_S34_L001_R2_001.fastq.gz,Biolog_Plate&Well_PM1C10
J33117-L1,D-Melibiose,J33117-L1_S35_L001_R1_001.fastq.gz,J33117-L1_S35_L001_R2_001.fastq.gz,Biolog_Plate&Well_PM1C11
J33118-L1,Thymidine,J33118-L1_S36_L001_R1_001.fastq.gz,J33118-L1_S36_L001_R2_001.fastq.gz,Biolog_Plate&Well_PM1C12
J33119-L1,L-Asparagine,J33119-L1_S37_L001_R1_001.fastq.gz,J33119-L1_S37_L001_R2_001.fastq.gz,Biolog_Plate&Well_PM1D1
J33120-L1,D-AsparticAcid,J33120-L1_S38_L001_R1_001.fastq.gz,J33120-L1_S38_L001_R2_001.fastq.gz,Biolog_Plate&Well_PM1D2
J33121-L1,D-GlucosaminicAcid,J33121-L1_S39_L001_R1_001.fastq.gz,J33121-L1_S39_L001_R2_001.fastq.gz,Biolog_Plate&Well_PM1D3
J33122-L1,"1,2-Propanediol",J33122-L1_S40_L001_R1_001.fastq.gz,J33122-L1_S40_L001_R2_001.fastq.gz,Biolog_Plate&Well_PM1D4
J33123-L1,Tween40,J33123-L1_S41_L001_R1_001.fastq.gz,J33123-L1_S41_L001_R2_001.fastq.gz,Biolog_Plate&Well_PM1D5
J33124-L1,Keto-GlutaricAcid,J33124-L1_S42_L001_R1_001.fastq.gz,J33124-L1_S42_L001_R2_001.fastq.gz,Biolog_Plate&Well_PM1D6
J33125-L1,Keto-ButyricAcid,J33125-L1_S43_L001_R1_001.fastq.gz,J33125-L1_S43_L001_R2_001.fastq.gz,Biolog_Plate&Well_PM1D7
J33126-L1,Methyl-DGalactoside,J33126-L1_S44_L001_R1_001.fastq.gz,J33126-L1_S44_L001_R2_001.fastq.gz,Biolog_Plate&Well_PM1D8
J33127-L1,D-Lactose,J33127-L1_S45_L001_R1_001.fastq.gz,J33127-L1_S45_L001_R2_001.fastq.gz,Biolog_Plate&Well_PM1D9
J33128-L1,Lactulose,J33128-L1_S46_L001_R1_001.fastq.gz,J33128-L1_S46_L001_R2_001.fastq.gz,Biolog_Plate&Well_PM1D10
J33129-L1,Sucrose,J33129-L1_S47_L001_R1_001.fastq.gz,J33129-L1_S47_L001_R2_001.fastq.gz,Biolog_Plate&Well_PM1D11
J33130-L1,Uridine,J33130-L1_S48_L001_R1_001.fastq.gz,J33130-L1_S48_L001_R2_001.fastq.gz,Biolog_Plate&Well_PM1D12
J33131-L1,L-Glutamine,J33131-L1_S49_L001_R1_001.fastq.gz,J33131-L1_S49_L001_R2_001.fastq.gz,Biolog_Plate&Well_PM1E1
J33132-L1,m-TartaricAcid,J33132-L1_S50_L001_R1_001.fastq.gz,J33132-L1_S50_L001_R2_001.fastq.gz,Biolog_Plate&Well_PM1E2
J33133-L1,D-Glucose-1Phosphate,J33133-L1_S51_L001_R1_001.fastq.gz,J33133-L1_S51_L001_R2_001.fastq.gz,Biolog_Plate&Well_PM1E3
J33134-L1,D-Fructose-6Phosphate,J33134-L1_S52_L001_R1_001.fastq.gz,J33134-L1_S52_L001_R2_001.fastq.gz,Biolog_Plate&Well_PM1E4
J33135-L1,Tween80,J33135-L1_S53_L001_R1_001.fastq.gz,J33135-L1_S53_L001_R2_001.fastq.gz,Biolog_Plate&Well_PM1E5
J33136-L1,HydroxyGlutaricAcid-Lactone,J33136-L1_S54_L001_R1_001.fastq.gz,J33136-L1_S54_L001_R2_001.fastq.gz,Biolog_Plate&Well_PM1E6
J33137-L1,HydroxyButyricAcid,J33137-L1_S55_L001_R1_001.fastq.gz,J33137-L1_S55_L001_R2_001.fastq.gz,Biolog_Plate&Well_PM1E7
J33138-L1,Methyl-DGlucoside,J33138-L1_S56_L001_R1_001.fastq.gz,J33138-L1_S56_L001_R2_001.fastq.gz,Biolog_Plate&Well_PM1E8
J33139-L1,Adonitol,J33139-L1_S57_L001_R1_001.fastq.gz,J33139-L1_S57_L001_R2_001.fastq.gz,Biolog_Plate&Well_PM1E9
J33140-L1,Maltotriose,J33140-L1_S58_L001_R1_001.fastq.gz,J33140-L1_S58_L001_R2_001.fastq.gz,Biolog_Plate&Well_PM1E10
J33141-L1,2-DeoxyAdenosine,J33141-L1_S59_L001_R1_001.fastq.gz,J33141-L1_S59_L001_R2_001.fastq.gz,Biolog_Plate&Well_PM1E11
J33142-L1,Adenosine,J33142-L1_S60_L001_R1_001.fastq.gz,J33142-L1_S60_L001_R2_001.fastq.gz,Biolog_Plate&Well_PM1E12
J33143-L1,Glycyl-L-AsparticAcid,J33143-L1_S61_L001_R1_001.fastq.gz,J33143-L1_S61_L001_R2_001.fastq.gz,Biolog_Plate&Well_PM1F1
J33144-L1,CitricAcid,J33144-L1_S62_L001_R1_001.fastq.gz,J33144-L1_S62_L001_R2_001.fastq.gz,Biolog_Plate&Well_PM1F2
J33145-L1,m-Inositol,J33145-L1_S63_L001_R1_001.fastq.gz,J33145-L1_S63_L001_R2_001.fastq.gz,Biolog_Plate&Well_PM1F3
J33146-L1,D-Threonine,J33146-L1_S64_L001_R1_001.fastq.gz,J33146-L1_S64_L001_R2_001.fastq.gz,Biolog_Plate&Well_PM1F4
J33147-L1,FumaricAcid,J33147-L1_S65_L001_R1_001.fastq.gz,J33147-L1_S65_L001_R2_001.fastq.gz,Biolog_Plate&Well_PM1F5
J33148-L1,BromoSuccinicAcid,J33148-L1_S66_L001_R1_001.fastq.gz,J33148-L1_S66_L001_R2_001.fastq.gz,Biolog_Plate&Well_PM1F6
J33149-L1,PropionicAcid,J33149-L1_S67_L001_R1_001.fastq.gz,J33149-L1_S67_L001_R2_001.fastq.gz,Biolog_Plate&Well_PM1F7
J33150-L1,MucicAcid,J33150-L1_S68_L001_R1_001.fastq.gz,J33150-L1_S68_L001_R2_001.fastq.gz,Biolog_Plate&Well_PM1F8
J33151-L1,GlycolicAcid,J33151-L1_S69_L001_R1_001.fastq.gz,J33151-L1_S69_L001_R2_001.fastq.gz,Biolog_Plate&Well_PM1F9
J33152-L1,GlyoxylicAcid,J33152-L1_S70_L001_R1_001.fastq.gz,J33152-L1_S70_L001_R2_001.fastq.gz,Biolog_Plate&Well_PM1F10
J33153-L1,D-Cellobiose,J33153-L1_S71_L001_R1_001.fastq.gz,J33153-L1_S71_L001_R2_001.fastq.gz,Biolog_Plate&Well_PM1F11
J33154-L1,Inosine,J33154-L1_S72_L001_R1_001.fastq.gz,J33154-L1_S72_L001_R2_001.fastq.gz,Biolog_Plate&Well_PM1F12
J33155-L1,Glycyl-LGlutamicAcid,J33155-L1_S73_L001_R1_001.fastq.gz,J33155-L1_S73_L001_R2_001.fastq.gz,Biolog_Plate&Well_PM1G1
J33156-L1,TricarballylicAcid,J33156-L1_S74_L001_R1_001.fastq.gz,J33156-L1_S74_L001_R2_001.fastq.gz,Biolog_Plate&Well_PM1G2
J33157-L1,L-Serine,J33157-L1_S75_L001_R1_001.fastq.gz,J33157-L1_S75_L001_R2_001.fastq.gz,Biolog_Plate&Well_PM1G3
J33158-L1,L-Threonine,J33158-L1_S76_L001_R1_001.fastq.gz,J33158-L1_S76_L001_R2_001.fastq.gz,Biolog_Plate&Well_PM1G4
J33159-L1,L-Alanine,J33159-L1_S77_L001_R1_001.fastq.gz,J33159-L1_S77_L001_R2_001.fastq.gz,Biolog_Plate&Well_PM1G5
J33160-L1,L-Alanyl-Glycine,J33160-L1_S78_L001_R1_001.fastq.gz,J33160-L1_S78_L001_R2_001.fastq.gz,Biolog_Plate&Well_PM1G6
J33161-L1,AcetoaceticAcid,J33161-L1_S79_L001_R1_001.fastq.gz,J33161-L1_S79_L001_R2_001.fastq.gz,Biolog_Plate&Well_PM1G7
J33162-L1,N-Acetyl-?-DMannosamine,J33162-L1_S80_L001_R1_001.fastq.gz,J33162-L1_S80_L001_R2_001.fastq.gz,Biolog_Plate&Well_PM1G8
J33163-L1,MonoMethylSuccinate,J33163-L1_S81_L001_R1_001.fastq.gz,J33163-L1_S81_L001_R2_001.fastq.gz,Biolog_Plate&Well_PM1G9
J33164-L1,MethylPyruvate,J33164-L1_S82_L001_R1_001.fastq.gz,J33164-L1_S82_L001_R2_001.fastq.gz,Biolog_Plate&Well_PM1G10
J33165-L1,D-MalicAcid,J33165-L1_S83_L001_R1_001.fastq.gz,J33165-L1_S83_L001_R2_001.fastq.gz,Biolog_Plate&Well_PM1G11
J33166-L1,L-MalicAcid,J33166-L1_S84_L001_R1_001.fastq.gz,J33166-L1_S84_L001_R2_001.fastq.gz,Biolog_Plate&Well_PM1G12
J33167-L1,Glycyl-L-Proline,J33167-L1_S85_L001_R1_001.fastq.gz,J33167-L1_S85_L001_R2_001.fastq.gz,Biolog_Plate&Well_PM1H1
J33168-L1,p-HydroxyPhenylAceticAcid,J33168-L1_S86_L001_R1_001.fastq.gz,J33168-L1_S86_L001_R2_001.fastq.gz,Biolog_Plate&Well_PM1H2
J33169-L1,m-HydroxyPhenylAceticAcid,J33169-L1_S87_L001_R1_001.fastq.gz,J33169-L1_S87_L001_R2_001.fastq.gz,Biolog_Plate&Well_PM1H3
J33170-L1,Tyramine,J33170-L1_S88_L001_R1_001.fastq.gz,J33170-L1_S88_L001_R2_001.fastq.gz,Biolog_Plate&Well_PM1H4
J33171-L1,D-Psicose,J33171-L1_S89_L001_R1_001.fastq.gz,J33171-L1_S89_L001_R2_001.fastq.gz,Biolog_Plate&Well_PM1H5
J33172-L1,L-Lyxose,J33172-L1_S90_L001_R1_001.fastq.gz,J33172-L1_S90_L001_R2_001.fastq.gz,Biolog_Plate&Well_PM1H6
J33173-L1,Glucuronamide,J33173-L1_S91_L001_R1_001.fastq.gz,J33173-L1_S91_L001_R2_001.fastq.gz,Biolog_Plate&Well_PM1H7
J33174-L1,PyruvicAcid,J33174-L1_S92_L001_R1_001.fastq.gz,J33174-L1_S92_L001_R2_001.fastq.gz,Biolog_Plate&Well_PM1H8
J33175-L1,L-GalactonicAcid--Lactone,J33175-L1_S93_L001_R1_001.fastq.gz,J33175-L1_S93_L001_R2_001.fastq.gz,Biolog_Plate&Well_PM1H9
J33176-L1,D-GalacturonicAcid,J33176-L1_S94_L001_R1_001.fastq.gz,J33176-L1_S94_L001_R2_001.fastq.gz,Biolog_Plate&Well_PM1H10
J33177-L1,Phenylethyl-amine,J33177-L1_S95_L001_R1_001.fastq.gz,J33177-L1_S95_L001_R2_001.fastq.gz,Biolog_Plate&Well_PM1H11
J33179-L1,2-Aminoethanol,J33179-L1_S97_L001_R1_001.fastq.gz,J33179-L1_S97_L001_R2_001.fastq.gz,Biolog_Plate&Well_PM1H12
J33180-L1,Control,J33180-L1_S98_L001_R1_001.fastq.gz,J33180-L1_S98_L001_R2_001.fastq.gz,Biolog_Plate&Well_PM2AA1
J33181-L1,ChondroitinSulfateC,J33181-L1_S99_L001_R1_001.fastq.gz,J33181-L1_S99_L001_R2_001.fastq.gz,Biolog_Plate&Well_PM2AA2
J33182-L1,a-Cyclodextrin,J33182-L1_S100_L001_R1_001.fastq.gz,J33182-L1_S100_L001_R2_001.fastq.gz,Biolog_Plate&Well_PM2AA3
J33183-L1,ß-Cyclodextrin,J33183-L1_S101_L001_R1_001.fastq.gz,J33183-L1_S101_L001_R2_001.fastq.gz,Biolog_Plate&Well_PM2AA4
J33184-L1,Y-Cyclodextrin,J33184-L1_S102_L001_R1_001.fastq.gz,J33184-L1_S102_L001_R2_001.fastq.gz,Biolog_Plate&Well_PM2AA5
J33185-L1,Dextrin,J33185-L1_S103_L001_R1_001.fastq.gz,J33185-L1_S103_L001_R2_001.fastq.gz,Biolog_Plate&Well_PM2AA6
J33186-L1,Gelatin,J33186-L1_S104_L001_R1_001.fastq.gz,J33186-L1_S104_L001_R2_001.fastq.gz,Biolog_Plate&Well_PM2AA7
J33187-L1,Glycogen,J33187-L1_S105_L001_R1_001.fastq.gz,J33187-L1_S105_L001_R2_001.fastq.gz,Biolog_Plate&Well_PM2AA8
J33188-L1,Inulin,J33188-L1_S106_L001_R1_001.fastq.gz,J33188-L1_S106_L001_R2_001.fastq.gz,Biolog_Plate&Well_PM2AA9
J33189-L1,Laminarin,J33189-L1_S107_L001_R1_001.fastq.gz,J33189-L1_S107_L001_R2_001.fastq.gz,Biolog_Plate&Well_PM2AA10
J33190-L1,Mannan,J33190-L1_S108_L001_R1_001.fastq.gz,J33190-L1_S108_L001_R2_001.fastq.gz,Biolog_Plate&Well_PM2AA11
J33191-L1,Pectin,J33191-L1_S109_L001_R1_001.fastq.gz,J33191-L1_S109_L001_R2_001.fastq.gz,Biolog_Plate&Well_PM2AA12
J33192-L1,N-Acetyl-D-Galactosamine,J33192-L1_S110_L001_R1_001.fastq.gz,J33192-L1_S110_L001_R2_001.fastq.gz,Biolog_Plate&Well_PM2AB1
J33193-L1,N-Acetyl-NeuraminicAcid,J33193-L1_S111_L001_R1_001.fastq.gz,J33193-L1_S111_L001_R2_001.fastq.gz,Biolog_Plate&Well_PM2AB2
J33194-L1,ß-D-Allose,J33194-L1_S112_L001_R1_001.fastq.gz,J33194-L1_S112_L001_R2_001.fastq.gz,Biolog_Plate&Well_PM2AB3
J33195-L1,Amygdalin,J33195-L1_S113_L001_R1_001.fastq.gz,J33195-L1_S113_L001_R2_001.fastq.gz,Biolog_Plate&Well_PM2AB4
J33196-L1,D-Arabinose,J33196-L1_S114_L001_R1_001.fastq.gz,J33196-L1_S114_L001_R2_001.fastq.gz,Biolog_Plate&Well_PM2AB5
J33197-L1,D-Arabitol,J33197-L1_S115_L001_R1_001.fastq.gz,J33197-L1_S115_L001_R2_001.fastq.gz,Biolog_Plate&Well_PM2AB6
J33198-L1,L-Arabitol,J33198-L1_S116_L001_R1_001.fastq.gz,J33198-L1_S116_L001_R2_001.fastq.gz,Biolog_Plate&Well_PM2AB7
J33199-L1,Arbutin,J33199-L1_S117_L001_R1_001.fastq.gz,J33199-L1_S117_L001_R2_001.fastq.gz,Biolog_Plate&Well_PM2AB8
J33200-L1,2-Deoxy-D-Ribose,J33200-L1_S118_L001_R1_001.fastq.gz,J33200-L1_S118_L001_R2_001.fastq.gz,Biolog_Plate&Well_PM2AB9
J33201-L1,i-Erythritol,J33201-L1_S119_L001_R1_001.fastq.gz,J33201-L1_S119_L001_R2_001.fastq.gz,Biolog_Plate&Well_PM2AB10
J33202-L1,D-Fucose,J33202-L1_S120_L001_R1_001.fastq.gz,J33202-L1_S120_L001_R2_001.fastq.gz,Biolog_Plate&Well_PM2AB11
J33203-L1,3-0-ß-D-Galactopyranosyl-D-Arabinose,J33203-L1_S121_L001_R1_001.fastq.gz,J33203-L1_S121_L001_R2_001.fastq.gz,Biolog_Plate&Well_PM2AB12
J33204-L1,Gentiobiose,J33204-L1_S122_L001_R1_001.fastq.gz,J33204-L1_S122_L001_R2_001.fastq.gz,Biolog_Plate&Well_PM2AC1
J33205-L1,L-Glucose,J33205-L1_S123_L001_R1_001.fastq.gz,J33205-L1_S123_L001_R2_001.fastq.gz,Biolog_Plate&Well_PM2AC2
J33206-L1,Lactitol,J33206-L1_S124_L001_R1_001.fastq.gz,J33206-L1_S124_L001_R2_001.fastq.gz,Biolog_Plate&Well_PM2AC3
J33207-L1,D-Melezitose,J33207-L1_S125_L001_R1_001.fastq.gz,J33207-L1_S125_L001_R2_001.fastq.gz,Biolog_Plate&Well_PM2AC4
J33208-L1,Maltitol,J33208-L1_S126_L001_R1_001.fastq.gz,J33208-L1_S126_L001_R2_001.fastq.gz,Biolog_Plate&Well_PM2AC5
J33209-L1,a-Methyl-D-Glucoside,J33209-L1_S127_L001_R1_001.fastq.gz,J33209-L1_S127_L001_R2_001.fastq.gz,Biolog_Plate&Well_PM2AC6
J33210-L1,ß-Methyl-D-Galactoside,J33210-L1_S128_L001_R1_001.fastq.gz,J33210-L1_S128_L001_R2_001.fastq.gz,Biolog_Plate&Well_PM2AC7
J33211-L1,3-MethylGlucose,J33211-L1_S129_L001_R1_001.fastq.gz,J33211-L1_S129_L001_R2_001.fastq.gz,Biolog_Plate&Well_PM2AC8
J33212-L1,ß-Methyl-D-GlucuronicAcid,J33212-L1_S130_L001_R1_001.fastq.gz,J33212-L1_S130_L001_R2_001.fastq.gz,Biolog_Plate&Well_PM2AC9
J33213-L1,b-Methyl-D-Mannoside,J33213-L1_S131_L001_R1_001.fastq.gz,J33213-L1_S131_L001_R2_001.fastq.gz,Biolog_Plate&Well_PM2AC10
J33214-L1,ß-Methyl-D-Xyloside,J33214-L1_S132_L001_R1_001.fastq.gz,J33214-L1_S132_L001_R2_001.fastq.gz,Biolog_Plate&Well_PM2AC11
J33215-L1,Palatinose,J33215-L1_S133_L001_R1_001.fastq.gz,J33215-L1_S133_L001_R2_001.fastq.gz,Biolog_Plate&Well_PM2AC12
J33216-L1,D-Raffinose,J33216-L1_S134_L001_R1_001.fastq.gz,J33216-L1_S134_L001_R2_001.fastq.gz,Biolog_Plate&Well_PM2AD1
J33217-L1,Salicin,J33217-L1_S135_L001_R1_001.fastq.gz,J33217-L1_S135_L001_R2_001.fastq.gz,Biolog_Plate&Well_PM2AD2
J33218-L1,Sedoheptulosan,J33218-L1_S136_L001_R1_001.fastq.gz,J33218-L1_S136_L001_R2_001.fastq.gz,Biolog_Plate&Well_PM2AD3
J33219-L1,L-Sorbose,J33219-L1_S137_L001_R1_001.fastq.gz,J33219-L1_S137_L001_R2_001.fastq.gz,Biolog_Plate&Well_PM2AD4
J33220-L1,Stachyose,J33220-L1_S138_L001_R1_001.fastq.gz,J33220-L1_S138_L001_R2_001.fastq.gz,Biolog_Plate&Well_PM2AD5
J33221-L1,D-Tagatose,J33221-L1_S139_L001_R1_001.fastq.gz,J33221-L1_S139_L001_R2_001.fastq.gz,Biolog_Plate&Well_PM2AD6
J33222-L1,Turanose,J33222-L1_S140_L001_R1_001.fastq.gz,J33222-L1_S140_L001_R2_001.fastq.gz,Biolog_Plate&Well_PM2AD7
J33223-L1,Xylitol,J33223-L1_S141_L001_R1_001.fastq.gz,J33223-L1_S141_L001_R2_001.fastq.gz,Biolog_Plate&Well_PM2AD8
J33224-L1,N-Acetyl-D-Glucosaminitol,J33224-L1_S142_L001_R1_001.fastq.gz,J33224-L1_S142_L001_R2_001.fastq.gz,Biolog_Plate&Well_PM2AD9
J33225-L1,?-AminoButyricAcid,J33225-L1_S143_L001_R1_001.fastq.gz,J33225-L1_S143_L001_R2_001.fastq.gz,Biolog_Plate&Well_PM2AD10
J33226-L1,?-AminoValericAcid,J33226-L1_S144_L001_R1_001.fastq.gz,J33226-L1_S144_L001_R2_001.fastq.gz,Biolog_Plate&Well_PM2AD11
J33227-L1,ButyricAcid,J33227-L1_S145_L001_R1_001.fastq.gz,J33227-L1_S145_L001_R2_001.fastq.gz,Biolog_Plate&Well_PM2AD12
J33228-L1,CapricAcid,J33228-L1_S146_L001_R1_001.fastq.gz,J33228-L1_S146_L001_R2_001.fastq.gz,Biolog_Plate&Well_PM2AE1
J33229-L1,CaproicAcid,J33229-L1_S147_L001_R1_001.fastq.gz,J33229-L1_S147_L001_R2_001.fastq.gz,Biolog_Plate&Well_PM2AE2
J33230-L1,CitraconicAcid,J33230-L1_S148_L001_R1_001.fastq.gz,J33230-L1_S148_L001_R2_001.fastq.gz,Biolog_Plate&Well_PM2AE3
J33231-L1,CitramalicAcid,J33231-L1_S149_L001_R1_001.fastq.gz,J33231-L1_S149_L001_R2_001.fastq.gz,Biolog_Plate&Well_PM2AE4
J33232-L1,D-Glucosamine,J33232-L1_S150_L001_R1_001.fastq.gz,J33232-L1_S150_L001_R2_001.fastq.gz,Biolog_Plate&Well_PM2AE5
J33233-L1,2-HydroxyBenzoicAcid,J33233-L1_S151_L001_R1_001.fastq.gz,J33233-L1_S151_L001_R2_001.fastq.gz,Biolog_Plate&Well_PM2AE6
J33234-L1,4-HydroxyBenzoicAcid,J33234-L1_S152_L001_R1_001.fastq.gz,J33234-L1_S152_L001_R2_001.fastq.gz,Biolog_Plate&Well_PM2AE7
J33235-L1,ß-HydroxyButyricAcid,J33235-L1_S153_L001_R1_001.fastq.gz,J33235-L1_S153_L001_R2_001.fastq.gz,Biolog_Plate&Well_PM2AE8
J33236-L1,GlycolicAcid,J33236-L1_S154_L001_R1_001.fastq.gz,J33236-L1_S154_L001_R2_001.fastq.gz,Biolog_Plate&Well_PM2AE9
J33237-L1,a-Keto-ValericAcid,J33237-L1_S155_L001_R1_001.fastq.gz,J33237-L1_S155_L001_R2_001.fastq.gz,Biolog_Plate&Well_PM2AE10
J33238-L1,ItaconicAcid,J33238-L1_S156_L001_R1_001.fastq.gz,J33238-L1_S156_L001_R2_001.fastq.gz,Biolog_Plate&Well_PM2AE11
J33239-L1,5-Keto-D-GluconicAcid,J33239-L1_S157_L001_R1_001.fastq.gz,J33239-L1_S157_L001_R2_001.fastq.gz,Biolog_Plate&Well_PM2AE12
J33240-L1,D-LacticAcidMethylEster,J33240-L1_S158_L001_R1_001.fastq.gz,J33240-L1_S158_L001_R2_001.fastq.gz,Biolog_Plate&Well_PM2AF1
J33241-L1,MalonicAcid,J33241-L1_S159_L001_R1_001.fastq.gz,J33241-L1_S159_L001_R2_001.fastq.gz,Biolog_Plate&Well_PM2AF2
J33242-L1,MelibionicAcid,J33242-L1_S160_L001_R1_001.fastq.gz,J33242-L1_S160_L001_R2_001.fastq.gz,Biolog_Plate&Well_PM2AF3
J33243-L1,OxalicAcid,J33243-L1_S161_L001_R1_001.fastq.gz,J33243-L1_S161_L001_R2_001.fastq.gz,Biolog_Plate&Well_PM2AF4
J33244-L1,OxalomalicAcid,J33244-L1_S162_L001_R1_001.fastq.gz,J33244-L1_S162_L001_R2_001.fastq.gz,Biolog_Plate&Well_PM2AF5
J33245-L1,QuinicAcid,J33245-L1_S163_L001_R1_001.fastq.gz,J33245-L1_S163_L001_R2_001.fastq.gz,Biolog_Plate&Well_PM2AF6
J33246-L1,"D-Ribone-1,4-Lactone",J33246-L1_S164_L001_R1_001.fastq.gz,J33246-L1_S164_L001_R2_001.fastq.gz,Biolog_Plate&Well_PM2AF7
J33248-L1,SorbicAcid,J33248-L1_S166_L001_R1_001.fastq.gz,J33248-L1_S166_L001_R2_001.fastq.gz,Biolog_Plate&Well_PM2AF9
J33249-L1,SuccinamicAcid,J33249-L1_S167_L001_R1_001.fastq.gz,J33249-L1_S167_L001_R2_001.fastq.gz,Biolog_Plate&Well_PM2AF10
J33250-L1,D-TartaricAcid,J33250-L1_S168_L001_R1_001.fastq.gz,J33250-L1_S168_L001_R2_001.fastq.gz,Biolog_Plate&Well_PM2AF11
J33251-L1,L-TartaricAcid,J33251-L1_S169_L001_R1_001.fastq.gz,J33251-L1_S169_L001_R2_001.fastq.gz,Biolog_Plate&Well_PM2AF12
J33252-L1,Acetamide,J33252-L1_S170_L001_R1_001.fastq.gz,J33252-L1_S170_L001_R2_001.fastq.gz,Biolog_Plate&Well_PM2AG1
J33253-L1,L-Alaninamide,J33253-L1_S171_L001_R1_001.fastq.gz,J33253-L1_S171_L001_R2_001.fastq.gz,Biolog_Plate&Well_PM2AG2
J33254-L1,N-Acetyl-L-GlutamicAcid,J33254-L1_S172_L001_R1_001.fastq.gz,J33254-L1_S172_L001_R2_001.fastq.gz,Biolog_Plate&Well_PM2AG3
J33255-L1,L-Arginine,J33255-L1_S173_L001_R1_001.fastq.gz,J33255-L1_S173_L001_R2_001.fastq.gz,Biolog_Plate&Well_PM2AG4
J33256-L1,Glycine,J33256-L1_S174_L001_R1_001.fastq.gz,J33256-L1_S174_L001_R2_001.fastq.gz,Biolog_Plate&Well_PM2AG5
J33257-L1,L-Histidine,J33257-L1_S175_L001_R1_001.fastq.gz,J33257-L1_S175_L001_R2_001.fastq.gz,Biolog_Plate&Well_PM2AG6
J33258-L1,L-Homoserine,J33258-L1_S176_L001_R1_001.fastq.gz,J33258-L1_S176_L001_R2_001.fastq.gz,Biolog_Plate&Well_PM2AG7
J33259-L1,Hydroxy-Lproline,J33259-L1_S177_L001_R1_001.fastq.gz,J33259-L1_S177_L001_R2_001.fastq.gz,Biolog_Plate&Well_PM2AG8
J33260-L1,L-Isoleucine,J33260-L1_S178_L001_R1_001.fastq.gz,J33260-L1_S178_L001_R2_001.fastq.gz,Biolog_Plate&Well_PM2AG9
J33261-L1,L-Leucine,J33261-L1_S179_L001_R1_001.fastq.gz,J33261-L1_S179_L001_R2_001.fastq.gz,Biolog_Plate&Well_PM2AG10
J33262-L1,L-Lysine,J33262-L1_S180_L001_R1_001.fastq.gz,J33262-L1_S180_L001_R2_001.fastq.gz,Biolog_Plate&Well_PM2AG11
J33263-L1,L-Methionine,J33263-L1_S181_L001_R1_001.fastq.gz,J33263-L1_S181_L001_R2_001.fastq.gz,Biolog_Plate&Well_PM2AG12
J33264-L1,L-Ornithine,J33264-L1_S182_L001_R1_001.fastq.gz,J33264-L1_S182_L001_R2_001.fastq.gz,Biolog_Plate&Well_PM2AH1
J33265-L1,L-Phenylalanine,J33265-L1_S183_L001_R1_001.fastq.gz,J33265-L1_S183_L001_R2_001.fastq.gz,Biolog_Plate&Well_PM2AH2
J33266-L1,L-PyroglutamicAcid,J33266-L1_S184_L001_R1_001.fastq.gz,J33266-L1_S184_L001_R2_001.fastq.gz,Biolog_Plate&Well_PM2AH3
J33267-L1,L-Valine,J33267-L1_S185_L001_R1_001.fastq.gz,J33267-L1_S185_L001_R2_001.fastq.gz,Biolog_Plate&Well_PM2AH4
J33268-L1,"D,L-Carnitine",J33268-L1_S186_L001_R1_001.fastq.gz,J33268-L1_S186_L001_R2_001.fastq.gz,Biolog_Plate&Well_PM2AH5
J33269-L1,Sec-Butylamine,J33269-L1_S187_L001_R1_001.fastq.gz,J33269-L1_S187_L001_R2_001.fastq.gz,Biolog_Plate&Well_PM2AH6
J33270-L1,"D,L-Octopamine",J33270-L1_S188_L001_R1_001.fastq.gz,J33270-L1_S188_L001_R2_001.fastq.gz,Biolog_Plate&Well_PM2AH7
J33271-L1,Putrescine,J33271-L1_S189_L001_R1_001.fastq.gz,J33271-L1_S189_L001_R2_001.fastq.gz,Biolog_Plate&Well_PM2AH8
J33272-L1,DihydroxyAcetone,J33272-L1_S190_L001_R1_001.fastq.gz,J33272-L1_S190_L001_R2_001.fastq.gz,Biolog_Plate&Well_PM2AH9
J33273-L1,"2,3-Butanediol",J33273-L1_S191_L001_R1_001.fastq.gz,J33273-L1_S191_L001_R2_001.fastq.gz,Biolog_Plate&Well_PM2AH10
J33276-L1,3-Hydroxy-2-Butanone,J33276-L1_S194_L001_R1_001.fastq.gz,J33276-L1_S194_L001_R2_001.fastq.gz,Biolog_Plate&Well_PM2AH12
J33277-L1,Control,J33277-L1_S195_L001_R1_001.fastq.gz,J33277-L1_S195_L001_R2_001.fastq.gz,Biolog_Plate&Well_PM3BA1
J33278-L1,Ammonia,J33278-L1_S196_L001_R1_001.fastq.gz,J33278-L1_S196_L001_R2_001.fastq.gz,Biolog_Plate&Well_PM3BA2
J33279-L1,Nitrite,J33279-L1_S197_L001_R1_001.fastq.gz,J33279-L1_S197_L001_R2_001.fastq.gz,Biolog_Plate&Well_PM3BA3
J33280-L1,Nitrate,J33280-L1_S198_L001_R1_001.fastq.gz,J33280-L1_S198_L001_R2_001.fastq.gz,Biolog_Plate&Well_PM3BA4
J33281-L1,Urea,J33281-L1_S199_L001_R1_001.fastq.gz,J33281-L1_S199_L001_R2_001.fastq.gz,Biolog_Plate&Well_PM3BA5
J33282-L1,Biuret,J33282-L1_S200_L001_R1_001.fastq.gz,J33282-L1_S200_L001_R2_001.fastq.gz,Biolog_Plate&Well_PM3BA6
J33283-L1,L-Alanine,J33283-L1_S201_L001_R1_001.fastq.gz,J33283-L1_S201_L001_R2_001.fastq.gz,Biolog_Plate&Well_PM3BA7
J33284-L1,L-Arginine,J33284-L1_S202_L001_R1_001.fastq.gz,J33284-L1_S202_L001_R2_001.fastq.gz,Biolog_Plate&Well_PM3BA8
J33285-L1,L-Asparagine,J33285-L1_S203_L001_R1_001.fastq.gz,J33285-L1_S203_L001_R2_001.fastq.gz,Biolog_Plate&Well_PM3BA9
J33286-L1,L-AsparticAcid,J33286-L1_S204_L001_R1_001.fastq.gz,J33286-L1_S204_L001_R2_001.fastq.gz,Biolog_Plate&Well_PM3BA10
J33287-L1,L-Cysteine,J33287-L1_S205_L001_R1_001.fastq.gz,J33287-L1_S205_L001_R2_001.fastq.gz,Biolog_Plate&Well_PM3BA11
J33288-L1,L-GlutamicAcid,J33288-L1_S206_L001_R1_001.fastq.gz,J33288-L1_S206_L001_R2_001.fastq.gz,Biolog_Plate&Well_PM3BA12
J33289-L1,L-Glutamine,J33289-L1_S207_L001_R1_001.fastq.gz,J33289-L1_S207_L001_R2_001.fastq.gz,Biolog_Plate&Well_PM3BB1
J33290-L1,Glycine,J33290-L1_S208_L001_R1_001.fastq.gz,J33290-L1_S208_L001_R2_001.fastq.gz,Biolog_Plate&Well_PM3BB2
J33291-L1,L-Histidine,J33291-L1_S209_L001_R1_001.fastq.gz,J33291-L1_S209_L001_R2_001.fastq.gz,Biolog_Plate&Well_PM3BB3
J33292-L1,L-Isoleucine,J33292-L1_S210_L001_R1_001.fastq.gz,J33292-L1_S210_L001_R2_001.fastq.gz,Biolog_Plate&Well_PM3BB4
J33293-L1,L-Leucine,J33293-L1_S211_L001_R1_001.fastq.gz,J33293-L1_S211_L001_R2_001.fastq.gz,Biolog_Plate&Well_PM3BB5
J33294-L1,L-Lysine,J33294-L1_S212_L001_R1_001.fastq.gz,J33294-L1_S212_L001_R2_001.fastq.gz,Biolog_Plate&Well_PM3BB6
J33295-L1,L-Methionine,J33295-L1_S213_L001_R1_001.fastq.gz,J33295-L1_S213_L001_R2_001.fastq.gz,Biolog_Plate&Well_PM3BB7
J33296-L1,L-Phenylalanine,J33296-L1_S214_L001_R1_001.fastq.gz,J33296-L1_S214_L001_R2_001.fastq.gz,Biolog_Plate&Well_PM3BB8
J33297-L1,L-Proline,J33297-L1_S215_L001_R1_001.fastq.gz,J33297-L1_S215_L001_R2_001.fastq.gz,Biolog_Plate&Well_PM3BB9
J33298-L1,L-Serine,J33298-L1_S216_L001_R1_001.fastq.gz,J33298-L1_S216_L001_R2_001.fastq.gz,Biolog_Plate&Well_PM3BB10
J33299-L1,L-Threonine,J33299-L1_S217_L001_R1_001.fastq.gz,J33299-L1_S217_L001_R2_001.fastq.gz,Biolog_Plate&Well_PM3BB11
J33300-L1,L-Tryptophan,J33300-L1_S218_L001_R1_001.fastq.gz,J33300-L1_S218_L001_R2_001.fastq.gz,Biolog_Plate&Well_PM3BB12
J33301-L1,L-Tyrosine,J33301-L1_S219_L001_R1_001.fastq.gz,J33301-L1_S219_L001_R2_001.fastq.gz,Biolog_Plate&Well_PM3BC1
J33302-L1,L-Valine,J33302-L1_S220_L001_R1_001.fastq.gz,J33302-L1_S220_L001_R2_001.fastq.gz,Biolog_Plate&Well_PM3BC2
J33303-L1,D-Alanine,J33303-L1_S221_L001_R1_001.fastq.gz,J33303-L1_S221_L001_R2_001.fastq.gz,Biolog_Plate&Well_PM3BC3
J33304-L1,D-Asparagine,J33304-L1_S222_L001_R1_001.fastq.gz,J33304-L1_S222_L001_R2_001.fastq.gz,Biolog_Plate&Well_PM3BC4
J33305-L1,D-AsparticAcid,J33305-L1_S223_L001_R1_001.fastq.gz,J33305-L1_S223_L001_R2_001.fastq.gz,Biolog_Plate&Well_PM3BC5
J33306-L1,D-GlutamicAcid,J33306-L1_S224_L001_R1_001.fastq.gz,J33306-L1_S224_L001_R2_001.fastq.gz,Biolog_Plate&Well_PM3BC6
J33307-L1,D-Lysine,J33307-L1_S225_L001_R1_001.fastq.gz,J33307-L1_S225_L001_R2_001.fastq.gz,Biolog_Plate&Well_PM3BC7
J33308-L1,D-Serine,J33308-L1_S226_L001_R1_001.fastq.gz,J33308-L1_S226_L001_R2_001.fastq.gz,Biolog_Plate&Well_PM3BC8
J33309-L1,D-Valine,J33309-L1_S227_L001_R1_001.fastq.gz,J33309-L1_S227_L001_R2_001.fastq.gz,Biolog_Plate&Well_PM3BC9
J33310-L1,L-Citrulline,J33310-L1_S228_L001_R1_001.fastq.gz,J33310-L1_S228_L001_R2_001.fastq.gz,Biolog_Plate&Well_PM3BC10
J33311-L1,L-Homoserine,J33311-L1_S229_L001_R1_001.fastq.gz,J33311-L1_S229_L001_R2_001.fastq.gz,Biolog_Plate&Well_PM3BC11
J33312-L1,L-Ornithine,J33312-L1_S230_L001_R1_001.fastq.gz,J33312-L1_S230_L001_R2_001.fastq.gz,Biolog_Plate&Well_PM3BC12
J33313-L1,N-Acetyl-LGlutamicAcid,J33313-L1_S231_L001_R1_001.fastq.gz,J33313-L1_S231_L001_R2_001.fastq.gz,Biolog_Plate&Well_PM3BD1
J33314-L1,N-Phthaloyl-LGlutamicAcid,J33314-L1_S232_L001_R1_001.fastq.gz,J33314-L1_S232_L001_R2_001.fastq.gz,Biolog_Plate&Well_PM3BD2
J33315-L1,L-PyroglutamicAcid,J33315-L1_S233_L001_R1_001.fastq.gz,J33315-L1_S233_L001_R2_001.fastq.gz,Biolog_Plate&Well_PM3BD3
J33316-L1,Hydroxylamine,J33316-L1_S234_L001_R1_001.fastq.gz,J33316-L1_S234_L001_R2_001.fastq.gz,Biolog_Plate&Well_PM3BD4
J33317-L1,Methylamine,J33317-L1_S235_L001_R1_001.fastq.gz,J33317-L1_S235_L001_R2_001.fastq.gz,Biolog_Plate&Well_PM3BD5
J33318-L1,N-Amylamine,J33318-L1_S236_L001_R1_001.fastq.gz,J33318-L1_S236_L001_R2_001.fastq.gz,Biolog_Plate&Well_PM3BD6
J33319-L1,N-Butylamine,J33319-L1_S237_L001_R1_001.fastq.gz,J33319-L1_S237_L001_R2_001.fastq.gz,Biolog_Plate&Well_PM3BD7
J33320-L1,Ethylamine,J33320-L1_S238_L001_R1_001.fastq.gz,J33320-L1_S238_L001_R2_001.fastq.gz,Biolog_Plate&Well_PM3BD8
J33321-L1,Ethanolamine,J33321-L1_S239_L001_R1_001.fastq.gz,J33321-L1_S239_L001_R2_001.fastq.gz,Biolog_Plate&Well_PM3BD9
J33322-L1,Ethylenediamine,J33322-L1_S240_L001_R1_001.fastq.gz,J33322-L1_S240_L001_R2_001.fastq.gz,Biolog_Plate&Well_PM3BD10
J33323-L1,Putrescine,J33323-L1_S241_L001_R1_001.fastq.gz,J33323-L1_S241_L001_R2_001.fastq.gz,Biolog_Plate&Well_PM3BD11
J33324-L1,Agmatine,J33324-L1_S242_L001_R1_001.fastq.gz,J33324-L1_S242_L001_R2_001.fastq.gz,Biolog_Plate&Well_PM3BD12
J33325-L1,Histamine,J33325-L1_S243_L001_R1_001.fastq.gz,J33325-L1_S243_L001_R2_001.fastq.gz,Biolog_Plate&Well_PM3BE1
J33326-L1,?-Phenylethyl-amine,J33326-L1_S244_L001_R1_001.fastq.gz,J33326-L1_S244_L001_R2_001.fastq.gz,Biolog_Plate&Well_PM3BE2
J33327-L1,Tyramine,J33327-L1_S245_L001_R1_001.fastq.gz,J33327-L1_S245_L001_R2_001.fastq.gz,Biolog_Plate&Well_PM3BE3
J33328-L1,Acetamide,J33328-L1_S246_L001_R1_001.fastq.gz,J33328-L1_S246_L001_R2_001.fastq.gz,Biolog_Plate&Well_PM3BE4
J33329-L1,Formamide,J33329-L1_S247_L001_R1_001.fastq.gz,J33329-L1_S247_L001_R2_001.fastq.gz,Biolog_Plate&Well_PM3BE5
J33330-L1,Glucuronamide,J33330-L1_S248_L001_R1_001.fastq.gz,J33330-L1_S248_L001_R2_001.fastq.gz,Biolog_Plate&Well_PM3BE6
J33331-L1,"D,L-Lactamide",J33331-L1_S249_L001_R1_001.fastq.gz,J33331-L1_S249_L001_R2_001.fastq.gz,Biolog_Plate&Well_PM3BE7
J33332-L1,D-Glucosamine,J33332-L1_S250_L001_R1_001.fastq.gz,J33332-L1_S250_L001_R2_001.fastq.gz,Biolog_Plate&Well_PM3BE8
J33333-L1,D-Galactosamine,J33333-L1_S251_L001_R1_001.fastq.gz,J33333-L1_S251_L001_R2_001.fastq.gz,Biolog_Plate&Well_PM3BE9
J33334-L1,D-Mannosamine,J33334-L1_S252_L001_R1_001.fastq.gz,J33334-L1_S252_L001_R2_001.fastq.gz,Biolog_Plate&Well_PM3BE10
J33335-L1,N-Acetyl-DGlucosamine,J33335-L1_S253_L001_R1_001.fastq.gz,J33335-L1_S253_L001_R2_001.fastq.gz,Biolog_Plate&Well_PM3BE11
J33336-L1,N-Acetyl-DGalactosamine,J33336-L1_S254_L001_R1_001.fastq.gz,J33336-L1_S254_L001_R2_001.fastq.gz,Biolog_Plate&Well_PM3BE12
J33337-L1,N-Acetyl-DMannosamine,J33337-L1_S255_L001_R1_001.fastq.gz,J33337-L1_S255_L001_R2_001.fastq.gz,Biolog_Plate&Well_PM3BF1
J33338-L1,Adenine,J33338-L1_S256_L001_R1_001.fastq.gz,J33338-L1_S256_L001_R2_001.fastq.gz,Biolog_Plate&Well_PM3BF2
J33339-L1,Adenosine,J33339-L1_S257_L001_R1_001.fastq.gz,J33339-L1_S257_L001_R2_001.fastq.gz,Biolog_Plate&Well_PM3BF3
J33340-L1,Cytidine,J33340-L1_S258_L001_R1_001.fastq.gz,J33340-L1_S258_L001_R2_001.fastq.gz,Biolog_Plate&Well_PM3BF4
J33341-L1,Cytosine,J33341-L1_S259_L001_R1_001.fastq.gz,J33341-L1_S259_L001_R2_001.fastq.gz,Biolog_Plate&Well_PM3BF5
J33342-L1,Guanine,J33342-L1_S260_L001_R1_001.fastq.gz,J33342-L1_S260_L001_R2_001.fastq.gz,Biolog_Plate&Well_PM3BF6
J33343-L1,Guanosine,J33343-L1_S261_L001_R1_001.fastq.gz,J33343-L1_S261_L001_R2_001.fastq.gz,Biolog_Plate&Well_PM3BF7
J33344-L1,Thymine,J33344-L1_S262_L001_R1_001.fastq.gz,J33344-L1_S262_L001_R2_001.fastq.gz,Biolog_Plate&Well_PM3BF8
J33345-L1,Thymidine,J33345-L1_S263_L001_R1_001.fastq.gz,J33345-L1_S263_L001_R2_001.fastq.gz,Biolog_Plate&Well_PM3BF9
J33346-L1,Uracil,J33346-L1_S264_L001_R1_001.fastq.gz,J33346-L1_S264_L001_R2_001.fastq.gz,Biolog_Plate&Well_PM3BF10
J33347-L1,Uridine,J33347-L1_S265_L001_R1_001.fastq.gz,J33347-L1_S265_L001_R2_001.fastq.gz,Biolog_Plate&Well_PM3BF11
J33348-L1,Inosine,J33348-L1_S266_L001_R1_001.fastq.gz,J33348-L1_S266_L001_R2_001.fastq.gz,Biolog_Plate&Well_PM3BF12
J33349-L1,Xanthine,J33349-L1_S267_L001_R1_001.fastq.gz,J33349-L1_S267_L001_R2_001.fastq.gz,Biolog_Plate&Well_PM3BG1
J33350-L1,Xanthosine,J33350-L1_S268_L001_R1_001.fastq.gz,J33350-L1_S268_L001_R2_001.fastq.gz,Biolog_Plate&Well_PM3BG2
J33351-L1,UricAcid,J33351-L1_S269_L001_R1_001.fastq.gz,J33351-L1_S269_L001_R2_001.fastq.gz,Biolog_Plate&Well_PM3BG3
J33352-L1,Alloxan,J33352-L1_S270_L001_R1_001.fastq.gz,J33352-L1_S270_L001_R2_001.fastq.gz,Biolog_Plate&Well_PM3BG4
J33353-L1,Allantoin,J33353-L1_S271_L001_R1_001.fastq.gz,J33353-L1_S271_L001_R2_001.fastq.gz,Biolog_Plate&Well_PM3BG5
J33354-L1,ParabanicAcid,J33354-L1_S272_L001_R1_001.fastq.gz,J33354-L1_S272_L001_R2_001.fastq.gz,Biolog_Plate&Well_PM3BG6
J33355-L1,"D,L-?-Amino-NButyricAcid",J33355-L1_S273_L001_R1_001.fastq.gz,J33355-L1_S273_L001_R2_001.fastq.gz,Biolog_Plate&Well_PM3BG7
J33356-L1,?-Amino-NButyricAcid,J33356-L1_S274_L001_R1_001.fastq.gz,J33356-L1_S274_L001_R2_001.fastq.gz,Biolog_Plate&Well_PM3BG8
J33357-L1,?-Amino-NCaproicAcid,J33357-L1_S275_L001_R1_001.fastq.gz,J33357-L1_S275_L001_R2_001.fastq.gz,Biolog_Plate&Well_PM3BG9
J33358-L1,"D,L-?-Amino-CaprylicAcid",J33358-L1_S276_L001_R1_001.fastq.gz,J33358-L1_S276_L001_R2_001.fastq.gz,Biolog_Plate&Well_PM3BG10
J33359-L1,?-Amino-NValericAcid,J33359-L1_S277_L001_R1_001.fastq.gz,J33359-L1_S277_L001_R2_001.fastq.gz,Biolog_Plate&Well_PM3BG11
J33360-L1,?-Amino-NValericAcid,J33360-L1_S278_L001_R1_001.fastq.gz,J33360-L1_S278_L001_R2_001.fastq.gz,Biolog_Plate&Well_PM3BG12
J33361-L1,Ala-Asp,J33361-L1_S279_L001_R1_001.fastq.gz,J33361-L1_S279_L001_R2_001.fastq.gz,Biolog_Plate&Well_PM3BH1
J33362-L1,Ala-Gln,J33362-L1_S280_L001_R1_001.fastq.gz,J33362-L1_S280_L001_R2_001.fastq.gz,Biolog_Plate&Well_PM3BH2
J33363-L1,Ala-Glu,J33363-L1_S281_L001_R1_001.fastq.gz,J33363-L1_S281_L001_R2_001.fastq.gz,Biolog_Plate&Well_PM3BH3
J33364-L1,Ala-Gly,J33364-L1_S282_L001_R1_001.fastq.gz,J33364-L1_S282_L001_R2_001.fastq.gz,Biolog_Plate&Well_PM3BH4
J33365-L1,Ala-His,J33365-L1_S283_L001_R1_001.fastq.gz,J33365-L1_S283_L001_R2_001.fastq.gz,Biolog_Plate&Well_PM3BH5
J33366-L1,Ala-Leu,J33366-L1_S284_L001_R1_001.fastq.gz,J33366-L1_S284_L001_R2_001.fastq.gz,Biolog_Plate&Well_PM3BH6
J33367-L1,Ala-Thr,J33367-L1_S285_L001_R1_001.fastq.gz,J33367-L1_S285_L001_R2_001.fastq.gz,Biolog_Plate&Well_PM3BH7
J33368-L1,Gly-Asn,J33368-L1_S286_L001_R1_001.fastq.gz,J33368-L1_S286_L001_R2_001.fastq.gz,Biolog_Plate&Well_PM3BH8
J33369-L1,Gly-Gln,J33369-L1_S287_L001_R1_001.fastq.gz,J33369-L1_S287_L001_R2_001.fastq.gz,Biolog_Plate&Well_PM3BH9
J33371-L1,Gly-Glu,J33371-L1_S289_L001_R1_001.fastq.gz,J33371-L1_S289_L001_R2_001.fastq.gz,Biolog_Plate&Well_PM3BH10
J33372-L1,Gly-Met,J33372-L1_S290_L001_R1_001.fastq.gz,J33372-L1_S290_L001_R2_001.fastq.gz,Biolog_Plate&Well_PM3BH11
J33373-L1,Met-Ala,J33373-L1_S291_L001_R1_001.fastq.gz,J33373-L1_S291_L001_R2_001.fastq.gz,Biolog_Plate&Well_PM3BH12
J33374-L1,Control,J33374-L1_S292_L001_R1_001.fastq.gz,J33374-L1_S292_L001_R2_001.fastq.gz,Biolog_Plate&Well_PM4AA1
J33375-L1,Phosphate,J33375-L1_S293_L001_R1_001.fastq.gz,J33375-L1_S293_L001_R2_001.fastq.gz,Biolog_Plate&Well_PM4AA2
J33376-L1,Pyrophosphate,J33376-L1_S294_L001_R1_001.fastq.gz,J33376-L1_S294_L001_R2_001.fastq.gz,Biolog_Plate&Well_PM4AA3
J33377-L1,TrimetaPhosphate,J33377-L1_S295_L001_R1_001.fastq.gz,J33377-L1_S295_L001_R2_001.fastq.gz,Biolog_Plate&Well_PM4AA4
J33378-L1,TripolyPhosphate,J33378-L1_S296_L001_R1_001.fastq.gz,J33378-L1_S296_L001_R2_001.fastq.gz,Biolog_Plate&Well_PM4AA5
J33379-L1,TriethylPhosphate,J33379-L1_S297_L001_R1_001.fastq.gz,J33379-L1_S297_L001_R2_001.fastq.gz,Biolog_Plate&Well_PM4AA6
J33380-L1,Hypophosphite,J33380-L1_S298_L001_R1_001.fastq.gz,J33380-L1_S298_L001_R2_001.fastq.gz,Biolog_Plate&Well_PM4AA7
J33381-L1,Adenosine-2’-monophosphate,J33381-L1_S299_L001_R1_001.fastq.gz,J33381-L1_S299_L001_R2_001.fastq.gz,Biolog_Plate&Well_PM4AA8
J33382-L1,Adenosine-3’-monophosphate,J33382-L1_S300_L001_R1_001.fastq.gz,J33382-L1_S300_L001_R2_001.fastq.gz,Biolog_Plate&Well_PM4AA9
J33383-L1,Adenosine-5’-monophosphate,J33383-L1_S301_L001_R1_001.fastq.gz,J33383-L1_S301_L001_R2_001.fastq.gz,Biolog_Plate&Well_PM4AA10
J33384-L1,"Adenosine-2’,3’-cyclicmonophosphate",J33384-L1_S302_L001_R1_001.fastq.gz,J33384-L1_S302_L001_R2_001.fastq.gz,Biolog_Plate&Well_PM4AA11
J33385-L1,"Adenosine-3’,5’-cyclicmonophosphate",J33385-L1_S303_L001_R1_001.fastq.gz,J33385-L1_S303_L001_R2_001.fastq.gz,Biolog_Plate&Well_PM4AA12
J33386-L1,Thiophosphate,J33386-L1_S304_L001_R1_001.fastq.gz,J33386-L1_S304_L001_R2_001.fastq.gz,Biolog_Plate&Well_PM4AB1
J33387-L1,Dithiophosphate,J33387-L1_S305_L001_R1_001.fastq.gz,J33387-L1_S305_L001_R2_001.fastq.gz,Biolog_Plate&Well_PM4AB2
J33388-L1,"D,L-?-GlycerolPhosphate",J33388-L1_S306_L001_R1_001.fastq.gz,J33388-L1_S306_L001_R2_001.fastq.gz,Biolog_Plate&Well_PM4AB3
J33389-L1,ß-GlycerolPhosphate,J33389-L1_S307_L001_R1_001.fastq.gz,J33389-L1_S307_L001_R2_001.fastq.gz,Biolog_Plate&Well_PM4AB4
J33390-L1,CarbamylPhosphate,J33390-L1_S308_L001_R1_001.fastq.gz,J33390-L1_S308_L001_R2_001.fastq.gz,Biolog_Plate&Well_PM4AB5
J33391-L1,D-2-Phospho-GlycericAcid,J33391-L1_S309_L001_R1_001.fastq.gz,J33391-L1_S309_L001_R2_001.fastq.gz,Biolog_Plate&Well_PM4AB6
J33392-L1,D-3-Phospho-GlycericAcid,J33392-L1_S310_L001_R1_001.fastq.gz,J33392-L1_S310_L001_R2_001.fastq.gz,Biolog_Plate&Well_PM4AB7
J33393-L1,Guanosine-2’-monophosphate,J33393-L1_S311_L001_R1_001.fastq.gz,J33393-L1_S311_L001_R2_001.fastq.gz,Biolog_Plate&Well_PM4AB8
J33394-L1,Guanosine-3’-monophosphate,J33394-L1_S312_L001_R1_001.fastq.gz,J33394-L1_S312_L001_R2_001.fastq.gz,Biolog_Plate&Well_PM4AB9
J33395-L1,Guanosine-5’-monophosphate,J33395-L1_S313_L001_R1_001.fastq.gz,J33395-L1_S313_L001_R2_001.fastq.gz,Biolog_Plate&Well_PM4AB10
J33396-L1,"Guanosine-2’,3’-cyclicmonophosphate",J33396-L1_S314_L001_R1_001.fastq.gz,J33396-L1_S314_L001_R2_001.fastq.gz,Biolog_Plate&Well_PM4AB11
J33397-L1,"Guanosine-3’,5’-cyclicmonophosphate",J33397-L1_S315_L001_R1_001.fastq.gz,J33397-L1_S315_L001_R2_001.fastq.gz,Biolog_Plate&Well_PM4AB12
J33398-L1,PhosphoenolPyruvate,J33398-L1_S316_L001_R1_001.fastq.gz,J33398-L1_S316_L001_R2_001.fastq.gz,Biolog_Plate&Well_PM4AC1
J33399-L1,Phospho-GlycolicAcid,J33399-L1_S317_L001_R1_001.fastq.gz,J33399-L1_S317_L001_R2_001.fastq.gz,Biolog_Plate&Well_PM4AC2
J33400-L1,D-Glucose-1-Phosphate,J33400-L1_S318_L001_R1_001.fastq.gz,J33400-L1_S318_L001_R2_001.fastq.gz,Biolog_Plate&Well_PM4AC3
J33401-L1,D-Glucose-6-Phosphate,J33401-L1_S319_L001_R1_001.fastq.gz,J33401-L1_S319_L001_R2_001.fastq.gz,Biolog_Plate&Well_PM4AC4
J33402-L1,2-Deoxy-D-Glucose-6-Phosphate,J33402-L1_S320_L001_R1_001.fastq.gz,J33402-L1_S320_L001_R2_001.fastq.gz,Biolog_Plate&Well_PM4AC5
J33403-L1,D-Glucosamine-6-Phosphate,J33403-L1_S321_L001_R1_001.fastq.gz,J33403-L1_S321_L001_R2_001.fastq.gz,Biolog_Plate&Well_PM4AC6
J33404-L1,6-Phospho-GluconicAcid,J33404-L1_S322_L001_R1_001.fastq.gz,J33404-L1_S322_L001_R2_001.fastq.gz,Biolog_Plate&Well_PM4AC7
J33405-L1,Cytidine-2-monophosphate,J33405-L1_S323_L001_R1_001.fastq.gz,J33405-L1_S323_L001_R2_001.fastq.gz,Biolog_Plate&Well_PM4AC8
J33406-L1,Cytidine-3-monophosphate,J33406-L1_S324_L001_R1_001.fastq.gz,J33406-L1_S324_L001_R2_001.fastq.gz,Biolog_Plate&Well_PM4AC9
J33407-L1,Cytidine-5’-monophosphate,J33407-L1_S325_L001_R1_001.fastq.gz,J33407-L1_S325_L001_R2_001.fastq.gz,Biolog_Plate&Well_PM4AC10
J33408-L1,"Cytidine-2’,3’-cyclicmonophosphate",J33408-L1_S326_L001_R1_001.fastq.gz,J33408-L1_S326_L001_R2_001.fastq.gz,Biolog_Plate&Well_PM4AC11
J33409-L1,"Cytidine-3’,5’-cyclicmonophosphate",J33409-L1_S327_L001_R1_001.fastq.gz,J33409-L1_S327_L001_R2_001.fastq.gz,Biolog_Plate&Well_PM4AC12
J33410-L1,D-Mannose-1-Phosphate,J33410-L1_S328_L001_R1_001.fastq.gz,J33410-L1_S328_L001_R2_001.fastq.gz,Biolog_Plate&Well_PM4AD1
J33411-L1,D-Mannose-6-Phosphate,J33411-L1_S329_L001_R1_001.fastq.gz,J33411-L1_S329_L001_R2_001.fastq.gz,Biolog_Plate&Well_PM4AD2
J33412-L1,Cysteamine-S-Phosphate,J33412-L1_S330_L001_R1_001.fastq.gz,J33412-L1_S330_L001_R2_001.fastq.gz,Biolog_Plate&Well_PM4AD3
J33413-L1,Phospho-L-Arginine,J33413-L1_S331_L001_R1_001.fastq.gz,J33413-L1_S331_L001_R2_001.fastq.gz,Biolog_Plate&Well_PM4AD4
J33414-L1,O-Phospho-D-Serine,J33414-L1_S332_L001_R1_001.fastq.gz,J33414-L1_S332_L001_R2_001.fastq.gz,Biolog_Plate&Well_PM4AD5
J33415-L1,O-Phospho-L-Serine,J33415-L1_S333_L001_R1_001.fastq.gz,J33415-L1_S333_L001_R2_001.fastq.gz,Biolog_Plate&Well_PM4AD6
J33416-L1,O-Phospho-L-Threonine,J33416-L1_S334_L001_R1_001.fastq.gz,J33416-L1_S334_L001_R2_001.fastq.gz,Biolog_Plate&Well_PM4AD7
J33417-L1,Uridine-2’-monophosphate,J33417-L1_S335_L001_R1_001.fastq.gz,J33417-L1_S335_L001_R2_001.fastq.gz,Biolog_Plate&Well_PM4AD8
J33418-L1,Uridine-3’-monophosphate,J33418-L1_S336_L001_R1_001.fastq.gz,J33418-L1_S336_L001_R2_001.fastq.gz,Biolog_Plate&Well_PM4AD9
J33419-L1,Uridine-5’-monophosphate,J33419-L1_S337_L001_R1_001.fastq.gz,J33419-L1_S337_L001_R2_001.fastq.gz,Biolog_Plate&Well_PM4AD10
J33420-L1,"Uridine-2’,3’-cyclicmonophosphate",J33420-L1_S338_L001_R1_001.fastq.gz,J33420-L1_S338_L001_R2_001.fastq.gz,Biolog_Plate&Well_PM4AD11
J33421-L1,"Uridine-3’,5’-cyclicmonophosphate",J33421-L1_S339_L001_R1_001.fastq.gz,J33421-L1_S339_L001_R2_001.fastq.gz,Biolog_Plate&Well_PM4AD12
J33422-L1,O-Phospho-DTyrosine,J33422-L1_S340_L001_R1_001.fastq.gz,J33422-L1_S340_L001_R2_001.fastq.gz,Biolog_Plate&Well_PM4AE1
J33423-L1,O-Phospho-LTyrosine,J33423-L1_S341_L001_R1_001.fastq.gz,J33423-L1_S341_L001_R2_001.fastq.gz,Biolog_Plate&Well_PM4AE2
J33424-L1,Phosphocreatin,J33424-L1_S342_L001_R1_001.fastq.gz,J33424-L1_S342_L001_R2_001.fastq.gz,Biolog_Plate&Well_PM4AE3
J33425-L1,PhosphorylCholine,J33425-L1_S343_L001_R1_001.fastq.gz,J33425-L1_S343_L001_R2_001.fastq.gz,Biolog_Plate&Well_PM4AE4
J39579-L1,O-PhosphorylEthanolamin,J39579-L1_S1_L001_R1_001.fastq.gz,J39579-L1_S1_L001_R2_001.fastq.gz,Biolog_Plate&Well_PM4AE5
J39580-L1,Phosphono Acetic Acid,J39580-L1_S2_L001_R1_001.fastq.gz,J39580-L1_S2_L001_R2_001.fastq.gz,Biolog_Plate&Well_PM4AE6
J39581-L1,2-Aminoethyl Phosphonic Acid,J39581-L1_S3_L001_R1_001.fastq.gz,J39581-L1_S3_L001_R2_001.fastq.gz,Biolog_Plate&Well_PM4AE7
J39582-L1,Methylene Diphosphonic Acid,J39582-L1_S4_L001_R1_001.fastq.gz,J39582-L1_S4_L001_R2_001.fastq.gz,Biolog_Plate&Well_PM4AE8
J39583-L1,Thymidine-3’- monophosphate,J39583-L1_S5_L001_R1_001.fastq.gz,J39583-L1_S5_L001_R2_001.fastq.gz,Biolog_Plate&Well_PM4AE9
J39584-L1,Thymidine-5’- monophosphate,J39584-L1_S6_L001_R1_001.fastq.gz,J39584-L1_S6_L001_R2_001.fastq.gz,Biolog_Plate&Well_PM4AE10
J39585-L1,Inositol Hexaphosphate,J39585-L1_S7_L001_R1_001.fastq.gz,J39585-L1_S7_L001_R2_001.fastq.gz,Biolog_Plate&Well_PM4AE11
J39586-L1,"Thymidine 3’,5’- cyclic monophosphate",J39586-L1_S8_L001_R1_001.fastq.gz,J39586-L1_S8_L001_R2_001.fastq.gz,Biolog_Plate&Well_PM4AE12
J39587-L1,Control,J39587-L1_S9_L001_R1_001.fastq.gz,J39587-L1_S9_L001_R2_001.fastq.gz,Biolog_Plate&Well_PM4AF1
J39588-L1,Sulfate,J39588-L1_S10_L001_R1_001.fastq.gz,J39588-L1_S10_L001_R2_001.fastq.gz,Biolog_Plate&Well_PM4AF2
J39589-L1,Thiosulfate,J39589-L1_S11_L001_R1_001.fastq.gz,J39589-L1_S11_L001_R2_001.fastq.gz,Biolog_Plate&Well_PM4AF3
J39590-L1,T etrathionate,J39590-L1_S12_L001_R1_001.fastq.gz,J39590-L1_S12_L001_R2_001.fastq.gz,Biolog_Plate&Well_PM4AF4
J39591-L1,Thiophosphate,J39591-L1_S13_L001_R1_001.fastq.gz,J39591-L1_S13_L001_R2_001.fastq.gz,Biolog_Plate&Well_PM4AF5
J39592-L1,Dithiophosphate,J39592-L1_S14_L001_R1_001.fastq.gz,J39592-L1_S14_L001_R2_001.fastq.gz,Biolog_Plate&Well_PM4AF6
J39593-L1,L-Cysteine,J39593-L1_S15_L001_R1_001.fastq.gz,J39593-L1_S15_L001_R2_001.fastq.gz,Biolog_Plate&Well_PM4AF7
J39594-L1,D-Cysteine,J39594-L1_S16_L001_R1_001.fastq.gz,J39594-L1_S16_L001_R2_001.fastq.gz,Biolog_Plate&Well_PM4AF8
J39595-L1,L-Cysteinyl- Glycine,J39595-L1_S17_L001_R1_001.fastq.gz,J39595-L1_S17_L001_R2_001.fastq.gz,Biolog_Plate&Well_PM4AF9
J39596-L1,L-Cysteic Acid,J39596-L1_S18_L001_R1_001.fastq.gz,J39596-L1_S18_L001_R2_001.fastq.gz,Biolog_Plate&Well_PM4AF10
J39597-L1,Cysteamine,J39597-L1_S19_L001_R1_001.fastq.gz,J39597-L1_S19_L001_R2_001.fastq.gz,Biolog_Plate&Well_PM4AF11
J39598-L1,L-Cysteine Sulfinic Acid,J39598-L1_S20_L001_R1_001.fastq.gz,J39598-L1_S20_L001_R2_001.fastq.gz,Biolog_Plate&Well_PM4AF12
J39599-L1,N-Acetyl-L- Cysteine,J39599-L1_S21_L001_R1_001.fastq.gz,J39599-L1_S21_L001_R2_001.fastq.gz,Biolog_Plate&Well_PM4AG1
J39600-L1,S-Methyl-L- Cysteine,J39600-L1_S22_L001_R1_001.fastq.gz,J39600-L1_S22_L001_R2_001.fastq.gz,Biolog_Plate&Well_PM4AG2
J39601-L1,Cystathionine,J39601-L1_S23_L001_R1_001.fastq.gz,J39601-L1_S23_L001_R2_001.fastq.gz,Biolog_Plate&Well_PM4AG3
J39602-L1,Lanthionine,J39602-L1_S24_L001_R1_001.fastq.gz,J39602-L1_S24_L001_R2_001.fastq.gz,Biolog_Plate&Well_PM4AG4
J39603-L1,Glutathione,J39603-L1_S25_L001_R1_001.fastq.gz,J39603-L1_S25_L001_R2_001.fastq.gz,Biolog_Plate&Well_PM4AG5
J39604-L1,"D,L-Ethionine",J39604-L1_S26_L001_R1_001.fastq.gz,J39604-L1_S26_L001_R2_001.fastq.gz,Biolog_Plate&Well_PM4AG6
J39605-L1,L-Methionine,J39605-L1_S27_L001_R1_001.fastq.gz,J39605-L1_S27_L001_R2_001.fastq.gz,Biolog_Plate&Well_PM4AG7
J39606-L1,D-Methionine,J39606-L1_S28_L001_R1_001.fastq.gz,J39606-L1_S28_L001_R2_001.fastq.gz,Biolog_Plate&Well_PM4AG8
J39607-L1,Glycyl-L- Methionine,J39607-L1_S29_L001_R1_001.fastq.gz,J39607-L1_S29_L001_R2_001.fastq.gz,Biolog_Plate&Well_PM4AG9
J39608-L1,"N-Acetyl-D,L- Methionine",J39608-L1_S30_L001_R1_001.fastq.gz,J39608-L1_S30_L001_R2_001.fastq.gz,Biolog_Plate&Well_PM4AG10
J39609-L1,L-Methionine Sulfoxide,J39609-L1_S31_L001_R1_001.fastq.gz,J39609-L1_S31_L001_R2_001.fastq.gz,Biolog_Plate&Well_PM4AG11
J39610-L1,L-Methionine Sulfone,J39610-L1_S32_L001_R1_001.fastq.gz,J39610-L1_S32_L001_R2_001.fastq.gz,Biolog_Plate&Well_PM4AG12
J39611-L1,L-Djenkolic Acid,J39611-L1_S33_L001_R1_001.fastq.gz,J39611-L1_S33_L001_R2_001.fastq.gz,Biolog_Plate&Well_PM4AH1
J39612-L1,Thiourea,J39612-L1_S34_L001_R1_001.fastq.gz,J39612-L1_S34_L001_R2_001.fastq.gz,Biolog_Plate&Well_PM4AH2
J39613-L1,1-Thio--DGlucose,J39613-L1_S35_L001_R1_001.fastq.gz,J39613-L1_S35_L001_R2_001.fastq.gz,Biolog_Plate&Well_PM4AH3
J39614-L1,"D,L-Lipoamide",J39614-L1_S36_L001_R1_001.fastq.gz,J39614-L1_S36_L001_R2_001.fastq.gz,Biolog_Plate&Well_PM4AH4
J39615-L1,Taurocholic acid,J39615-L1_S37_L001_R1_001.fastq.gz,J39615-L1_S37_L001_R2_001.fastq.gz,Biolog_Plate&Well_PM4AH5
J39616-L1,Taurine,J39616-L1_S38_L001_R1_001.fastq.gz,J39616-L1_S38_L001_R2_001.fastq.gz,Biolog_Plate&Well_PM4AH6
J39617-L1,Hypotaurine,J39617-L1_S39_L001_R1_001.fastq.gz,J39617-L1_S39_L001_R2_001.fastq.gz,Biolog_Plate&Well_PM4AH7
J39618-L1,p-Amino Benzene Sulfonic Acid,J39618-L1_S40_L001_R1_001.fastq.gz,J39618-L1_S40_L001_R2_001.fastq.gz,Biolog_Plate&Well_PM4AH8
J39619-L1,L-Galactonic Acid-?-Lactone,J39619-L1_S41_L001_R1_001.fastq.gz,J39619-L1_S41_L001_R2_001.fastq.gz,Biolog_Plate&Well_PM4AH9
J39620-L1,D-Galacturonic Acid,J39620-L1_S42_L001_R1_001.fastq.gz,J39620-L1_S42_L001_R2_001.fastq.gz,Biolog_Plate&Well_PM4AH10
J39621-L1,Phenylethyl- amine,J39621-L1_S43_L001_R1_001.fastq.gz,J39621-L1_S43_L001_R2_001.fastq.gz,Biolog_Plate&Well_PM4AH11
J39622-L1,2-Aminoethanol,J39622-L1_S44_L001_R1_001.fastq.gz,J39622-L1_S44_L001_R2_001.fastq.gz,Biolog_Plate&Well_PM4AH12
J39623-L1,Control,J39623-L1_S45_L001_R1_001.fastq.gz,J39623-L1_S45_L001_R2_001.fastq.gz,Biolog_Plate&Well_PM1A1
J39624-L1,L-Arabinose,J39624-L1_S46_L001_R1_001.fastq.gz,J39624-L1_S46_L001_R2_001.fastq.gz,Biolog_Plate&Well_PM1A2
J39625-L1,N-Acetyl-DGlucosamine,J39625-L1_S47_L001_R1_001.fastq.gz,J39625-L1_S47_L001_R2_001.fastq.gz,Biolog_Plate&Well_PM1A3
J39626-L1,D-SaccharicAcid,J39626-L1_S48_L001_R1_001.fastq.gz,J39626-L1_S48_L001_R2_001.fastq.gz,Biolog_Plate&Well_PM1A4
J39627-L1,SuccinicAcid,J39627-L1_S49_L001_R1_001.fastq.gz,J39627-L1_S49_L001_R2_001.fastq.gz,Biolog_Plate&Well_PM1A5
J39628-L1,D-Galactose,J39628-L1_S50_L001_R1_001.fastq.gz,J39628-L1_S50_L001_R2_001.fastq.gz,Biolog_Plate&Well_PM1A6
J39629-L1,L-AsparticAcid,J39629-L1_S51_L001_R1_001.fastq.gz,J39629-L1_S51_L001_R2_001.fastq.gz,Biolog_Plate&Well_PM1A7
J39630-L1,L-Proline,J39630-L1_S52_L001_R1_001.fastq.gz,J39630-L1_S52_L001_R2_001.fastq.gz,Biolog_Plate&Well_PM1A8
J39631-L1,D-Alanine,J39631-L1_S53_L001_R1_001.fastq.gz,J39631-L1_S53_L001_R2_001.fastq.gz,Biolog_Plate&Well_PM1A9
J39632-L1,D-Trehalose,J39632-L1_S54_L001_R1_001.fastq.gz,J39632-L1_S54_L001_R2_001.fastq.gz,Biolog_Plate&Well_PM1A10
J39633-L1,D-Mannose,J39633-L1_S55_L001_R1_001.fastq.gz,J39633-L1_S55_L001_R2_001.fastq.gz,Biolog_Plate&Well_PM1A11
J39634-L1,Dulcitol,J39634-L1_S56_L001_R1_001.fastq.gz,J39634-L1_S56_L001_R2_001.fastq.gz,Biolog_Plate&Well_PM1A12
J39635-L1,D-Serine,J39635-L1_S57_L001_R1_001.fastq.gz,J39635-L1_S57_L001_R2_001.fastq.gz,Biolog_Plate&Well_PM1B1
J39636-L1,D-Sorbitol,J39636-L1_S58_L001_R1_001.fastq.gz,J39636-L1_S58_L001_R2_001.fastq.gz,Biolog_Plate&Well_PM1B2
J39637-L1,Glycerol,J39637-L1_S59_L001_R1_001.fastq.gz,J39637-L1_S59_L001_R2_001.fastq.gz,Biolog_Plate&Well_PM1B3
J39638-L1,L-Fucose,J39638-L1_S60_L001_R1_001.fastq.gz,J39638-L1_S60_L001_R2_001.fastq.gz,Biolog_Plate&Well_PM1B4
J39639-L1,D-GlucuronicAcid,J39639-L1_S61_L001_R1_001.fastq.gz,J39639-L1_S61_L001_R2_001.fastq.gz,Biolog_Plate&Well_PM1B5
J39640-L1,D-GluconicAcid,J39640-L1_S62_L001_R1_001.fastq.gz,J39640-L1_S62_L001_R2_001.fastq.gz,Biolog_Plate&Well_PM1B6
J39641-L1,"D,L--Glycerol-Phosphate",J39641-L1_S63_L001_R1_001.fastq.gz,J39641-L1_S63_L001_R2_001.fastq.gz,Biolog_Plate&Well_PM1B7
J39642-L1,D-Xylose,J39642-L1_S64_L001_R1_001.fastq.gz,J39642-L1_S64_L001_R2_001.fastq.gz,Biolog_Plate&Well_PM1B8
J39643-L1,L-LacticAcid,J39643-L1_S65_L001_R1_001.fastq.gz,J39643-L1_S65_L001_R2_001.fastq.gz,Biolog_Plate&Well_PM1B9
J39644-L1,FormicAcid,J39644-L1_S66_L001_R1_001.fastq.gz,J39644-L1_S66_L001_R2_001.fastq.gz,Biolog_Plate&Well_PM1B10
J39645-L1,D-Mannitol,J39645-L1_S67_L001_R1_001.fastq.gz,J39645-L1_S67_L001_R2_001.fastq.gz,Biolog_Plate&Well_PM1B11
J39646-L1,L-GlutamicAcid,J39646-L1_S68_L001_R1_001.fastq.gz,J39646-L1_S68_L001_R2_001.fastq.gz,Biolog_Plate&Well_PM1B12
J39647-L1,D-Glucose-6Phosphate,J39647-L1_S69_L001_R1_001.fastq.gz,J39647-L1_S69_L001_R2_001.fastq.gz,Biolog_Plate&Well_PM1C1
J39648-L1,D-GalactonicAcid--Lactone,J39648-L1_S70_L001_R1_001.fastq.gz,J39648-L1_S70_L001_R2_001.fastq.gz,Biolog_Plate&Well_PM1C2
J39649-L1,"D,L-MalicAcid",J39649-L1_S71_L001_R1_001.fastq.gz,J39649-L1_S71_L001_R2_001.fastq.gz,Biolog_Plate&Well_PM1C3
J39650-L1,D-Ribose,J39650-L1_S72_L001_R1_001.fastq.gz,J39650-L1_S72_L001_R2_001.fastq.gz,Biolog_Plate&Well_PM1C4
J39651-L1,Tween20,J39651-L1_S73_L001_R1_001.fastq.gz,J39651-L1_S73_L001_R2_001.fastq.gz,Biolog_Plate&Well_PM1C5
J39652-L1,L-Rhamnose,J39652-L1_S74_L001_R1_001.fastq.gz,J39652-L1_S74_L001_R2_001.fastq.gz,Biolog_Plate&Well_PM1C6
J39653-L1,D-Fructose,J39653-L1_S75_L001_R1_001.fastq.gz,J39653-L1_S75_L001_R2_001.fastq.gz,Biolog_Plate&Well_PM1C7
J39654-L1,AceticAcid,J39654-L1_S76_L001_R1_001.fastq.gz,J39654-L1_S76_L001_R2_001.fastq.gz,Biolog_Plate&Well_PM1C8
J39655-L1,D-Glucose,J39655-L1_S77_L001_R1_001.fastq.gz,J39655-L1_S77_L001_R2_001.fastq.gz,Biolog_Plate&Well_PM1C9
J39656-L1,Maltose,J39656-L1_S78_L001_R1_001.fastq.gz,J39656-L1_S78_L001_R2_001.fastq.gz,Biolog_Plate&Well_PM1C10
J39657-L1,D-Melibiose,J39657-L1_S79_L001_R1_001.fastq.gz,J39657-L1_S79_L001_R2_001.fastq.gz,Biolog_Plate&Well_PM1C11
J39658-L1,Thymidine,J39658-L1_S80_L001_R1_001.fastq.gz,J39658-L1_S80_L001_R2_001.fastq.gz,Biolog_Plate&Well_PM1C12
J39659-L1,L-Asparagine,J39659-L1_S81_L001_R1_001.fastq.gz,J39659-L1_S81_L001_R2_001.fastq.gz,Biolog_Plate&Well_PM1D1
J39660-L1,D-AsparticAcid,J39660-L1_S82_L001_R1_001.fastq.gz,J39660-L1_S82_L001_R2_001.fastq.gz,Biolog_Plate&Well_PM1D2
J39661-L1,D-GlucosaminicAcid,J39661-L1_S83_L001_R1_001.fastq.gz,J39661-L1_S83_L001_R2_001.fastq.gz,Biolog_Plate&Well_PM1D3
J39662-L1,"1,2-Propanediol",J39662-L1_S84_L001_R1_001.fastq.gz,J39662-L1_S84_L001_R2_001.fastq.gz,Biolog_Plate&Well_PM1D4
J39663-L1,Tween40,J39663-L1_S85_L001_R1_001.fastq.gz,J39663-L1_S85_L001_R2_001.fastq.gz,Biolog_Plate&Well_PM1D5
J39664-L1,Keto-GlutaricAcid,J39664-L1_S86_L001_R1_001.fastq.gz,J39664-L1_S86_L001_R2_001.fastq.gz,Biolog_Plate&Well_PM1D6
J39665-L1,Keto-ButyricAcid,J39665-L1_S87_L001_R1_001.fastq.gz,J39665-L1_S87_L001_R2_001.fastq.gz,Biolog_Plate&Well_PM1D7
J39666-L1,Methyl-DGalactoside,J39666-L1_S88_L001_R1_001.fastq.gz,J39666-L1_S88_L001_R2_001.fastq.gz,Biolog_Plate&Well_PM1D8
J39667-L1,D-Lactose,J39667-L1_S89_L001_R1_001.fastq.gz,J39667-L1_S89_L001_R2_001.fastq.gz,Biolog_Plate&Well_PM1D9
J39668-L1,Lactulose,J39668-L1_S90_L001_R1_001.fastq.gz,J39668-L1_S90_L001_R2_001.fastq.gz,Biolog_Plate&Well_PM1D10
J39669-L1,Sucrose,J39669-L1_S91_L001_R1_001.fastq.gz,J39669-L1_S91_L001_R2_001.fastq.gz,Biolog_Plate&Well_PM1D11
J39670-L1,Uridine,J39670-L1_S92_L001_R1_001.fastq.gz,J39670-L1_S92_L001_R2_001.fastq.gz,Biolog_Plate&Well_PM1D12
J39671-L1,L-Glutamine,J39671-L1_S93_L001_R1_001.fastq.gz,J39671-L1_S93_L001_R2_001.fastq.gz,Biolog_Plate&Well_PM1E1
J39672-L1,m-TartaricAcid,J39672-L1_S94_L001_R1_001.fastq.gz,J39672-L1_S94_L001_R2_001.fastq.gz,Biolog_Plate&Well_PM1E2
J39674-L1,D-Glucose-1Phosphate,J39674-L1_S96_L001_R1_001.fastq.gz,J39674-L1_S96_L001_R2_001.fastq.gz,Biolog_Plate&Well_PM1E3
J39675-L1,D-Fructose-6Phosphate,J39675-L1_S97_L001_R1_001.fastq.gz,J39675-L1_S97_L001_R2_001.fastq.gz,Biolog_Plate&Well_PM1E4
J39676-L1,Tween80,J39676-L1_S98_L001_R1_001.fastq.gz,J39676-L1_S98_L001_R2_001.fastq.gz,Biolog_Plate&Well_PM1E5
J39677-L1,HydroxyGlutaricAcid-Lactone,J39677-L1_S99_L001_R1_001.fastq.gz,J39677-L1_S99_L001_R2_001.fastq.gz,Biolog_Plate&Well_PM1E6
J39678-L1,HydroxyButyricAcid,J39678-L1_S100_L001_R1_001.fastq.gz,J39678-L1_S100_L001_R2_001.fastq.gz,Biolog_Plate&Well_PM1E7
J39679-L1,Methyl-DGlucoside,J39679-L1_S101_L001_R1_001.fastq.gz,J39679-L1_S101_L001_R2_001.fastq.gz,Biolog_Plate&Well_PM1E8
J39680-L1,Adonitol,J39680-L1_S102_L001_R1_001.fastq.gz,J39680-L1_S102_L001_R2_001.fastq.gz,Biolog_Plate&Well_PM1E9
J39681-L1,Maltotriose,J39681-L1_S103_L001_R1_001.fastq.gz,J39681-L1_S103_L001_R2_001.fastq.gz,Biolog_Plate&Well_PM1E10
J39682-L1,2-DeoxyAdenosine,J39682-L1_S104_L001_R1_001.fastq.gz,J39682-L1_S104_L001_R2_001.fastq.gz,Biolog_Plate&Well_PM1E11
J39683-L1,Adenosine,J39683-L1_S105_L001_R1_001.fastq.gz,J39683-L1_S105_L001_R2_001.fastq.gz,Biolog_Plate&Well_PM1E12
J39684-L1,Glycyl-L-AsparticAcid,J39684-L1_S106_L001_R1_001.fastq.gz,J39684-L1_S106_L001_R2_001.fastq.gz,Biolog_Plate&Well_PM1F1
J39685-L1,CitricAcid,J39685-L1_S107_L001_R1_001.fastq.gz,J39685-L1_S107_L001_R2_001.fastq.gz,Biolog_Plate&Well_PM1F2
J39686-L1,m-Inositol,J39686-L1_S108_L001_R1_001.fastq.gz,J39686-L1_S108_L001_R2_001.fastq.gz,Biolog_Plate&Well_PM1F3
J39687-L1,D-Threonine,J39687-L1_S109_L001_R1_001.fastq.gz,J39687-L1_S109_L001_R2_001.fastq.gz,Biolog_Plate&Well_PM1F4
J39688-L1,FumaricAcid,J39688-L1_S110_L001_R1_001.fastq.gz,J39688-L1_S110_L001_R2_001.fastq.gz,Biolog_Plate&Well_PM1F5
J39689-L1,BromoSuccinicAcid,J39689-L1_S111_L001_R1_001.fastq.gz,J39689-L1_S111_L001_R2_001.fastq.gz,Biolog_Plate&Well_PM1F6
J39690-L1,PropionicAcid,J39690-L1_S112_L001_R1_001.fastq.gz,J39690-L1_S112_L001_R2_001.fastq.gz,Biolog_Plate&Well_PM1F7
J39691-L1,MucicAcid,J39691-L1_S113_L001_R1_001.fastq.gz,J39691-L1_S113_L001_R2_001.fastq.gz,Biolog_Plate&Well_PM1F8
J39692-L1,GlycolicAcid,J39692-L1_S114_L001_R1_001.fastq.gz,J39692-L1_S114_L001_R2_001.fastq.gz,Biolog_Plate&Well_PM1F9
J39693-L1,GlyoxylicAcid,J39693-L1_S115_L001_R1_001.fastq.gz,J39693-L1_S115_L001_R2_001.fastq.gz,Biolog_Plate&Well_PM1F10
J39694-L1,D-Cellobiose,J39694-L1_S116_L001_R1_001.fastq.gz,J39694-L1_S116_L001_R2_001.fastq.gz,Biolog_Plate&Well_PM1F11
J39695-L1,Inosine,J39695-L1_S117_L001_R1_001.fastq.gz,J39695-L1_S117_L001_R2_001.fastq.gz,Biolog_Plate&Well_PM1F12
J39696-L1,Glycyl-LGlutamicAcid,J39696-L1_S118_L001_R1_001.fastq.gz,J39696-L1_S118_L001_R2_001.fastq.gz,Biolog_Plate&Well_PM1G1
J39697-L1,TricarballylicAcid,J39697-L1_S119_L001_R1_001.fastq.gz,J39697-L1_S119_L001_R2_001.fastq.gz,Biolog_Plate&Well_PM1G2
J39698-L1,L-Serine,J39698-L1_S120_L001_R1_001.fastq.gz,J39698-L1_S120_L001_R2_001.fastq.gz,Biolog_Plate&Well_PM1G3
J39699-L1,L-Threonine,J39699-L1_S121_L001_R1_001.fastq.gz,J39699-L1_S121_L001_R2_001.fastq.gz,Biolog_Plate&Well_PM1G4
J39700-L1,L-Alanine,J39700-L1_S122_L001_R1_001.fastq.gz,J39700-L1_S122_L001_R2_001.fastq.gz,Biolog_Plate&Well_PM1G5
J39701-L1,L-Alanyl-Glycine,J39701-L1_S123_L001_R1_001.fastq.gz,J39701-L1_S123_L001_R2_001.fastq.gz,Biolog_Plate&Well_PM1G6
J39702-L1,AcetoaceticAcid,J39702-L1_S124_L001_R1_001.fastq.gz,J39702-L1_S124_L001_R2_001.fastq.gz,Biolog_Plate&Well_PM1G7
J39703-L1,N-Acetyl-?-DMannosamine,J39703-L1_S125_L001_R1_001.fastq.gz,J39703-L1_S125_L001_R2_001.fastq.gz,Biolog_Plate&Well_PM1G8
J39704-L1,MonoMethylSuccinate,J39704-L1_S126_L001_R1_001.fastq.gz,J39704-L1_S126_L001_R2_001.fastq.gz,Biolog_Plate&Well_PM1G9
J39705-L1,MethylPyruvate,J39705-L1_S127_L001_R1_001.fastq.gz,J39705-L1_S127_L001_R2_001.fastq.gz,Biolog_Plate&Well_PM1G10
J39706-L1,D-MalicAcid,J39706-L1_S128_L001_R1_001.fastq.gz,J39706-L1_S128_L001_R2_001.fastq.gz,Biolog_Plate&Well_PM1G11
J39707-L1,L-MalicAcid,J39707-L1_S129_L001_R1_001.fastq.gz,J39707-L1_S129_L001_R2_001.fastq.gz,Biolog_Plate&Well_PM1G12
J39708-L1,Glycyl-L-Proline,J39708-L1_S130_L001_R1_001.fastq.gz,J39708-L1_S130_L001_R2_001.fastq.gz,Biolog_Plate&Well_PM1H1
J39709-L1,p-HydroxyPhenylAceticAcid,J39709-L1_S131_L001_R1_001.fastq.gz,J39709-L1_S131_L001_R2_001.fastq.gz,Biolog_Plate&Well_PM1H2
J39710-L1,m-HydroxyPhenylAceticAcid,J39710-L1_S132_L001_R1_001.fastq.gz,J39710-L1_S132_L001_R2_001.fastq.gz,Biolog_Plate&Well_PM1H3
J39711-L1,Tyramine,J39711-L1_S133_L001_R1_001.fastq.gz,J39711-L1_S133_L001_R2_001.fastq.gz,Biolog_Plate&Well_PM1H4
J39712-L1,D-Psicose,J39712-L1_S134_L001_R1_001.fastq.gz,J39712-L1_S134_L001_R2_001.fastq.gz,Biolog_Plate&Well_PM1H5
J39713-L1,L-Lyxose,J39713-L1_S135_L001_R1_001.fastq.gz,J39713-L1_S135_L001_R2_001.fastq.gz,Biolog_Plate&Well_PM1H6
J39714-L1,Glucuronamide,J39714-L1_S136_L001_R1_001.fastq.gz,J39714-L1_S136_L001_R2_001.fastq.gz,Biolog_Plate&Well_PM1H7
J39715-L1,PyruvicAcid,J39715-L1_S137_L001_R1_001.fastq.gz,J39715-L1_S137_L001_R2_001.fastq.gz,Biolog_Plate&Well_PM1H8
J39716-L1,L-GalactonicAcid--Lactone,J39716-L1_S138_L001_R1_001.fastq.gz,J39716-L1_S138_L001_R2_001.fastq.gz,Biolog_Plate&Well_PM1H9
J39717-L1,D-GalacturonicAcid,J39717-L1_S139_L001_R1_001.fastq.gz,J39717-L1_S139_L001_R2_001.fastq.gz,Biolog_Plate&Well_PM1H10
J39718-L1,Phenylethyl-amine,J39718-L1_S140_L001_R1_001.fastq.gz,J39718-L1_S140_L001_R2_001.fastq.gz,Biolog_Plate&Well_PM1H11
J39719-L1,2-Aminoethanol,J39719-L1_S141_L001_R1_001.fastq.gz,J39719-L1_S141_L001_R2_001.fastq.gz,Biolog_Plate&Well_PM1H12
J39720-L1,Control,J39720-L1_S142_L001_R1_001.fastq.gz,J39720-L1_S142_L001_R2_001.fastq.gz,Biolog_Plate&Well_PM2AA1
J39721-L1,ChondroitinSulfateC,J39721-L1_S143_L001_R1_001.fastq.gz,J39721-L1_S143_L001_R2_001.fastq.gz,Biolog_Plate&Well_PM2AA2
J39722-L1,a-Cyclodextrin,J39722-L1_S144_L001_R1_001.fastq.gz,J39722-L1_S144_L001_R2_001.fastq.gz,Biolog_Plate&Well_PM2AA3
J39723-L1,ß-Cyclodextrin,J39723-L1_S145_L001_R1_001.fastq.gz,J39723-L1_S145_L001_R2_001.fastq.gz,Biolog_Plate&Well_PM2AA4
J39724-L1,Y-Cyclodextrin,J39724-L1_S146_L001_R1_001.fastq.gz,J39724-L1_S146_L001_R2_001.fastq.gz,Biolog_Plate&Well_PM2AA5
J39725-L1,Dextrin,J39725-L1_S147_L001_R1_001.fastq.gz,J39725-L1_S147_L001_R2_001.fastq.gz,Biolog_Plate&Well_PM2AA6
J39726-L1,Gelatin,J39726-L1_S148_L001_R1_001.fastq.gz,J39726-L1_S148_L001_R2_001.fastq.gz,Biolog_Plate&Well_PM2AA7
J39727-L1,Glycogen,J39727-L1_S149_L001_R1_001.fastq.gz,J39727-L1_S149_L001_R2_001.fastq.gz,Biolog_Plate&Well_PM2AA8
J39728-L1,Inulin,J39728-L1_S150_L001_R1_001.fastq.gz,J39728-L1_S150_L001_R2_001.fastq.gz,Biolog_Plate&Well_PM2AA9
J39729-L1,Laminarin,J39729-L1_S151_L001_R1_001.fastq.gz,J39729-L1_S151_L001_R2_001.fastq.gz,Biolog_Plate&Well_PM2AA10
J39730-L1,Mannan,J39730-L1_S152_L001_R1_001.fastq.gz,J39730-L1_S152_L001_R2_001.fastq.gz,Biolog_Plate&Well_PM2AA11
J39731-L1,Pectin,J39731-L1_S153_L001_R1_001.fastq.gz,J39731-L1_S153_L001_R2_001.fastq.gz,Biolog_Plate&Well_PM2AA12
J39732-L1,N-Acetyl-D-Galactosamine,J39732-L1_S154_L001_R1_001.fastq.gz,J39732-L1_S154_L001_R2_001.fastq.gz,Biolog_Plate&Well_PM2AB1
J39733-L1,N-Acetyl-NeuraminicAcid,J39733-L1_S155_L001_R1_001.fastq.gz,J39733-L1_S155_L001_R2_001.fastq.gz,Biolog_Plate&Well_PM2AB2
J39734-L1,ß-D-Allose,J39734-L1_S156_L001_R1_001.fastq.gz,J39734-L1_S156_L001_R2_001.fastq.gz,Biolog_Plate&Well_PM2AB3
J39735-L1,Amygdalin,J39735-L1_S157_L001_R1_001.fastq.gz,J39735-L1_S157_L001_R2_001.fastq.gz,Biolog_Plate&Well_PM2AB4
J39736-L1,D-Arabinose,J39736-L1_S158_L001_R1_001.fastq.gz,J39736-L1_S158_L001_R2_001.fastq.gz,Biolog_Plate&Well_PM2AB5
J39737-L1,D-Arabitol,J39737-L1_S159_L001_R1_001.fastq.gz,J39737-L1_S159_L001_R2_001.fastq.gz,Biolog_Plate&Well_PM2AB6
J39738-L1,L-Arabitol,J39738-L1_S160_L001_R1_001.fastq.gz,J39738-L1_S160_L001_R2_001.fastq.gz,Biolog_Plate&Well_PM2AB7
J39739-L1,Arbutin,J39739-L1_S161_L001_R1_001.fastq.gz,J39739-L1_S161_L001_R2_001.fastq.gz,Biolog_Plate&Well_PM2AB8
J39740-L1,2-Deoxy-D-Ribose,J39740-L1_S162_L001_R1_001.fastq.gz,J39740-L1_S162_L001_R2_001.fastq.gz,Biolog_Plate&Well_PM2AB9
J39741-L1,i-Erythritol,J39741-L1_S163_L001_R1_001.fastq.gz,J39741-L1_S163_L001_R2_001.fastq.gz,Biolog_Plate&Well_PM2AB10
J39742-L1,D-Fucose,J39742-L1_S164_L001_R1_001.fastq.gz,J39742-L1_S164_L001_R2_001.fastq.gz,Biolog_Plate&Well_PM2AB11
J39743-L1,3-0-ß-D-Galactopyranosyl-D-Arabinose,J39743-L1_S165_L001_R1_001.fastq.gz,J39743-L1_S165_L001_R2_001.fastq.gz,Biolog_Plate&Well_PM2AB12
J39744-L1,Gentiobiose,J39744-L1_S166_L001_R1_001.fastq.gz,J39744-L1_S166_L001_R2_001.fastq.gz,Biolog_Plate&Well_PM2AC1
J39745-L1,L-Glucose,J39745-L1_S167_L001_R1_001.fastq.gz,J39745-L1_S167_L001_R2_001.fastq.gz,Biolog_Plate&Well_PM2AC2
J39746-L1,Lactitol,J39746-L1_S168_L001_R1_001.fastq.gz,J39746-L1_S168_L001_R2_001.fastq.gz,Biolog_Plate&Well_PM2AC3
J39747-L1,D-Melezitose,J39747-L1_S169_L001_R1_001.fastq.gz,J39747-L1_S169_L001_R2_001.fastq.gz,Biolog_Plate&Well_PM2AC4
J39748-L1,Maltitol,J39748-L1_S170_L001_R1_001.fastq.gz,J39748-L1_S170_L001_R2_001.fastq.gz,Biolog_Plate&Well_PM2AC5
J39749-L1,a-Methyl-D-Glucoside,J39749-L1_S171_L001_R1_001.fastq.gz,J39749-L1_S171_L001_R2_001.fastq.gz,Biolog_Plate&Well_PM2AC6
J39750-L1,ß-Methyl-D-Galactoside,J39750-L1_S172_L001_R1_001.fastq.gz,J39750-L1_S172_L001_R2_001.fastq.gz,Biolog_Plate&Well_PM2AC7
J39751-L1,3-MethylGlucose,J39751-L1_S173_L001_R1_001.fastq.gz,J39751-L1_S173_L001_R2_001.fastq.gz,Biolog_Plate&Well_PM2AC8
J39752-L1,ß-Methyl-D-GlucuronicAcid,J39752-L1_S174_L001_R1_001.fastq.gz,J39752-L1_S174_L001_R2_001.fastq.gz,Biolog_Plate&Well_PM2AC9
J39753-L1,b-Methyl-D-Mannoside,J39753-L1_S175_L001_R1_001.fastq.gz,J39753-L1_S175_L001_R2_001.fastq.gz,Biolog_Plate&Well_PM2AC10
J39754-L1,ß-Methyl-D-Xyloside,J39754-L1_S176_L001_R1_001.fastq.gz,J39754-L1_S176_L001_R2_001.fastq.gz,Biolog_Plate&Well_PM2AC11
J39755-L1,Palatinose,J39755-L1_S177_L001_R1_001.fastq.gz,J39755-L1_S177_L001_R2_001.fastq.gz,Biolog_Plate&Well_PM2AC12
J39756-L1,D-Raffinose,J39756-L1_S178_L001_R1_001.fastq.gz,J39756-L1_S178_L001_R2_001.fastq.gz,Biolog_Plate&Well_PM2AD1
J39757-L1,Salicin,J39757-L1_S179_L001_R1_001.fastq.gz,J39757-L1_S179_L001_R2_001.fastq.gz,Biolog_Plate&Well_PM2AD2
J39758-L1,Sedoheptulosan,J39758-L1_S180_L001_R1_001.fastq.gz,J39758-L1_S180_L001_R2_001.fastq.gz,Biolog_Plate&Well_PM2AD3
J39759-L1,L-Sorbose,J39759-L1_S181_L001_R1_001.fastq.gz,J39759-L1_S181_L001_R2_001.fastq.gz,Biolog_Plate&Well_PM2AD4
J39760-L1,Stachyose,J39760-L1_S182_L001_R1_001.fastq.gz,J39760-L1_S182_L001_R2_001.fastq.gz,Biolog_Plate&Well_PM2AD5
J39761-L1,D-Tagatose,J39761-L1_S183_L001_R1_001.fastq.gz,J39761-L1_S183_L001_R2_001.fastq.gz,Biolog_Plate&Well_PM2AD6
J39762-L1,Turanose,J39762-L1_S184_L001_R1_001.fastq.gz,J39762-L1_S184_L001_R2_001.fastq.gz,Biolog_Plate&Well_PM2AD7
J39763-L1,Xylitol,J39763-L1_S185_L001_R1_001.fastq.gz,J39763-L1_S185_L001_R2_001.fastq.gz,Biolog_Plate&Well_PM2AD8
J39764-L1,N-Acetyl-D-Glucosaminitol,J39764-L1_S186_L001_R1_001.fastq.gz,J39764-L1_S186_L001_R2_001.fastq.gz,Biolog_Plate&Well_PM2AD9
J39765-L1,?-AminoButyricAcid,J39765-L1_S187_L001_R1_001.fastq.gz,J39765-L1_S187_L001_R2_001.fastq.gz,Biolog_Plate&Well_PM2AD10
J39766-L1,?-AminoValericAcid,J39766-L1_S188_L001_R1_001.fastq.gz,J39766-L1_S188_L001_R2_001.fastq.gz,Biolog_Plate&Well_PM2AD11
J39767-L1,ButyricAcid,J39767-L1_S189_L001_R1_001.fastq.gz,J39767-L1_S189_L001_R2_001.fastq.gz,Biolog_Plate&Well_PM2AD12
J39768-L1,CapricAcid,J39768-L1_S190_L001_R1_001.fastq.gz,J39768-L1_S190_L001_R2_001.fastq.gz,Biolog_Plate&Well_PM2AE1
J39770-L1,CaproicAcid,J39770-L1_S192_L001_R1_001.fastq.gz,J39770-L1_S192_L001_R2_001.fastq.gz,Biolog_Plate&Well_PM2AE2
J39771-L1,CitraconicAcid,J39771-L1_S193_L001_R1_001.fastq.gz,J39771-L1_S193_L001_R2_001.fastq.gz,Biolog_Plate&Well_PM2AE3
J39772-L1,CitramalicAcid,J39772-L1_S194_L001_R1_001.fastq.gz,J39772-L1_S194_L001_R2_001.fastq.gz,Biolog_Plate&Well_PM2AE4
J39773-L1,D-Glucosamine,J39773-L1_S195_L001_R1_001.fastq.gz,J39773-L1_S195_L001_R2_001.fastq.gz,Biolog_Plate&Well_PM2AE5
J39774-L1,2-HydroxyBenzoicAcid,J39774-L1_S196_L001_R1_001.fastq.gz,J39774-L1_S196_L001_R2_001.fastq.gz,Biolog_Plate&Well_PM2AE6
J39775-L1,4-HydroxyBenzoicAcid,J39775-L1_S197_L001_R1_001.fastq.gz,J39775-L1_S197_L001_R2_001.fastq.gz,Biolog_Plate&Well_PM2AE7
J39776-L1,ß-HydroxyButyricAcid,J39776-L1_S198_L001_R1_001.fastq.gz,J39776-L1_S198_L001_R2_001.fastq.gz,Biolog_Plate&Well_PM2AE8
J39777-L1,GlycolicAcid,J39777-L1_S199_L001_R1_001.fastq.gz,J39777-L1_S199_L001_R2_001.fastq.gz,Biolog_Plate&Well_PM2AE9
J39778-L1,a-Keto-ValericAcid,J39778-L1_S200_L001_R1_001.fastq.gz,J39778-L1_S200_L001_R2_001.fastq.gz,Biolog_Plate&Well_PM2AE10
J39779-L1,ItaconicAcid,J39779-L1_S201_L001_R1_001.fastq.gz,J39779-L1_S201_L001_R2_001.fastq.gz,Biolog_Plate&Well_PM2AE11
J39780-L1,5-Keto-D-GluconicAcid,J39780-L1_S202_L001_R1_001.fastq.gz,J39780-L1_S202_L001_R2_001.fastq.gz,Biolog_Plate&Well_PM2AE12
J39781-L1,D-LacticAcidMethylEster,J39781-L1_S203_L001_R1_001.fastq.gz,J39781-L1_S203_L001_R2_001.fastq.gz,Biolog_Plate&Well_PM2AF1
J39782-L1,MalonicAcid,J39782-L1_S204_L001_R1_001.fastq.gz,J39782-L1_S204_L001_R2_001.fastq.gz,Biolog_Plate&Well_PM2AF2
J39783-L1,MelibionicAcid,J39783-L1_S205_L001_R1_001.fastq.gz,J39783-L1_S205_L001_R2_001.fastq.gz,Biolog_Plate&Well_PM2AF3
J39784-L1,OxalicAcid,J39784-L1_S206_L001_R1_001.fastq.gz,J39784-L1_S206_L001_R2_001.fastq.gz,Biolog_Plate&Well_PM2AF4
J39785-L1,OxalomalicAcid,J39785-L1_S207_L001_R1_001.fastq.gz,J39785-L1_S207_L001_R2_001.fastq.gz,Biolog_Plate&Well_PM2AF5
J39786-L1,QuinicAcid,J39786-L1_S208_L001_R1_001.fastq.gz,J39786-L1_S208_L001_R2_001.fastq.gz,Biolog_Plate&Well_PM2AF6
J39787-L1,"D-Ribone-1,4-Lactone",J39787-L1_S209_L001_R1_001.fastq.gz,J39787-L1_S209_L001_R2_001.fastq.gz,Biolog_Plate&Well_PM2AF7
J39788-L1,SebacicAcid,J39788-L1_S210_L001_R1_001.fastq.gz,J39788-L1_S210_L001_R2_001.fastq.gz,Biolog_Plate&Well_PM2AF8
J39789-L1,SorbicAcid,J39789-L1_S211_L001_R1_001.fastq.gz,J39789-L1_S211_L001_R2_001.fastq.gz,Biolog_Plate&Well_PM2AF9
J39790-L1,SuccinamicAcid,J39790-L1_S212_L001_R1_001.fastq.gz,J39790-L1_S212_L001_R2_001.fastq.gz,Biolog_Plate&Well_PM2AF10
J39791-L1,D-TartaricAcid,J39791-L1_S213_L001_R1_001.fastq.gz,J39791-L1_S213_L001_R2_001.fastq.gz,Biolog_Plate&Well_PM2AF11
J39792-L1,L-TartaricAcid,J39792-L1_S214_L001_R1_001.fastq.gz,J39792-L1_S214_L001_R2_001.fastq.gz,Biolog_Plate&Well_PM2AF12
J39793-L1,Acetamide,J39793-L1_S215_L001_R1_001.fastq.gz,J39793-L1_S215_L001_R2_001.fastq.gz,Biolog_Plate&Well_PM2AG1
J39794-L1,L-Alaninamide,J39794-L1_S216_L001_R1_001.fastq.gz,J39794-L1_S216_L001_R2_001.fastq.gz,Biolog_Plate&Well_PM2AG2
J39795-L1,N-Acetyl-L-GlutamicAcid,J39795-L1_S217_L001_R1_001.fastq.gz,J39795-L1_S217_L001_R2_001.fastq.gz,Biolog_Plate&Well_PM2AG3
J39796-L1,L-Arginine,J39796-L1_S218_L001_R1_001.fastq.gz,J39796-L1_S218_L001_R2_001.fastq.gz,Biolog_Plate&Well_PM2AG4
J39797-L1,Glycine,J39797-L1_S219_L001_R1_001.fastq.gz,J39797-L1_S219_L001_R2_001.fastq.gz,Biolog_Plate&Well_PM2AG5
J39798-L1,L-Histidine,J39798-L1_S220_L001_R1_001.fastq.gz,J39798-L1_S220_L001_R2_001.fastq.gz,Biolog_Plate&Well_PM2AG6
J39799-L1,L-Homoserine,J39799-L1_S221_L001_R1_001.fastq.gz,J39799-L1_S221_L001_R2_001.fastq.gz,Biolog_Plate&Well_PM2AG7
J39800-L1,Hydroxy-Lproline,J39800-L1_S222_L001_R1_001.fastq.gz,J39800-L1_S222_L001_R2_001.fastq.gz,Biolog_Plate&Well_PM2AG8
J39801-L1,L-Isoleucine,J39801-L1_S223_L001_R1_001.fastq.gz,J39801-L1_S223_L001_R2_001.fastq.gz,Biolog_Plate&Well_PM2AG9
J39802-L1,L-Leucine,J39802-L1_S224_L001_R1_001.fastq.gz,J39802-L1_S224_L001_R2_001.fastq.gz,Biolog_Plate&Well_PM2AG10
J39803-L1,L-Lysine,J39803-L1_S225_L001_R1_001.fastq.gz,J39803-L1_S225_L001_R2_001.fastq.gz,Biolog_Plate&Well_PM2AG11
J39804-L1,L-Methionine,J39804-L1_S226_L001_R1_001.fastq.gz,J39804-L1_S226_L001_R2_001.fastq.gz,Biolog_Plate&Well_PM2AG12
J39805-L1,L-Ornithine,J39805-L1_S227_L001_R1_001.fastq.gz,J39805-L1_S227_L001_R2_001.fastq.gz,Biolog_Plate&Well_PM2AH1
J39806-L1,L-Phenylalanine,J39806-L1_S228_L001_R1_001.fastq.gz,J39806-L1_S228_L001_R2_001.fastq.gz,Biolog_Plate&Well_PM2AH2
J39807-L1,L-PyroglutamicAcid,J39807-L1_S229_L001_R1_001.fastq.gz,J39807-L1_S229_L001_R2_001.fastq.gz,Biolog_Plate&Well_PM2AH3
J39808-L1,L-Valine,J39808-L1_S230_L001_R1_001.fastq.gz,J39808-L1_S230_L001_R2_001.fastq.gz,Biolog_Plate&Well_PM2AH4
J39809-L1,"D,L-Carnitine",J39809-L1_S231_L001_R1_001.fastq.gz,J39809-L1_S231_L001_R2_001.fastq.gz,Biolog_Plate&Well_PM2AH5
J39810-L1,Sec-Butylamine,J39810-L1_S232_L001_R1_001.fastq.gz,J39810-L1_S232_L001_R2_001.fastq.gz,Biolog_Plate&Well_PM2AH6
J39811-L1,"D,L-Octopamine",J39811-L1_S233_L001_R1_001.fastq.gz,J39811-L1_S233_L001_R2_001.fastq.gz,Biolog_Plate&Well_PM2AH7
J39812-L1,Putrescine,J39812-L1_S234_L001_R1_001.fastq.gz,J39812-L1_S234_L001_R2_001.fastq.gz,Biolog_Plate&Well_PM2AH8
J39813-L1,DihydroxyAcetone,J39813-L1_S235_L001_R1_001.fastq.gz,J39813-L1_S235_L001_R2_001.fastq.gz,Biolog_Plate&Well_PM2AH9
J39814-L1,"2,3-Butanediol",J39814-L1_S236_L001_R1_001.fastq.gz,J39814-L1_S236_L001_R2_001.fastq.gz,Biolog_Plate&Well_PM2AH10
J39815-L1,"2,3-Butanedione",J39815-L1_S237_L001_R1_001.fastq.gz,J39815-L1_S237_L001_R2_001.fastq.gz,Biolog_Plate&Well_PM2AH11
J39816-L1,3-Hydroxy-2-Butanone,J39816-L1_S238_L001_R1_001.fastq.gz,J39816-L1_S238_L001_R2_001.fastq.gz,Biolog_Plate&Well_PM2AH12
J39817-L1,Control,J39817-L1_S239_L001_R1_001.fastq.gz,J39817-L1_S239_L001_R2_001.fastq.gz,Biolog_Plate&Well_PM3BA1
J39818-L1,Ammonia,J39818-L1_S240_L001_R1_001.fastq.gz,J39818-L1_S240_L001_R2_001.fastq.gz,Biolog_Plate&Well_PM3BA2
J39819-L1,Nitrite,J39819-L1_S241_L001_R1_001.fastq.gz,J39819-L1_S241_L001_R2_001.fastq.gz,Biolog_Plate&Well_PM3BA3
J39820-L1,Nitrate,J39820-L1_S242_L001_R1_001.fastq.gz,J39820-L1_S242_L001_R2_001.fastq.gz,Biolog_Plate&Well_PM3BA4
J39821-L1,Urea,J39821-L1_S243_L001_R1_001.fastq.gz,J39821-L1_S243_L001_R2_001.fastq.gz,Biolog_Plate&Well_PM3BA5
J39822-L1,Biuret,J39822-L1_S244_L001_R1_001.fastq.gz,J39822-L1_S244_L001_R2_001.fastq.gz,Biolog_Plate&Well_PM3BA6
J39823-L1,L-Alanine,J39823-L1_S245_L001_R1_001.fastq.gz,J39823-L1_S245_L001_R2_001.fastq.gz,Biolog_Plate&Well_PM3BA7
J39824-L1,L-Arginine,J39824-L1_S246_L001_R1_001.fastq.gz,J39824-L1_S246_L001_R2_001.fastq.gz,Biolog_Plate&Well_PM3BA8
J39825-L1,L-Asparagine,J39825-L1_S247_L001_R1_001.fastq.gz,J39825-L1_S247_L001_R2_001.fastq.gz,Biolog_Plate&Well_PM3BA9
J39826-L1,L-AsparticAcid,J39826-L1_S248_L001_R1_001.fastq.gz,J39826-L1_S248_L001_R2_001.fastq.gz,Biolog_Plate&Well_PM3BA10
J39827-L1,L-Cysteine,J39827-L1_S249_L001_R1_001.fastq.gz,J39827-L1_S249_L001_R2_001.fastq.gz,Biolog_Plate&Well_PM3BA11
J39828-L1,L-GlutamicAcid,J39828-L1_S250_L001_R1_001.fastq.gz,J39828-L1_S250_L001_R2_001.fastq.gz,Biolog_Plate&Well_PM3BA12
J39829-L1,L-Glutamine,J39829-L1_S251_L001_R1_001.fastq.gz,J39829-L1_S251_L001_R2_001.fastq.gz,Biolog_Plate&Well_PM3BB1
J39830-L1,Glycine,J39830-L1_S252_L001_R1_001.fastq.gz,J39830-L1_S252_L001_R2_001.fastq.gz,Biolog_Plate&Well_PM3BB2
J39831-L1,L-Histidine,J39831-L1_S253_L001_R1_001.fastq.gz,J39831-L1_S253_L001_R2_001.fastq.gz,Biolog_Plate&Well_PM3BB3
J39832-L1,L-Isoleucine,J39832-L1_S254_L001_R1_001.fastq.gz,J39832-L1_S254_L001_R2_001.fastq.gz,Biolog_Plate&Well_PM3BB4
J39833-L1,L-Leucine,J39833-L1_S255_L001_R1_001.fastq.gz,J39833-L1_S255_L001_R2_001.fastq.gz,Biolog_Plate&Well_PM3BB5
J39834-L1,L-Lysine,J39834-L1_S256_L001_R1_001.fastq.gz,J39834-L1_S256_L001_R2_001.fastq.gz,Biolog_Plate&Well_PM3BB6
J39835-L1,L-Methionine,J39835-L1_S257_L001_R1_001.fastq.gz,J39835-L1_S257_L001_R2_001.fastq.gz,Biolog_Plate&Well_PM3BB7
J39836-L1,L-Phenylalanine,J39836-L1_S258_L001_R1_001.fastq.gz,J39836-L1_S258_L001_R2_001.fastq.gz,Biolog_Plate&Well_PM3BB8
J39837-L1,L-Proline,J39837-L1_S259_L001_R1_001.fastq.gz,J39837-L1_S259_L001_R2_001.fastq.gz,Biolog_Plate&Well_PM3BB9
J39838-L1,L-Serine,J39838-L1_S260_L001_R1_001.fastq.gz,J39838-L1_S260_L001_R2_001.fastq.gz,Biolog_Plate&Well_PM3BB10
J39839-L1,L-Threonine,J39839-L1_S261_L001_R1_001.fastq.gz,J39839-L1_S261_L001_R2_001.fastq.gz,Biolog_Plate&Well_PM3BB11
J39840-L1,L-Tryptophan,J39840-L1_S262_L001_R1_001.fastq.gz,J39840-L1_S262_L001_R2_001.fastq.gz,Biolog_Plate&Well_PM3BB12
J39841-L1,L-Tyrosine,J39841-L1_S263_L001_R1_001.fastq.gz,J39841-L1_S263_L001_R2_001.fastq.gz,Biolog_Plate&Well_PM3BC1
J39842-L1,L-Valine,J39842-L1_S264_L001_R1_001.fastq.gz,J39842-L1_S264_L001_R2_001.fastq.gz,Biolog_Plate&Well_PM3BC2
J39843-L1,D-Alanine,J39843-L1_S265_L001_R1_001.fastq.gz,J39843-L1_S265_L001_R2_001.fastq.gz,Biolog_Plate&Well_PM3BC3
J39844-L1,D-Asparagine,J39844-L1_S266_L001_R1_001.fastq.gz,J39844-L1_S266_L001_R2_001.fastq.gz,Biolog_Plate&Well_PM3BC4
J39845-L1,D-AsparticAcid,J39845-L1_S267_L001_R1_001.fastq.gz,J39845-L1_S267_L001_R2_001.fastq.gz,Biolog_Plate&Well_PM3BC5
J39846-L1,D-GlutamicAcid,J39846-L1_S268_L001_R1_001.fastq.gz,J39846-L1_S268_L001_R2_001.fastq.gz,Biolog_Plate&Well_PM3BC6
J39847-L1,D-Lysine,J39847-L1_S269_L001_R1_001.fastq.gz,J39847-L1_S269_L001_R2_001.fastq.gz,Biolog_Plate&Well_PM3BC7
J39848-L1,D-Serine,J39848-L1_S270_L001_R1_001.fastq.gz,J39848-L1_S270_L001_R2_001.fastq.gz,Biolog_Plate&Well_PM3BC8
J39849-L1,D-Valine,J39849-L1_S271_L001_R1_001.fastq.gz,J39849-L1_S271_L001_R2_001.fastq.gz,Biolog_Plate&Well_PM3BC9
J39850-L1,L-Citrulline,J39850-L1_S272_L001_R1_001.fastq.gz,J39850-L1_S272_L001_R2_001.fastq.gz,Biolog_Plate&Well_PM3BC10
J39851-L1,L-Homoserine,J39851-L1_S273_L001_R1_001.fastq.gz,J39851-L1_S273_L001_R2_001.fastq.gz,Biolog_Plate&Well_PM3BC11
J39852-L1,L-Ornithine,J39852-L1_S274_L001_R1_001.fastq.gz,J39852-L1_S274_L001_R2_001.fastq.gz,Biolog_Plate&Well_PM3BC12
J39853-L1,N-Acetyl-LGlutamicAcid,J39853-L1_S275_L001_R1_001.fastq.gz,J39853-L1_S275_L001_R2_001.fastq.gz,Biolog_Plate&Well_PM3BD1
J39854-L1,N-Phthaloyl-LGlutamicAcid,J39854-L1_S276_L001_R1_001.fastq.gz,J39854-L1_S276_L001_R2_001.fastq.gz,Biolog_Plate&Well_PM3BD2
J39855-L1,L-PyroglutamicAcid,J39855-L1_S277_L001_R1_001.fastq.gz,J39855-L1_S277_L001_R2_001.fastq.gz,Biolog_Plate&Well_PM3BD3
J39856-L1,Hydroxylamine,J39856-L1_S278_L001_R1_001.fastq.gz,J39856-L1_S278_L001_R2_001.fastq.gz,Biolog_Plate&Well_PM3BD4
J39857-L1,Methylamine,J39857-L1_S279_L001_R1_001.fastq.gz,J39857-L1_S279_L001_R2_001.fastq.gz,Biolog_Plate&Well_PM3BD5
J39858-L1,N-Amylamine,J39858-L1_S280_L001_R1_001.fastq.gz,J39858-L1_S280_L001_R2_001.fastq.gz,Biolog_Plate&Well_PM3BD6
J39859-L1,N-Butylamine,J39859-L1_S281_L001_R1_001.fastq.gz,J39859-L1_S281_L001_R2_001.fastq.gz,Biolog_Plate&Well_PM3BD7
J39860-L1,Ethylamine,J39860-L1_S282_L001_R1_001.fastq.gz,J39860-L1_S282_L001_R2_001.fastq.gz,Biolog_Plate&Well_PM3BD8
J39861-L1,Ethanolamine,J39861-L1_S283_L001_R1_001.fastq.gz,J39861-L1_S283_L001_R2_001.fastq.gz,Biolog_Plate&Well_PM3BD9
J39862-L1,Ethylenediamine,J39862-L1_S284_L001_R1_001.fastq.gz,J39862-L1_S284_L001_R2_001.fastq.gz,Biolog_Plate&Well_PM3BD10
J39863-L1,Putrescine,J39863-L1_S285_L001_R1_001.fastq.gz,J39863-L1_S285_L001_R2_001.fastq.gz,Biolog_Plate&Well_PM3BD11
J39864-L1,Agmatine,J39864-L1_S286_L001_R1_001.fastq.gz,J39864-L1_S286_L001_R2_001.fastq.gz,Biolog_Plate&Well_PM3BD12
J39865-L1,Histamine,J39865-L1_S287_L001_R1_001.fastq.gz,J39865-L1_S287_L001_R2_001.fastq.gz,Biolog_Plate&Well_PM3BE1
J39867-L1,?-Phenylethyl-amine,J39867-L1_S289_L001_R1_001.fastq.gz,J39867-L1_S289_L001_R2_001.fastq.gz,Biolog_Plate&Well_PM3BE2
J39868-L1,Tyramine,J39868-L1_S290_L001_R1_001.fastq.gz,J39868-L1_S290_L001_R2_001.fastq.gz,Biolog_Plate&Well_PM3BE3
J39869-L1,Acetamide,J39869-L1_S291_L001_R1_001.fastq.gz,J39869-L1_S291_L001_R2_001.fastq.gz,Biolog_Plate&Well_PM3BE4
J39870-L1,Formamide,J39870-L1_S292_L001_R1_001.fastq.gz,J39870-L1_S292_L001_R2_001.fastq.gz,Biolog_Plate&Well_PM3BE5
J39871-L1,Glucuronamide,J39871-L1_S293_L001_R1_001.fastq.gz,J39871-L1_S293_L001_R2_001.fastq.gz,Biolog_Plate&Well_PM3BE6
J39872-L1,"D,L-Lactamide",J39872-L1_S294_L001_R1_001.fastq.gz,J39872-L1_S294_L001_R2_001.fastq.gz,Biolog_Plate&Well_PM3BE7
J39873-L1,D-Glucosamine,J39873-L1_S295_L001_R1_001.fastq.gz,J39873-L1_S295_L001_R2_001.fastq.gz,Biolog_Plate&Well_PM3BE8
J39874-L1,D-Galactosamine,J39874-L1_S296_L001_R1_001.fastq.gz,J39874-L1_S296_L001_R2_001.fastq.gz,Biolog_Plate&Well_PM3BE9
J39875-L1,D-Mannosamine,J39875-L1_S297_L001_R1_001.fastq.gz,J39875-L1_S297_L001_R2_001.fastq.gz,Biolog_Plate&Well_PM3BE10
J39876-L1,N-Acetyl-DGlucosamine,J39876-L1_S298_L001_R1_001.fastq.gz,J39876-L1_S298_L001_R2_001.fastq.gz,Biolog_Plate&Well_PM3BE11
J39877-L1,N-Acetyl-DGalactosamine,J39877-L1_S299_L001_R1_001.fastq.gz,J39877-L1_S299_L001_R2_001.fastq.gz,Biolog_Plate&Well_PM3BE12
J39878-L1,N-Acetyl-DMannosamine,J39878-L1_S300_L001_R1_001.fastq.gz,J39878-L1_S300_L001_R2_001.fastq.gz,Biolog_Plate&Well_PM3BF1
J39879-L1,Adenine,J39879-L1_S301_L001_R1_001.fastq.gz,J39879-L1_S301_L001_R2_001.fastq.gz,Biolog_Plate&Well_PM3BF2
J39880-L1,Adenosine,J39880-L1_S302_L001_R1_001.fastq.gz,J39880-L1_S302_L001_R2_001.fastq.gz,Biolog_Plate&Well_PM3BF3
J39881-L1,Cytidine,J39881-L1_S303_L001_R1_001.fastq.gz,J39881-L1_S303_L001_R2_001.fastq.gz,Biolog_Plate&Well_PM3BF4
J39882-L1,Cytosine,J39882-L1_S304_L001_R1_001.fastq.gz,J39882-L1_S304_L001_R2_001.fastq.gz,Biolog_Plate&Well_PM3BF5
J39883-L1,Guanine,J39883-L1_S305_L001_R1_001.fastq.gz,J39883-L1_S305_L001_R2_001.fastq.gz,Biolog_Plate&Well_PM3BF6
J39884-L1,Guanosine,J39884-L1_S306_L001_R1_001.fastq.gz,J39884-L1_S306_L001_R2_001.fastq.gz,Biolog_Plate&Well_PM3BF7
J39885-L1,Thymine,J39885-L1_S307_L001_R1_001.fastq.gz,J39885-L1_S307_L001_R2_001.fastq.gz,Biolog_Plate&Well_PM3BF8
J39886-L1,Thymidine,J39886-L1_S308_L001_R1_001.fastq.gz,J39886-L1_S308_L001_R2_001.fastq.gz,Biolog_Plate&Well_PM3BF9
J39887-L1,Uracil,J39887-L1_S309_L001_R1_001.fastq.gz,J39887-L1_S309_L001_R2_001.fastq.gz,Biolog_Plate&Well_PM3BF10
J39888-L1,Uridine,J39888-L1_S310_L001_R1_001.fastq.gz,J39888-L1_S310_L001_R2_001.fastq.gz,Biolog_Plate&Well_PM3BF11
J39889-L1,Inosine,J39889-L1_S311_L001_R1_001.fastq.gz,J39889-L1_S311_L001_R2_001.fastq.gz,Biolog_Plate&Well_PM3BF12
J39890-L1,Xanthine,J39890-L1_S312_L001_R1_001.fastq.gz,J39890-L1_S312_L001_R2_001.fastq.gz,Biolog_Plate&Well_PM3BG1
J39891-L1,Xanthosine,J39891-L1_S313_L001_R1_001.fastq.gz,J39891-L1_S313_L001_R2_001.fastq.gz,Biolog_Plate&Well_PM3BG2
J39892-L1,UricAcid,J39892-L1_S314_L001_R1_001.fastq.gz,J39892-L1_S314_L001_R2_001.fastq.gz,Biolog_Plate&Well_PM3BG3
J39893-L1,Alloxan,J39893-L1_S315_L001_R1_001.fastq.gz,J39893-L1_S315_L001_R2_001.fastq.gz,Biolog_Plate&Well_PM3BG4
J39894-L1,Allantoin,J39894-L1_S316_L001_R1_001.fastq.gz,J39894-L1_S316_L001_R2_001.fastq.gz,Biolog_Plate&Well_PM3BG5
J39895-L1,ParabanicAcid,J39895-L1_S317_L001_R1_001.fastq.gz,J39895-L1_S317_L001_R2_001.fastq.gz,Biolog_Plate&Well_PM3BG6
J39896-L1,"D,L-?-Amino-NButyricAcid",J39896-L1_S318_L001_R1_001.fastq.gz,J39896-L1_S318_L001_R2_001.fastq.gz,Biolog_Plate&Well_PM3BG7
J39897-L1,?-Amino-NButyricAcid,J39897-L1_S319_L001_R1_001.fastq.gz,J39897-L1_S319_L001_R2_001.fastq.gz,Biolog_Plate&Well_PM3BG8
J39898-L1,?-Amino-NCaproicAcid,J39898-L1_S320_L001_R1_001.fastq.gz,J39898-L1_S320_L001_R2_001.fastq.gz,Biolog_Plate&Well_PM3BG9
J39899-L1,"D,L-?-Amino-CaprylicAcid",J39899-L1_S321_L001_R1_001.fastq.gz,J39899-L1_S321_L001_R2_001.fastq.gz,Biolog_Plate&Well_PM3BG10
J39900-L1,?-Amino-NValericAcid,J39900-L1_S322_L001_R1_001.fastq.gz,J39900-L1_S322_L001_R2_001.fastq.gz,Biolog_Plate&Well_PM3BG11
J39901-L1,?-Amino-NValericAcid,J39901-L1_S323_L001_R1_001.fastq.gz,J39901-L1_S323_L001_R2_001.fastq.gz,Biolog_Plate&Well_PM3BG12
J39902-L1,Ala-Asp,J39902-L1_S324_L001_R1_001.fastq.gz,J39902-L1_S324_L001_R2_001.fastq.gz,Biolog_Plate&Well_PM3BH1
J39903-L1,Ala-Gln,J39903-L1_S325_L001_R1_001.fastq.gz,J39903-L1_S325_L001_R2_001.fastq.gz,Biolog_Plate&Well_PM3BH2
J39904-L1,Ala-Glu,J39904-L1_S326_L001_R1_001.fastq.gz,J39904-L1_S326_L001_R2_001.fastq.gz,Biolog_Plate&Well_PM3BH3
J39905-L1,Ala-Gly,J39905-L1_S327_L001_R1_001.fastq.gz,J39905-L1_S327_L001_R2_001.fastq.gz,Biolog_Plate&Well_PM3BH4
J39906-L1,Ala-His,J39906-L1_S328_L001_R1_001.fastq.gz,J39906-L1_S328_L001_R2_001.fastq.gz,Biolog_Plate&Well_PM3BH5
J39907-L1,Ala-Leu,J39907-L1_S329_L001_R1_001.fastq.gz,J39907-L1_S329_L001_R2_001.fastq.gz,Biolog_Plate&Well_PM3BH6
J39908-L1,Ala-Thr,J39908-L1_S330_L001_R1_001.fastq.gz,J39908-L1_S330_L001_R2_001.fastq.gz,Biolog_Plate&Well_PM3BH7
J39909-L1,Gly-Asn,J39909-L1_S331_L001_R1_001.fastq.gz,J39909-L1_S331_L001_R2_001.fastq.gz,Biolog_Plate&Well_PM3BH8
J39910-L1,Gly-Gln,J39910-L1_S332_L001_R1_001.fastq.gz,J39910-L1_S332_L001_R2_001.fastq.gz,Biolog_Plate&Well_PM3BH9
J39911-L1,Gly-Glu,J39911-L1_S333_L001_R1_001.fastq.gz,J39911-L1_S333_L001_R2_001.fastq.gz,Biolog_Plate&Well_PM3BH10
J39912-L1,Gly-Met,J39912-L1_S334_L001_R1_001.fastq.gz,J39912-L1_S334_L001_R2_001.fastq.gz,Biolog_Plate&Well_PM3BH11
J39913-L1,Met-Ala,J39913-L1_S335_L001_R1_001.fastq.gz,J39913-L1_S335_L001_R2_001.fastq.gz,Biolog_Plate&Well_PM3BH12
J39914-L1,Control,J39914-L1_S336_L001_R1_001.fastq.gz,J39914-L1_S336_L001_R2_001.fastq.gz,Biolog_Plate&Well_PM4AA1
J39915-L1,Phosphate,J39915-L1_S337_L001_R1_001.fastq.gz,J39915-L1_S337_L001_R2_001.fastq.gz,Biolog_Plate&Well_PM4AA2
J39916-L1,Pyrophosphate,J39916-L1_S338_L001_R1_001.fastq.gz,J39916-L1_S338_L001_R2_001.fastq.gz,Biolog_Plate&Well_PM4AA3
J39917-L1,TrimetaPhosphate,J39917-L1_S339_L001_R1_001.fastq.gz,J39917-L1_S339_L001_R2_001.fastq.gz,Biolog_Plate&Well_PM4AA4
J39918-L1,TripolyPhosphate,J39918-L1_S340_L001_R1_001.fastq.gz,J39918-L1_S340_L001_R2_001.fastq.gz,Biolog_Plate&Well_PM4AA5
J39919-L1,TriethylPhosphate,J39919-L1_S341_L001_R1_001.fastq.gz,J39919-L1_S341_L001_R2_001.fastq.gz,Biolog_Plate&Well_PM4AA6
J39920-L1,Hypophosphite,J39920-L1_S342_L001_R1_001.fastq.gz,J39920-L1_S342_L001_R2_001.fastq.gz,Biolog_Plate&Well_PM4AA7
J39921-L1,Adenosine-2’-monophosphate,J39921-L1_S343_L001_R1_001.fastq.gz,J39921-L1_S343_L001_R2_001.fastq.gz,Biolog_Plate&Well_PM4AA8
J39922-L1,Adenosine-3’-monophosphate,J39922-L1_S344_L001_R1_001.fastq.gz,J39922-L1_S344_L001_R2_001.fastq.gz,Biolog_Plate&Well_PM4AA9
J39923-L1,Adenosine-5’-monophosphate,J39923-L1_S345_L001_R1_001.fastq.gz,J39923-L1_S345_L001_R2_001.fastq.gz,Biolog_Plate&Well_PM4AA10
J39924-L1,"Adenosine-2’,3’-cyclicmonophosphate",J39924-L1_S346_L001_R1_001.fastq.gz,J39924-L1_S346_L001_R2_001.fastq.gz,Biolog_Plate&Well_PM4AA11
J39925-L1,"Adenosine-3’,5’-cyclicmonophosphate",J39925-L1_S347_L001_R1_001.fastq.gz,J39925-L1_S347_L001_R2_001.fastq.gz,Biolog_Plate&Well_PM4AA12
J39926-L1,Thiophosphate,J39926-L1_S348_L001_R1_001.fastq.gz,J39926-L1_S348_L001_R2_001.fastq.gz,Biolog_Plate&Well_PM4AB1
J39927-L1,Dithiophosphate,J39927-L1_S349_L001_R1_001.fastq.gz,J39927-L1_S349_L001_R2_001.fastq.gz,Biolog_Plate&Well_PM4AB2
J39928-L1,"D,L-?-GlycerolPhosphate",J39928-L1_S350_L001_R1_001.fastq.gz,J39928-L1_S350_L001_R2_001.fastq.gz,Biolog_Plate&Well_PM4AB3
J39929-L1,ß-GlycerolPhosphate,J39929-L1_S351_L001_R1_001.fastq.gz,J39929-L1_S351_L001_R2_001.fastq.gz,Biolog_Plate&Well_PM4AB4
J39930-L1,CarbamylPhosphate,J39930-L1_S352_L001_R1_001.fastq.gz,J39930-L1_S352_L001_R2_001.fastq.gz,Biolog_Plate&Well_PM4AB5
J39931-L1,D-2-Phospho-GlycericAcid,J39931-L1_S353_L001_R1_001.fastq.gz,J39931-L1_S353_L001_R2_001.fastq.gz,Biolog_Plate&Well_PM4AB6
J39932-L1,D-3-Phospho-GlycericAcid,J39932-L1_S354_L001_R1_001.fastq.gz,J39932-L1_S354_L001_R2_001.fastq.gz,Biolog_Plate&Well_PM4AB7
J39933-L1,Guanosine-2’-monophosphate,J39933-L1_S355_L001_R1_001.fastq.gz,J39933-L1_S355_L001_R2_001.fastq.gz,Biolog_Plate&Well_PM4AB8
J39934-L1,Guanosine-3’-monophosphate,J39934-L1_S356_L001_R1_001.fastq.gz,J39934-L1_S356_L001_R2_001.fastq.gz,Biolog_Plate&Well_PM4AB9
J39935-L1,Guanosine-5’-monophosphate,J39935-L1_S357_L001_R1_001.fastq.gz,J39935-L1_S357_L001_R2_001.fastq.gz,Biolog_Plate&Well_PM4AB10
J39936-L1,"Guanosine-2’,3’-cyclicmonophosphate",J39936-L1_S358_L001_R1_001.fastq.gz,J39936-L1_S358_L001_R2_001.fastq.gz,Biolog_Plate&Well_PM4AB11
J39937-L1,"Guanosine-3’,5’-cyclicmonophosphate",J39937-L1_S359_L001_R1_001.fastq.gz,J39937-L1_S359_L001_R2_001.fastq.gz,Biolog_Plate&Well_PM4AB12
J39938-L1,PhosphoenolPyruvate,J39938-L1_S360_L001_R1_001.fastq.gz,J39938-L1_S360_L001_R2_001.fastq.gz,Biolog_Plate&Well_PM4AC1
J39939-L1,Phospho-GlycolicAcid,J39939-L1_S361_L001_R1_001.fastq.gz,J39939-L1_S361_L001_R2_001.fastq.gz,Biolog_Plate&Well_PM4AC2
J39940-L1,D-Glucose-1-Phosphate,J39940-L1_S362_L001_R1_001.fastq.gz,J39940-L1_S362_L001_R2_001.fastq.gz,Biolog_Plate&Well_PM4AC3
J39941-L1,D-Glucose-6-Phosphate,J39941-L1_S363_L001_R1_001.fastq.gz,J39941-L1_S363_L001_R2_001.fastq.gz,Biolog_Plate&Well_PM4AC4
J39942-L1,2-Deoxy-D-Glucose-6-Phosphate,J39942-L1_S364_L001_R1_001.fastq.gz,J39942-L1_S364_L001_R2_001.fastq.gz,Biolog_Plate&Well_PM4AC5
J39943-L1,D-Glucosamine-6-Phosphate,J39943-L1_S365_L001_R1_001.fastq.gz,J39943-L1_S365_L001_R2_001.fastq.gz,Biolog_Plate&Well_PM4AC6
J39944-L1,6-Phospho-GluconicAcid,J39944-L1_S366_L001_R1_001.fastq.gz,J39944-L1_S366_L001_R2_001.fastq.gz,Biolog_Plate&Well_PM4AC7
J39945-L1,Cytidine-2-monophosphate,J39945-L1_S367_L001_R1_001.fastq.gz,J39945-L1_S367_L001_R2_001.fastq.gz,Biolog_Plate&Well_PM4AC8
J39946-L1,Cytidine-3-monophosphate,J39946-L1_S368_L001_R1_001.fastq.gz,J39946-L1_S368_L001_R2_001.fastq.gz,Biolog_Plate&Well_PM4AC9
J39947-L1,Cytidine-5’-monophosphate,J39947-L1_S369_L001_R1_001.fastq.gz,J39947-L1_S369_L001_R2_001.fastq.gz,Biolog_Plate&Well_PM4AC10
J39948-L1,"Cytidine-2’,3’-cyclicmonophosphate",J39948-L1_S370_L001_R1_001.fastq.gz,J39948-L1_S370_L001_R2_001.fastq.gz,Biolog_Plate&Well_PM4AC11
J39949-L1,"Cytidine-3’,5’-cyclicmonophosphate",J39949-L1_S371_L001_R1_001.fastq.gz,J39949-L1_S371_L001_R2_001.fastq.gz,Biolog_Plate&Well_PM4AC12
J39950-L1,D-Mannose-1-Phosphate,J39950-L1_S372_L001_R1_001.fastq.gz,J39950-L1_S372_L001_R2_001.fastq.gz,Biolog_Plate&Well_PM4AD1
J39951-L1,D-Mannose-6-Phosphate,J39951-L1_S373_L001_R1_001.fastq.gz,J39951-L1_S373_L001_R2_001.fastq.gz,Biolog_Plate&Well_PM4AD2
J39952-L1,Cysteamine-S-Phosphate,J39952-L1_S374_L001_R1_001.fastq.gz,J39952-L1_S374_L001_R2_001.fastq.gz,Biolog_Plate&Well_PM4AD3
J39953-L1,Phospho-L-Arginine,J39953-L1_S375_L001_R1_001.fastq.gz,J39953-L1_S375_L001_R2_001.fastq.gz,Biolog_Plate&Well_PM4AD4
J39954-L1,O-Phospho-D-Serine,J39954-L1_S376_L001_R1_001.fastq.gz,J39954-L1_S376_L001_R2_001.fastq.gz,Biolog_Plate&Well_PM4AD5
J39955-L1,O-Phospho-L-Serine,J39955-L1_S377_L001_R1_001.fastq.gz,J39955-L1_S377_L001_R2_001.fastq.gz,Biolog_Plate&Well_PM4AD6
J39956-L1,O-Phospho-L-Threonine,J39956-L1_S378_L001_R1_001.fastq.gz,J39956-L1_S378_L001_R2_001.fastq.gz,Biolog_Plate&Well_PM4AD7
J39957-L1,Uridine-2’-monophosphate,J39957-L1_S379_L001_R1_001.fastq.gz,J39957-L1_S379_L001_R2_001.fastq.gz,Biolog_Plate&Well_PM4AD8
J39958-L1,Uridine-3’-monophosphate,J39958-L1_S380_L001_R1_001.fastq.gz,J39958-L1_S380_L001_R2_001.fastq.gz,Biolog_Plate&Well_PM4AD9
J39959-L1,Uridine-5’-monophosphate,J39959-L1_S381_L001_R1_001.fastq.gz,J39959-L1_S381_L001_R2_001.fastq.gz,Biolog_Plate&Well_PM4AD10
J39960-L1,"Uridine-2’,3’-cyclicmonophosphate",J39960-L1_S382_L001_R1_001.fastq.gz,J39960-L1_S382_L001_R2_001.fastq.gz,Biolog_Plate&Well_PM4AD11
J39961-L1,"Uridine-3’,5’-cyclicmonophosphate",J39961-L1_S383_L001_R1_001.fastq.gz,J39961-L1_S383_L001_R2_001.fastq.gz,Biolog_Plate&Well_PM4AD12
J40166-L1,O-Phospho-DTyrosine,J40166-L1_S1_L001_R1_001.fastq.gz,J40166-L1_S1_L001_R2_001.fastq.gz,Biolog_Plate&Well_PM4AE1
J40167-L1,O-Phospho-LTyrosine,J40167-L1_S2_L001_R1_001.fastq.gz,J40167-L1_S2_L001_R2_001.fastq.gz,Biolog_Plate&Well_PM4AE2
J40168-L1,Phosphocreatin,J40168-L1_S3_L001_R1_001.fastq.gz,J40168-L1_S3_L001_R2_001.fastq.gz,Biolog_Plate&Well_PM4AE3
J40169-L1,PhosphorylCholine,J40169-L1_S4_L001_R1_001.fastq.gz,J40169-L1_S4_L001_R2_001.fastq.gz,Biolog_Plate&Well_PM4AE4
J40170-L1,O-PhosphorylEthanolamin,J40170-L1_S5_L001_R1_001.fastq.gz,J40170-L1_S5_L001_R2_001.fastq.gz,Biolog_Plate&Well_PM4AE5
J40171-L1,Phosphono Acetic Acid,J40171-L1_S6_L001_R1_001.fastq.gz,J40171-L1_S6_L001_R2_001.fastq.gz,Biolog_Plate&Well_PM4AE6
J40172-L1,2-Aminoethyl Phosphonic Acid,J40172-L1_S7_L001_R1_001.fastq.gz,J40172-L1_S7_L001_R2_001.fastq.gz,Biolog_Plate&Well_PM4AE7
J40173-L1,Methylene Diphosphonic Acid,J40173-L1_S8_L001_R1_001.fastq.gz,J40173-L1_S8_L001_R2_001.fastq.gz,Biolog_Plate&Well_PM4AE8
J40174-L1,Thymidine-3’- monophosphate,J40174-L1_S9_L001_R1_001.fastq.gz,J40174-L1_S9_L001_R2_001.fastq.gz,Biolog_Plate&Well_PM4AE9
J40175-L1,Thymidine-5’- monophosphate,J40175-L1_S10_L001_R1_001.fastq.gz,J40175-L1_S10_L001_R2_001.fastq.gz,Biolog_Plate&Well_PM4AE10
J40176-L1,Inositol Hexaphosphate,J40176-L1_S11_L001_R1_001.fastq.gz,J40176-L1_S11_L001_R2_001.fastq.gz,Biolog_Plate&Well_PM4AE11
J40177-L1,"Thymidine 3’,5’- cyclic monophosphate",J40177-L1_S12_L001_R1_001.fastq.gz,J40177-L1_S12_L001_R2_001.fastq.gz,Biolog_Plate&Well_PM4AE12
J40178-L1,Control,J40178-L1_S13_L001_R1_001.fastq.gz,J40178-L1_S13_L001_R2_001.fastq.gz,Biolog_Plate&Well_PM4AF1
J40179-L1,Sulfate,J40179-L1_S14_L001_R1_001.fastq.gz,J40179-L1_S14_L001_R2_001.fastq.gz,Biolog_Plate&Well_PM4AF2
J40180-L1,Thiosulfate,J40180-L1_S15_L001_R1_001.fastq.gz,J40180-L1_S15_L001_R2_001.fastq.gz,Biolog_Plate&Well_PM4AF3
J40181-L1,T etrathionate,J40181-L1_S16_L001_R1_001.fastq.gz,J40181-L1_S16_L001_R2_001.fastq.gz,Biolog_Plate&Well_PM4AF4
J40182-L1,Thiophosphate,J40182-L1_S17_L001_R1_001.fastq.gz,J40182-L1_S17_L001_R2_001.fastq.gz,Biolog_Plate&Well_PM4AF5
J40183-L1,Dithiophosphate,J40183-L1_S18_L001_R1_001.fastq.gz,J40183-L1_S18_L001_R2_001.fastq.gz,Biolog_Plate&Well_PM4AF6
J40184-L1,L-Cysteine,J40184-L1_S19_L001_R1_001.fastq.gz,J40184-L1_S19_L001_R2_001.fastq.gz,Biolog_Plate&Well_PM4AF7
J40185-L1,D-Cysteine,J40185-L1_S20_L001_R1_001.fastq.gz,J40185-L1_S20_L001_R2_001.fastq.gz,Biolog_Plate&Well_PM4AF8
J40186-L1,L-Cysteinyl- Glycine,J40186-L1_S21_L001_R1_001.fastq.gz,J40186-L1_S21_L001_R2_001.fastq.gz,Biolog_Plate&Well_PM4AF9
J40187-L1,L-Cysteic Acid,J40187-L1_S22_L001_R1_001.fastq.gz,J40187-L1_S22_L001_R2_001.fastq.gz,Biolog_Plate&Well_PM4AF10
J40188-L1,Cysteamine,J40188-L1_S23_L001_R1_001.fastq.gz,J40188-L1_S23_L001_R2_001.fastq.gz,Biolog_Plate&Well_PM4AF11
J40189-L1,L-Cysteine Sulfinic Acid,J40189-L1_S24_L001_R1_001.fastq.gz,J40189-L1_S24_L001_R2_001.fastq.gz,Biolog_Plate&Well_PM4AF12
J40190-L1,N-Acetyl-L- Cysteine,J40190-L1_S25_L001_R1_001.fastq.gz,J40190-L1_S25_L001_R2_001.fastq.gz,Biolog_Plate&Well_PM4AG1
J40191-L1,S-Methyl-L- Cysteine,J40191-L1_S26_L001_R1_001.fastq.gz,J40191-L1_S26_L001_R2_001.fastq.gz,Biolog_Plate&Well_PM4AG2
J40192-L1,Cystathionine,J40192-L1_S27_L001_R1_001.fastq.gz,J40192-L1_S27_L001_R2_001.fastq.gz,Biolog_Plate&Well_PM4AG3
J40193-L1,Lanthionine,J40193-L1_S28_L001_R1_001.fastq.gz,J40193-L1_S28_L001_R2_001.fastq.gz,Biolog_Plate&Well_PM4AG4
J40194-L1,Glutathione,J40194-L1_S29_L001_R1_001.fastq.gz,J40194-L1_S29_L001_R2_001.fastq.gz,Biolog_Plate&Well_PM4AG5
J40195-L1,"D,L-Ethionine",J40195-L1_S30_L001_R1_001.fastq.gz,J40195-L1_S30_L001_R2_001.fastq.gz,Biolog_Plate&Well_PM4AG6
J40196-L1,L-Methionine,J40196-L1_S31_L001_R1_001.fastq.gz,J40196-L1_S31_L001_R2_001.fastq.gz,Biolog_Plate&Well_PM4AG7
J40197-L1,D-Methionine,J40197-L1_S32_L001_R1_001.fastq.gz,J40197-L1_S32_L001_R2_001.fastq.gz,Biolog_Plate&Well_PM4AG8
J40198-L1,Glycyl-L- Methionine,J40198-L1_S33_L001_R1_001.fastq.gz,J40198-L1_S33_L001_R2_001.fastq.gz,Biolog_Plate&Well_PM4AG9
J40199-L1,"N-Acetyl-D,L- Methionine",J40199-L1_S34_L001_R1_001.fastq.gz,J40199-L1_S34_L001_R2_001.fastq.gz,Biolog_Plate&Well_PM4AG10
J40200-L1,L-Methionine Sulfoxide,J40200-L1_S35_L001_R1_001.fastq.gz,J40200-L1_S35_L001_R2_001.fastq.gz,Biolog_Plate&Well_PM4AG11
J40201-L1,L-Methionine Sulfone,J40201-L1_S36_L001_R1_001.fastq.gz,J40201-L1_S36_L001_R2_001.fastq.gz,Biolog_Plate&Well_PM4AG12
J40202-L1,L-Djenkolic Acid,J40202-L1_S37_L001_R1_001.fastq.gz,J40202-L1_S37_L001_R2_001.fastq.gz,Biolog_Plate&Well_PM4AH1
J40203-L1,Thiourea,J40203-L1_S38_L001_R1_001.fastq.gz,J40203-L1_S38_L001_R2_001.fastq.gz,Biolog_Plate&Well_PM4AH2
J40204-L1,1-Thio--DGlucose,J40204-L1_S39_L001_R1_001.fastq.gz,J40204-L1_S39_L001_R2_001.fastq.gz,Biolog_Plate&Well_PM4AH3
J40205-L1,"D,L-Lipoamide",J40205-L1_S40_L001_R1_001.fastq.gz,J40205-L1_S40_L001_R2_001.fastq.gz,Biolog_Plate&Well_PM4AH4
J40206-L1,Taurocholic acid,J40206-L1_S41_L001_R1_001.fastq.gz,J40206-L1_S41_L001_R2_001.fastq.gz,Biolog_Plate&Well_PM4AH5
J40207-L1,Taurine,J40207-L1_S42_L001_R1_001.fastq.gz,J40207-L1_S42_L001_R2_001.fastq.gz,Biolog_Plate&Well_PM4AH6
J40208-L1,Hypotaurine,J40208-L1_S43_L001_R1_001.fastq.gz,J40208-L1_S43_L001_R2_001.fastq.gz,Biolog_Plate&Well_PM4AH7
J40209-L1,p-Amino Benzene Sulfonic Acid,J40209-L1_S44_L001_R1_001.fastq.gz,J40209-L1_S44_L001_R2_001.fastq.gz,Biolog_Plate&Well_PM4AH8
J40210-L1,L-Galactonic Acid-?-Lactone,J40210-L1_S45_L001_R1_001.fastq.gz,J40210-L1_S45_L001_R2_001.fastq.gz,Biolog_Plate&Well_PM4AH9
J40211-L1,D-Galacturonic Acid,J40211-L1_S46_L001_R1_001.fastq.gz,J40211-L1_S46_L001_R2_001.fastq.gz,Biolog_Plate&Well_PM4AH10
J40212-L1,Phenylethyl- amine,J40212-L1_S47_L001_R1_001.fastq.gz,J40212-L1_S47_L001_R2_001.fastq.gz,Biolog_Plate&Well_PM4AH11
J40213-L1,2-Aminoethanol,J40213-L1_S48_L001_R1_001.fastq.gz,J40213-L1_S48_L001_R2_001.fastq.gz,Biolog_Plate&Well_PM4AH12
J40214-L1,Control,J40214-L1_S49_L001_R1_001.fastq.gz,J40214-L1_S49_L001_R2_001.fastq.gz,Biolog_Plate&Well_PM1A1
J40215-L1,L-Arabinose,J40215-L1_S50_L001_R1_001.fastq.gz,J40215-L1_S50_L001_R2_001.fastq.gz,Biolog_Plate&Well_PM1A2
J40216-L1,N-Acetyl-DGlucosamine,J40216-L1_S51_L001_R1_001.fastq.gz,J40216-L1_S51_L001_R2_001.fastq.gz,Biolog_Plate&Well_PM1A3
J40217-L1,D-SaccharicAcid,J40217-L1_S52_L001_R1_001.fastq.gz,J40217-L1_S52_L001_R2_001.fastq.gz,Biolog_Plate&Well_PM1A4
J40218-L1,SuccinicAcid,J40218-L1_S53_L001_R1_001.fastq.gz,J40218-L1_S53_L001_R2_001.fastq.gz,Biolog_Plate&Well_PM1A5
J40219-L1,D-Galactose,J40219-L1_S54_L001_R1_001.fastq.gz,J40219-L1_S54_L001_R2_001.fastq.gz,Biolog_Plate&Well_PM1A6
J40220-L1,L-AsparticAcid,J40220-L1_S55_L001_R1_001.fastq.gz,J40220-L1_S55_L001_R2_001.fastq.gz,Biolog_Plate&Well_PM1A7
J40221-L1,L-Proline,J40221-L1_S56_L001_R1_001.fastq.gz,J40221-L1_S56_L001_R2_001.fastq.gz,Biolog_Plate&Well_PM1A8
J40222-L1,D-Alanine,J40222-L1_S57_L001_R1_001.fastq.gz,J40222-L1_S57_L001_R2_001.fastq.gz,Biolog_Plate&Well_PM1A9
J40223-L1,D-Trehalose,J40223-L1_S58_L001_R1_001.fastq.gz,J40223-L1_S58_L001_R2_001.fastq.gz,Biolog_Plate&Well_PM1A10
J40224-L1,D-Mannose,J40224-L1_S59_L001_R1_001.fastq.gz,J40224-L1_S59_L001_R2_001.fastq.gz,Biolog_Plate&Well_PM1A11
J40225-L1,Dulcitol,J40225-L1_S60_L001_R1_001.fastq.gz,J40225-L1_S60_L001_R2_001.fastq.gz,Biolog_Plate&Well_PM1A12
J40226-L1,D-Serine,J40226-L1_S61_L001_R1_001.fastq.gz,J40226-L1_S61_L001_R2_001.fastq.gz,Biolog_Plate&Well_PM1B1
J40227-L1,D-Sorbitol,J40227-L1_S62_L001_R1_001.fastq.gz,J40227-L1_S62_L001_R2_001.fastq.gz,Biolog_Plate&Well_PM1B2
J40228-L1,Glycerol,J40228-L1_S63_L001_R1_001.fastq.gz,J40228-L1_S63_L001_R2_001.fastq.gz,Biolog_Plate&Well_PM1B3
J40229-L1,L-Fucose,J40229-L1_S64_L001_R1_001.fastq.gz,J40229-L1_S64_L001_R2_001.fastq.gz,Biolog_Plate&Well_PM1B4
J40230-L1,D-GlucuronicAcid,J40230-L1_S65_L001_R1_001.fastq.gz,J40230-L1_S65_L001_R2_001.fastq.gz,Biolog_Plate&Well_PM1B5
J40231-L1,D-GluconicAcid,J40231-L1_S66_L001_R1_001.fastq.gz,J40231-L1_S66_L001_R2_001.fastq.gz,Biolog_Plate&Well_PM1B6
J40232-L1,"D,L--Glycerol-Phosphate",J40232-L1_S67_L001_R1_001.fastq.gz,J40232-L1_S67_L001_R2_001.fastq.gz,Biolog_Plate&Well_PM1B7
J40233-L1,D-Xylose,J40233-L1_S68_L001_R1_001.fastq.gz,J40233-L1_S68_L001_R2_001.fastq.gz,Biolog_Plate&Well_PM1B8
J40234-L1,L-LacticAcid,J40234-L1_S69_L001_R1_001.fastq.gz,J40234-L1_S69_L001_R2_001.fastq.gz,Biolog_Plate&Well_PM1B9
J40235-L1,FormicAcid,J40235-L1_S70_L001_R1_001.fastq.gz,J40235-L1_S70_L001_R2_001.fastq.gz,Biolog_Plate&Well_PM1B10
J40236-L1,D-Mannitol,J40236-L1_S71_L001_R1_001.fastq.gz,J40236-L1_S71_L001_R2_001.fastq.gz,Biolog_Plate&Well_PM1B11
J40237-L1,L-GlutamicAcid,J40237-L1_S72_L001_R1_001.fastq.gz,J40237-L1_S72_L001_R2_001.fastq.gz,Biolog_Plate&Well_PM1B12
J40238-L1,D-Glucose-6Phosphate,J40238-L1_S73_L001_R1_001.fastq.gz,J40238-L1_S73_L001_R2_001.fastq.gz,Biolog_Plate&Well_PM1C1
J40239-L1,D-GalactonicAcid--Lactone,J40239-L1_S74_L001_R1_001.fastq.gz,J40239-L1_S74_L001_R2_001.fastq.gz,Biolog_Plate&Well_PM1C2
J40240-L1,"D,L-MalicAcid",J40240-L1_S75_L001_R1_001.fastq.gz,J40240-L1_S75_L001_R2_001.fastq.gz,Biolog_Plate&Well_PM1C3
J40241-L1,D-Ribose,J40241-L1_S76_L001_R1_001.fastq.gz,J40241-L1_S76_L001_R2_001.fastq.gz,Biolog_Plate&Well_PM1C4
J40242-L1,Tween20,J40242-L1_S77_L001_R1_001.fastq.gz,J40242-L1_S77_L001_R2_001.fastq.gz,Biolog_Plate&Well_PM1C5
J40243-L1,L-Rhamnose,J40243-L1_S78_L001_R1_001.fastq.gz,J40243-L1_S78_L001_R2_001.fastq.gz,Biolog_Plate&Well_PM1C6
J40244-L1,D-Fructose,J40244-L1_S79_L001_R1_001.fastq.gz,J40244-L1_S79_L001_R2_001.fastq.gz,Biolog_Plate&Well_PM1C7
J40245-L1,AceticAcid,J40245-L1_S80_L001_R1_001.fastq.gz,J40245-L1_S80_L001_R2_001.fastq.gz,Biolog_Plate&Well_PM1C8
J40246-L1,D-Glucose,J40246-L1_S81_L001_R1_001.fastq.gz,J40246-L1_S81_L001_R2_001.fastq.gz,Biolog_Plate&Well_PM1C9
J40247-L1,Maltose,J40247-L1_S82_L001_R1_001.fastq.gz,J40247-L1_S82_L001_R2_001.fastq.gz,Biolog_Plate&Well_PM1C10
J40248-L1,D-Melibiose,J40248-L1_S83_L001_R1_001.fastq.gz,J40248-L1_S83_L001_R2_001.fastq.gz,Biolog_Plate&Well_PM1C11
J40249-L1,Thymidine,J40249-L1_S84_L001_R1_001.fastq.gz,J40249-L1_S84_L001_R2_001.fastq.gz,Biolog_Plate&Well_PM1C12
J40250-L1,L-Asparagine,J40250-L1_S85_L001_R1_001.fastq.gz,J40250-L1_S85_L001_R2_001.fastq.gz,Biolog_Plate&Well_PM1D1
J40251-L1,D-AsparticAcid,J40251-L1_S86_L001_R1_001.fastq.gz,J40251-L1_S86_L001_R2_001.fastq.gz,Biolog_Plate&Well_PM1D2
J40252-L1,D-GlucosaminicAcid,J40252-L1_S87_L001_R1_001.fastq.gz,J40252-L1_S87_L001_R2_001.fastq.gz,Biolog_Plate&Well_PM1D3
J40253-L1,"1,2-Propanediol",J40253-L1_S88_L001_R1_001.fastq.gz,J40253-L1_S88_L001_R2_001.fastq.gz,Biolog_Plate&Well_PM1D4
J40254-L1,Tween40,J40254-L1_S89_L001_R1_001.fastq.gz,J40254-L1_S89_L001_R2_001.fastq.gz,Biolog_Plate&Well_PM1D5
J40255-L1,Keto-GlutaricAcid,J40255-L1_S90_L001_R1_001.fastq.gz,J40255-L1_S90_L001_R2_001.fastq.gz,Biolog_Plate&Well_PM1D6
J40256-L1,Keto-ButyricAcid,J40256-L1_S91_L001_R1_001.fastq.gz,J40256-L1_S91_L001_R2_001.fastq.gz,Biolog_Plate&Well_PM1D7
J40257-L1,Methyl-DGalactoside,J40257-L1_S92_L001_R1_001.fastq.gz,J40257-L1_S92_L001_R2_001.fastq.gz,Biolog_Plate&Well_PM1D8
J40258-L1,D-Lactose,J40258-L1_S93_L001_R1_001.fastq.gz,J40258-L1_S93_L001_R2_001.fastq.gz,Biolog_Plate&Well_PM1D9
J40259-L1,Lactulose,J40259-L1_S94_L001_R1_001.fastq.gz,J40259-L1_S94_L001_R2_001.fastq.gz,Biolog_Plate&Well_PM1D10
J40260-L1,Sucrose,J40260-L1_S95_L001_R1_001.fastq.gz,J40260-L1_S95_L001_R2_001.fastq.gz,Biolog_Plate&Well_PM1D11
J40263-L1,L-Glutamine,J40263-L1_S98_L001_R1_001.fastq.gz,J40263-L1_S98_L001_R2_001.fastq.gz,Biolog_Plate&Well_PM1E1
J40264-L1,m-TartaricAcid,J40264-L1_S99_L001_R1_001.fastq.gz,J40264-L1_S99_L001_R2_001.fastq.gz,Biolog_Plate&Well_PM1E2
J40265-L1,D-Glucose-1Phosphate,J40265-L1_S100_L001_R1_001.fastq.gz,J40265-L1_S100_L001_R2_001.fastq.gz,Biolog_Plate&Well_PM1E3
J40266-L1,D-Fructose-6Phosphate,J40266-L1_S101_L001_R1_001.fastq.gz,J40266-L1_S101_L001_R2_001.fastq.gz,Biolog_Plate&Well_PM1E4
J40267-L1,Tween80,J40267-L1_S102_L001_R1_001.fastq.gz,J40267-L1_S102_L001_R2_001.fastq.gz,Biolog_Plate&Well_PM1E5
J40268-L1,HydroxyGlutaricAcid-Lactone,J40268-L1_S103_L001_R1_001.fastq.gz,J40268-L1_S103_L001_R2_001.fastq.gz,Biolog_Plate&Well_PM1E6
J40269-L1,HydroxyButyricAcid,J40269-L1_S104_L001_R1_001.fastq.gz,J40269-L1_S104_L001_R2_001.fastq.gz,Biolog_Plate&Well_PM1E7
J40270-L1,Methyl-DGlucoside,J40270-L1_S105_L001_R1_001.fastq.gz,J40270-L1_S105_L001_R2_001.fastq.gz,Biolog_Plate&Well_PM1E8
J40271-L1,Adonitol,J40271-L1_S106_L001_R1_001.fastq.gz,J40271-L1_S106_L001_R2_001.fastq.gz,Biolog_Plate&Well_PM1E9
J40273-L1,2-DeoxyAdenosine,J40273-L1_S108_L001_R1_001.fastq.gz,J40273-L1_S108_L001_R2_001.fastq.gz,Biolog_Plate&Well_PM1E11
J40274-L1,Adenosine,J40274-L1_S109_L001_R1_001.fastq.gz,J40274-L1_S109_L001_R2_001.fastq.gz,Biolog_Plate&Well_PM1E12
J40275-L1,Glycyl-L-AsparticAcid,J40275-L1_S110_L001_R1_001.fastq.gz,J40275-L1_S110_L001_R2_001.fastq.gz,Biolog_Plate&Well_PM1F1
J40276-L1,CitricAcid,J40276-L1_S111_L001_R1_001.fastq.gz,J40276-L1_S111_L001_R2_001.fastq.gz,Biolog_Plate&Well_PM1F2
J40277-L1,m-Inositol,J40277-L1_S112_L001_R1_001.fastq.gz,J40277-L1_S112_L001_R2_001.fastq.gz,Biolog_Plate&Well_PM1F3
J40278-L1,D-Threonine,J40278-L1_S113_L001_R1_001.fastq.gz,J40278-L1_S113_L001_R2_001.fastq.gz,Biolog_Plate&Well_PM1F4
J40279-L1,FumaricAcid,J40279-L1_S114_L001_R1_001.fastq.gz,J40279-L1_S114_L001_R2_001.fastq.gz,Biolog_Plate&Well_PM1F5
J40280-L1,BromoSuccinicAcid,J40280-L1_S115_L001_R1_001.fastq.gz,J40280-L1_S115_L001_R2_001.fastq.gz,Biolog_Plate&Well_PM1F6
J40281-L1,PropionicAcid,J40281-L1_S116_L001_R1_001.fastq.gz,J40281-L1_S116_L001_R2_001.fastq.gz,Biolog_Plate&Well_PM1F7
J40282-L1,MucicAcid,J40282-L1_S117_L001_R1_001.fastq.gz,J40282-L1_S117_L001_R2_001.fastq.gz,Biolog_Plate&Well_PM1F8
J40283-L1,GlycolicAcid,J40283-L1_S118_L001_R1_001.fastq.gz,J40283-L1_S118_L001_R2_001.fastq.gz,Biolog_Plate&Well_PM1F9
J40284-L1,GlyoxylicAcid,J40284-L1_S119_L001_R1_001.fastq.gz,J40284-L1_S119_L001_R2_001.fastq.gz,Biolog_Plate&Well_PM1F10
J40285-L1,D-Cellobiose,J40285-L1_S120_L001_R1_001.fastq.gz,J40285-L1_S120_L001_R2_001.fastq.gz,Biolog_Plate&Well_PM1F11
J40286-L1,Inosine,J40286-L1_S121_L001_R1_001.fastq.gz,J40286-L1_S121_L001_R2_001.fastq.gz,Biolog_Plate&Well_PM1F12
J40287-L1,Glycyl-LGlutamicAcid,J40287-L1_S122_L001_R1_001.fastq.gz,J40287-L1_S122_L001_R2_001.fastq.gz,Biolog_Plate&Well_PM1G1
J40288-L1,TricarballylicAcid,J40288-L1_S123_L001_R1_001.fastq.gz,J40288-L1_S123_L001_R2_001.fastq.gz,Biolog_Plate&Well_PM1G2
J40289-L1,L-Serine,J40289-L1_S124_L001_R1_001.fastq.gz,J40289-L1_S124_L001_R2_001.fastq.gz,Biolog_Plate&Well_PM1G3
J40290-L1,L-Threonine,J40290-L1_S125_L001_R1_001.fastq.gz,J40290-L1_S125_L001_R2_001.fastq.gz,Biolog_Plate&Well_PM1G4
J40291-L1,L-Alanine,J40291-L1_S126_L001_R1_001.fastq.gz,J40291-L1_S126_L001_R2_001.fastq.gz,Biolog_Plate&Well_PM1G5
J40292-L1,L-Alanyl-Glycine,J40292-L1_S127_L001_R1_001.fastq.gz,J40292-L1_S127_L001_R2_001.fastq.gz,Biolog_Plate&Well_PM1G6
J40293-L1,AcetoaceticAcid,J40293-L1_S128_L001_R1_001.fastq.gz,J40293-L1_S128_L001_R2_001.fastq.gz,Biolog_Plate&Well_PM1G7
J40294-L1,N-Acetyl-?-DMannosamine,J40294-L1_S129_L001_R1_001.fastq.gz,J40294-L1_S129_L001_R2_001.fastq.gz,Biolog_Plate&Well_PM1G8
J40295-L1,MonoMethylSuccinate,J40295-L1_S130_L001_R1_001.fastq.gz,J40295-L1_S130_L001_R2_001.fastq.gz,Biolog_Plate&Well_PM1G9
J40296-L1,MethylPyruvate,J40296-L1_S131_L001_R1_001.fastq.gz,J40296-L1_S131_L001_R2_001.fastq.gz,Biolog_Plate&Well_PM1G10
J40297-L1,D-MalicAcid,J40297-L1_S132_L001_R1_001.fastq.gz,J40297-L1_S132_L001_R2_001.fastq.gz,Biolog_Plate&Well_PM1G11
J40298-L1,L-MalicAcid,J40298-L1_S133_L001_R1_001.fastq.gz,J40298-L1_S133_L001_R2_001.fastq.gz,Biolog_Plate&Well_PM1G12
J40299-L1,Glycyl-L-Proline,J40299-L1_S134_L001_R1_001.fastq.gz,J40299-L1_S134_L001_R2_001.fastq.gz,Biolog_Plate&Well_PM1H1
J40300-L1,p-HydroxyPhenylAceticAcid,J40300-L1_S135_L001_R1_001.fastq.gz,J40300-L1_S135_L001_R2_001.fastq.gz,Biolog_Plate&Well_PM1H2
J40301-L1,m-HydroxyPhenylAceticAcid,J40301-L1_S136_L001_R1_001.fastq.gz,J40301-L1_S136_L001_R2_001.fastq.gz,Biolog_Plate&Well_PM1H3
J40302-L1,Tyramine,J40302-L1_S137_L001_R1_001.fastq.gz,J40302-L1_S137_L001_R2_001.fastq.gz,Biolog_Plate&Well_PM1H4
J40303-L1,D-Psicose,J40303-L1_S138_L001_R1_001.fastq.gz,J40303-L1_S138_L001_R2_001.fastq.gz,Biolog_Plate&Well_PM1H5
J40304-L1,L-Lyxose,J40304-L1_S139_L001_R1_001.fastq.gz,J40304-L1_S139_L001_R2_001.fastq.gz,Biolog_Plate&Well_PM1H6
J40305-L1,Glucuronamide,J40305-L1_S140_L001_R1_001.fastq.gz,J40305-L1_S140_L001_R2_001.fastq.gz,Biolog_Plate&Well_PM1H7
J40306-L1,PyruvicAcid,J40306-L1_S141_L001_R1_001.fastq.gz,J40306-L1_S141_L001_R2_001.fastq.gz,Biolog_Plate&Well_PM1H8
J40307-L1,L-GalactonicAcid--Lactone,J40307-L1_S142_L001_R1_001.fastq.gz,J40307-L1_S142_L001_R2_001.fastq.gz,Biolog_Plate&Well_PM1H9
J40308-L1,D-GalacturonicAcid,J40308-L1_S143_L001_R1_001.fastq.gz,J40308-L1_S143_L001_R2_001.fastq.gz,Biolog_Plate&Well_PM1H10
J40309-L1,Phenylethyl-amine,J40309-L1_S144_L001_R1_001.fastq.gz,J40309-L1_S144_L001_R2_001.fastq.gz,Biolog_Plate&Well_PM1H11
J40310-L1,2-Aminoethanol,J40310-L1_S145_L001_R1_001.fastq.gz,J40310-L1_S145_L001_R2_001.fastq.gz,Biolog_Plate&Well_PM1H12
J40311-L1,Control,J40311-L1_S146_L001_R1_001.fastq.gz,J40311-L1_S146_L001_R2_001.fastq.gz,Biolog_Plate&Well_PM2AA1
J40312-L1,ChondroitinSulfateC,J40312-L1_S147_L001_R1_001.fastq.gz,J40312-L1_S147_L001_R2_001.fastq.gz,Biolog_Plate&Well_PM2AA2
J40313-L1,a-Cyclodextrin,J40313-L1_S148_L001_R1_001.fastq.gz,J40313-L1_S148_L001_R2_001.fastq.gz,Biolog_Plate&Well_PM2AA3
J40314-L1,ß-Cyclodextrin,J40314-L1_S149_L001_R1_001.fastq.gz,J40314-L1_S149_L001_R2_001.fastq.gz,Biolog_Plate&Well_PM2AA4
J40315-L1,Y-Cyclodextrin,J40315-L1_S150_L001_R1_001.fastq.gz,J40315-L1_S150_L001_R2_001.fastq.gz,Biolog_Plate&Well_PM2AA5
J40316-L1,Dextrin,J40316-L1_S151_L001_R1_001.fastq.gz,J40316-L1_S151_L001_R2_001.fastq.gz,Biolog_Plate&Well_PM2AA6
J40317-L1,Gelatin,J40317-L1_S152_L001_R1_001.fastq.gz,J40317-L1_S152_L001_R2_001.fastq.gz,Biolog_Plate&Well_PM2AA7
J40318-L1,Glycogen,J40318-L1_S153_L001_R1_001.fastq.gz,J40318-L1_S153_L001_R2_001.fastq.gz,Biolog_Plate&Well_PM2AA8
J40319-L1,Inulin,J40319-L1_S154_L001_R1_001.fastq.gz,J40319-L1_S154_L001_R2_001.fastq.gz,Biolog_Plate&Well_PM2AA9
J40320-L1,Laminarin,J40320-L1_S155_L001_R1_001.fastq.gz,J40320-L1_S155_L001_R2_001.fastq.gz,Biolog_Plate&Well_PM2AA10
J40321-L1,Mannan,J40321-L1_S156_L001_R1_001.fastq.gz,J40321-L1_S156_L001_R2_001.fastq.gz,Biolog_Plate&Well_PM2AA11
J40322-L1,Pectin,J40322-L1_S157_L001_R1_001.fastq.gz,J40322-L1_S157_L001_R2_001.fastq.gz,Biolog_Plate&Well_PM2AA12
J40323-L1,N-Acetyl-D-Galactosamine,J40323-L1_S158_L001_R1_001.fastq.gz,J40323-L1_S158_L001_R2_001.fastq.gz,Biolog_Plate&Well_PM2AB1
J40324-L1,N-Acetyl-NeuraminicAcid,J40324-L1_S159_L001_R1_001.fastq.gz,J40324-L1_S159_L001_R2_001.fastq.gz,Biolog_Plate&Well_PM2AB2
J40325-L1,ß-D-Allose,J40325-L1_S160_L001_R1_001.fastq.gz,J40325-L1_S160_L001_R2_001.fastq.gz,Biolog_Plate&Well_PM2AB3
J40326-L1,Amygdalin,J40326-L1_S161_L001_R1_001.fastq.gz,J40326-L1_S161_L001_R2_001.fastq.gz,Biolog_Plate&Well_PM2AB4
J40327-L1,D-Arabinose,J40327-L1_S162_L001_R1_001.fastq.gz,J40327-L1_S162_L001_R2_001.fastq.gz,Biolog_Plate&Well_PM2AB5
J40328-L1,D-Arabitol,J40328-L1_S163_L001_R1_001.fastq.gz,J40328-L1_S163_L001_R2_001.fastq.gz,Biolog_Plate&Well_PM2AB6
J40329-L1,L-Arabitol,J40329-L1_S164_L001_R1_001.fastq.gz,J40329-L1_S164_L001_R2_001.fastq.gz,Biolog_Plate&Well_PM2AB7
J40330-L1,Arbutin,J40330-L1_S165_L001_R1_001.fastq.gz,J40330-L1_S165_L001_R2_001.fastq.gz,Biolog_Plate&Well_PM2AB8
J40331-L1,2-Deoxy-D-Ribose,J40331-L1_S166_L001_R1_001.fastq.gz,J40331-L1_S166_L001_R2_001.fastq.gz,Biolog_Plate&Well_PM2AB9
J40332-L1,i-Erythritol,J40332-L1_S167_L001_R1_001.fastq.gz,J40332-L1_S167_L001_R2_001.fastq.gz,Biolog_Plate&Well_PM2AB10
J40333-L1,D-Fucose,J40333-L1_S168_L001_R1_001.fastq.gz,J40333-L1_S168_L001_R2_001.fastq.gz,Biolog_Plate&Well_PM2AB11
J40334-L1,3-0-ß-D-Galactopyranosyl-D-Arabinose,J40334-L1_S169_L001_R1_001.fastq.gz,J40334-L1_S169_L001_R2_001.fastq.gz,Biolog_Plate&Well_PM2AB12
J40335-L1,Gentiobiose,J40335-L1_S170_L001_R1_001.fastq.gz,J40335-L1_S170_L001_R2_001.fastq.gz,Biolog_Plate&Well_PM2AC1
J40336-L1,L-Glucose,J40336-L1_S171_L001_R1_001.fastq.gz,J40336-L1_S171_L001_R2_001.fastq.gz,Biolog_Plate&Well_PM2AC2
J40337-L1,Lactitol,J40337-L1_S172_L001_R1_001.fastq.gz,J40337-L1_S172_L001_R2_001.fastq.gz,Biolog_Plate&Well_PM2AC3
J40338-L1,D-Melezitose,J40338-L1_S173_L001_R1_001.fastq.gz,J40338-L1_S173_L001_R2_001.fastq.gz,Biolog_Plate&Well_PM2AC4
J40339-L1,Maltitol,J40339-L1_S174_L001_R1_001.fastq.gz,J40339-L1_S174_L001_R2_001.fastq.gz,Biolog_Plate&Well_PM2AC5
J40340-L1,a-Methyl-D-Glucoside,J40340-L1_S175_L001_R1_001.fastq.gz,J40340-L1_S175_L001_R2_001.fastq.gz,Biolog_Plate&Well_PM2AC6
J40341-L1,ß-Methyl-D-Galactoside,J40341-L1_S176_L001_R1_001.fastq.gz,J40341-L1_S176_L001_R2_001.fastq.gz,Biolog_Plate&Well_PM2AC7
J40342-L1,3-MethylGlucose,J40342-L1_S177_L001_R1_001.fastq.gz,J40342-L1_S177_L001_R2_001.fastq.gz,Biolog_Plate&Well_PM2AC8
J40343-L1,ß-Methyl-D-GlucuronicAcid,J40343-L1_S178_L001_R1_001.fastq.gz,J40343-L1_S178_L001_R2_001.fastq.gz,Biolog_Plate&Well_PM2AC9
J40344-L1,b-Methyl-D-Mannoside,J40344-L1_S179_L001_R1_001.fastq.gz,J40344-L1_S179_L001_R2_001.fastq.gz,Biolog_Plate&Well_PM2AC10
J40345-L1,ß-Methyl-D-Xyloside,J40345-L1_S180_L001_R1_001.fastq.gz,J40345-L1_S180_L001_R2_001.fastq.gz,Biolog_Plate&Well_PM2AC11
J40347-L1,D-Raffinose,J40347-L1_S182_L001_R1_001.fastq.gz,J40347-L1_S182_L001_R2_001.fastq.gz,Biolog_Plate&Well_PM2AD1
J40348-L1,Salicin,J40348-L1_S183_L001_R1_001.fastq.gz,J40348-L1_S183_L001_R2_001.fastq.gz,Biolog_Plate&Well_PM2AD2
J40349-L1,Sedoheptulosan,J40349-L1_S184_L001_R1_001.fastq.gz,J40349-L1_S184_L001_R2_001.fastq.gz,Biolog_Plate&Well_PM2AD3
J40350-L1,L-Sorbose,J40350-L1_S185_L001_R1_001.fastq.gz,J40350-L1_S185_L001_R2_001.fastq.gz,Biolog_Plate&Well_PM2AD4
J40351-L1,Stachyose,J40351-L1_S186_L001_R1_001.fastq.gz,J40351-L1_S186_L001_R2_001.fastq.gz,Biolog_Plate&Well_PM2AD5
J40352-L1,D-Tagatose,J40352-L1_S187_L001_R1_001.fastq.gz,J40352-L1_S187_L001_R2_001.fastq.gz,Biolog_Plate&Well_PM2AD6
J40353-L1,Turanose,J40353-L1_S188_L001_R1_001.fastq.gz,J40353-L1_S188_L001_R2_001.fastq.gz,Biolog_Plate&Well_PM2AD7
J40354-L1,Xylitol,J40354-L1_S189_L001_R1_001.fastq.gz,J40354-L1_S189_L001_R2_001.fastq.gz,Biolog_Plate&Well_PM2AD8
J40355-L1,N-Acetyl-D-Glucosaminitol,J40355-L1_S190_L001_R1_001.fastq.gz,J40355-L1_S190_L001_R2_001.fastq.gz,Biolog_Plate&Well_PM2AD9
J40356-L1,?-AminoButyricAcid,J40356-L1_S191_L001_R1_001.fastq.gz,J40356-L1_S191_L001_R2_001.fastq.gz,Biolog_Plate&Well_PM2AD10
J40359-L1,ButyricAcid,J40359-L1_S194_L001_R1_001.fastq.gz,J40359-L1_S194_L001_R2_001.fastq.gz,Biolog_Plate&Well_PM2AD12
J40360-L1,CapricAcid,J40360-L1_S195_L001_R1_001.fastq.gz,J40360-L1_S195_L001_R2_001.fastq.gz,Biolog_Plate&Well_PM2AE1
J40361-L1,CaproicAcid,J40361-L1_S196_L001_R1_001.fastq.gz,J40361-L1_S196_L001_R2_001.fastq.gz,Biolog_Plate&Well_PM2AE2
J40362-L1,CitraconicAcid,J40362-L1_S197_L001_R1_001.fastq.gz,J40362-L1_S197_L001_R2_001.fastq.gz,Biolog_Plate&Well_PM2AE3
J40363-L1,CitramalicAcid,J40363-L1_S198_L001_R1_001.fastq.gz,J40363-L1_S198_L001_R2_001.fastq.gz,Biolog_Plate&Well_PM2AE4
J40364-L1,D-Glucosamine,J40364-L1_S199_L001_R1_001.fastq.gz,J40364-L1_S199_L001_R2_001.fastq.gz,Biolog_Plate&Well_PM2AE5
J40365-L1,2-HydroxyBenzoicAcid,J40365-L1_S200_L001_R1_001.fastq.gz,J40365-L1_S200_L001_R2_001.fastq.gz,Biolog_Plate&Well_PM2AE6
J40366-L1,4-HydroxyBenzoicAcid,J40366-L1_S201_L001_R1_001.fastq.gz,J40366-L1_S201_L001_R2_001.fastq.gz,Biolog_Plate&Well_PM2AE7
J40367-L1,ß-HydroxyButyricAcid,J40367-L1_S202_L001_R1_001.fastq.gz,J40367-L1_S202_L001_R2_001.fastq.gz,Biolog_Plate&Well_PM2AE8
J40368-L1,GlycolicAcid,J40368-L1_S203_L001_R1_001.fastq.gz,J40368-L1_S203_L001_R2_001.fastq.gz,Biolog_Plate&Well_PM2AE9
J40369-L1,a-Keto-ValericAcid,J40369-L1_S204_L001_R1_001.fastq.gz,J40369-L1_S204_L001_R2_001.fastq.gz,Biolog_Plate&Well_PM2AE10
J40370-L1,ItaconicAcid,J40370-L1_S205_L001_R1_001.fastq.gz,J40370-L1_S205_L001_R2_001.fastq.gz,Biolog_Plate&Well_PM2AE11
J40371-L1,5-Keto-D-GluconicAcid,J40371-L1_S206_L001_R1_001.fastq.gz,J40371-L1_S206_L001_R2_001.fastq.gz,Biolog_Plate&Well_PM2AE12
J40372-L1,D-LacticAcidMethylEster,J40372-L1_S207_L001_R1_001.fastq.gz,J40372-L1_S207_L001_R2_001.fastq.gz,Biolog_Plate&Well_PM2AF1
J40373-L1,MalonicAcid,J40373-L1_S208_L001_R1_001.fastq.gz,J40373-L1_S208_L001_R2_001.fastq.gz,Biolog_Plate&Well_PM2AF2
J40374-L1,MelibionicAcid,J40374-L1_S209_L001_R1_001.fastq.gz,J40374-L1_S209_L001_R2_001.fastq.gz,Biolog_Plate&Well_PM2AF3
J40375-L1,OxalicAcid,J40375-L1_S210_L001_R1_001.fastq.gz,J40375-L1_S210_L001_R2_001.fastq.gz,Biolog_Plate&Well_PM2AF4
J40376-L1,OxalomalicAcid,J40376-L1_S211_L001_R1_001.fastq.gz,J40376-L1_S211_L001_R2_001.fastq.gz,Biolog_Plate&Well_PM2AF5
J40377-L1,QuinicAcid,J40377-L1_S212_L001_R1_001.fastq.gz,J40377-L1_S212_L001_R2_001.fastq.gz,Biolog_Plate&Well_PM2AF6
J40378-L1,"D-Ribone-1,4-Lactone",J40378-L1_S213_L001_R1_001.fastq.gz,J40378-L1_S213_L001_R2_001.fastq.gz,Biolog_Plate&Well_PM2AF7
J40379-L1,SebacicAcid,J40379-L1_S214_L001_R1_001.fastq.gz,J40379-L1_S214_L001_R2_001.fastq.gz,Biolog_Plate&Well_PM2AF8
J40380-L1,SorbicAcid,J40380-L1_S215_L001_R1_001.fastq.gz,J40380-L1_S215_L001_R2_001.fastq.gz,Biolog_Plate&Well_PM2AF9
J40381-L1,SuccinamicAcid,J40381-L1_S216_L001_R1_001.fastq.gz,J40381-L1_S216_L001_R2_001.fastq.gz,Biolog_Plate&Well_PM2AF10
J40382-L1,D-TartaricAcid,J40382-L1_S217_L001_R1_001.fastq.gz,J40382-L1_S217_L001_R2_001.fastq.gz,Biolog_Plate&Well_PM2AF11
J40383-L1,L-TartaricAcid,J40383-L1_S218_L001_R1_001.fastq.gz,J40383-L1_S218_L001_R2_001.fastq.gz,Biolog_Plate&Well_PM2AF12
J40384-L1,Acetamide,J40384-L1_S219_L001_R1_001.fastq.gz,J40384-L1_S219_L001_R2_001.fastq.gz,Biolog_Plate&Well_PM2AG1
J40385-L1,L-Alaninamide,J40385-L1_S220_L001_R1_001.fastq.gz,J40385-L1_S220_L001_R2_001.fastq.gz,Biolog_Plate&Well_PM2AG2
J40386-L1,N-Acetyl-L-GlutamicAcid,J40386-L1_S221_L001_R1_001.fastq.gz,J40386-L1_S221_L001_R2_001.fastq.gz,Biolog_Plate&Well_PM2AG3
J40387-L1,L-Arginine,J40387-L1_S222_L001_R1_001.fastq.gz,J40387-L1_S222_L001_R2_001.fastq.gz,Biolog_Plate&Well_PM2AG4
J40388-L1,Glycine,J40388-L1_S223_L001_R1_001.fastq.gz,J40388-L1_S223_L001_R2_001.fastq.gz,Biolog_Plate&Well_PM2AG5
J40389-L1,L-Histidine,J40389-L1_S224_L001_R1_001.fastq.gz,J40389-L1_S224_L001_R2_001.fastq.gz,Biolog_Plate&Well_PM2AG6
J40390-L1,L-Homoserine,J40390-L1_S225_L001_R1_001.fastq.gz,J40390-L1_S225_L001_R2_001.fastq.gz,Biolog_Plate&Well_PM2AG7
J40391-L1,Hydroxy-Lproline,J40391-L1_S226_L001_R1_001.fastq.gz,J40391-L1_S226_L001_R2_001.fastq.gz,Biolog_Plate&Well_PM2AG8
J40392-L1,L-Isoleucine,J40392-L1_S227_L001_R1_001.fastq.gz,J40392-L1_S227_L001_R2_001.fastq.gz,Biolog_Plate&Well_PM2AG9
J40393-L1,L-Leucine,J40393-L1_S228_L001_R1_001.fastq.gz,J40393-L1_S228_L001_R2_001.fastq.gz,Biolog_Plate&Well_PM2AG10
J40394-L1,L-Lysine,J40394-L1_S229_L001_R1_001.fastq.gz,J40394-L1_S229_L001_R2_001.fastq.gz,Biolog_Plate&Well_PM2AG11
J40395-L1,L-Methionine,J40395-L1_S230_L001_R1_001.fastq.gz,J40395-L1_S230_L001_R2_001.fastq.gz,Biolog_Plate&Well_PM2AG12
J40396-L1,L-Ornithine,J40396-L1_S231_L001_R1_001.fastq.gz,J40396-L1_S231_L001_R2_001.fastq.gz,Biolog_Plate&Well_PM2AH1
J40397-L1,L-Phenylalanine,J40397-L1_S232_L001_R1_001.fastq.gz,J40397-L1_S232_L001_R2_001.fastq.gz,Biolog_Plate&Well_PM2AH2
J40398-L1,L-PyroglutamicAcid,J40398-L1_S233_L001_R1_001.fastq.gz,J40398-L1_S233_L001_R2_001.fastq.gz,Biolog_Plate&Well_PM2AH3
J40399-L1,L-Valine,J40399-L1_S234_L001_R1_001.fastq.gz,J40399-L1_S234_L001_R2_001.fastq.gz,Biolog_Plate&Well_PM2AH4
J40400-L1,"D,L-Carnitine",J40400-L1_S235_L001_R1_001.fastq.gz,J40400-L1_S235_L001_R2_001.fastq.gz,Biolog_Plate&Well_PM2AH5
J40401-L1,Sec-Butylamine,J40401-L1_S236_L001_R1_001.fastq.gz,J40401-L1_S236_L001_R2_001.fastq.gz,Biolog_Plate&Well_PM2AH6
J40402-L1,"D,L-Octopamine",J40402-L1_S237_L001_R1_001.fastq.gz,J40402-L1_S237_L001_R2_001.fastq.gz,Biolog_Plate&Well_PM2AH7
J40403-L1,Putrescine,J40403-L1_S238_L001_R1_001.fastq.gz,J40403-L1_S238_L001_R2_001.fastq.gz,Biolog_Plate&Well_PM2AH8
J40404-L1,DihydroxyAcetone,J40404-L1_S239_L001_R1_001.fastq.gz,J40404-L1_S239_L001_R2_001.fastq.gz,Biolog_Plate&Well_PM2AH9
J40405-L1,"2,3-Butanediol",J40405-L1_S240_L001_R1_001.fastq.gz,J40405-L1_S240_L001_R2_001.fastq.gz,Biolog_Plate&Well_PM2AH10
J40406-L1,"2,3-Butanedione",J40406-L1_S241_L001_R1_001.fastq.gz,J40406-L1_S241_L001_R2_001.fastq.gz,Biolog_Plate&Well_PM2AH11
J40407-L1,3-Hydroxy-2-Butanone,J40407-L1_S242_L001_R1_001.fastq.gz,J40407-L1_S242_L001_R2_001.fastq.gz,Biolog_Plate&Well_PM2AH12
J40408-L1,Control,J40408-L1_S243_L001_R1_001.fastq.gz,J40408-L1_S243_L001_R2_001.fastq.gz,Biolog_Plate&Well_PM3BA1
J40409-L1,Ammonia,J40409-L1_S244_L001_R1_001.fastq.gz,J40409-L1_S244_L001_R2_001.fastq.gz,Biolog_Plate&Well_PM3BA2
J40410-L1,Nitrite,J40410-L1_S245_L001_R1_001.fastq.gz,J40410-L1_S245_L001_R2_001.fastq.gz,Biolog_Plate&Well_PM3BA3
J40411-L1,Nitrate,J40411-L1_S246_L001_R1_001.fastq.gz,J40411-L1_S246_L001_R2_001.fastq.gz,Biolog_Plate&Well_PM3BA4
J40412-L1,Urea,J40412-L1_S247_L001_R1_001.fastq.gz,J40412-L1_S247_L001_R2_001.fastq.gz,Biolog_Plate&Well_PM3BA5
J40413-L1,Biuret,J40413-L1_S248_L001_R1_001.fastq.gz,J40413-L1_S248_L001_R2_001.fastq.gz,Biolog_Plate&Well_PM3BA6
J40414-L1,L-Alanine,J40414-L1_S249_L001_R1_001.fastq.gz,J40414-L1_S249_L001_R2_001.fastq.gz,Biolog_Plate&Well_PM3BA7
J40415-L1,L-Arginine,J40415-L1_S250_L001_R1_001.fastq.gz,J40415-L1_S250_L001_R2_001.fastq.gz,Biolog_Plate&Well_PM3BA8
J40416-L1,L-Asparagine,J40416-L1_S251_L001_R1_001.fastq.gz,J40416-L1_S251_L001_R2_001.fastq.gz,Biolog_Plate&Well_PM3BA9
J40417-L1,L-AsparticAcid,J40417-L1_S252_L001_R1_001.fastq.gz,J40417-L1_S252_L001_R2_001.fastq.gz,Biolog_Plate&Well_PM3BA10
J40418-L1,L-Cysteine,J40418-L1_S253_L001_R1_001.fastq.gz,J40418-L1_S253_L001_R2_001.fastq.gz,Biolog_Plate&Well_PM3BA11
J40419-L1,L-GlutamicAcid,J40419-L1_S254_L001_R1_001.fastq.gz,J40419-L1_S254_L001_R2_001.fastq.gz,Biolog_Plate&Well_PM3BA12
J40420-L1,L-Glutamine,J40420-L1_S255_L001_R1_001.fastq.gz,J40420-L1_S255_L001_R2_001.fastq.gz,Biolog_Plate&Well_PM3BB1
J40421-L1,Glycine,J40421-L1_S256_L001_R1_001.fastq.gz,J40421-L1_S256_L001_R2_001.fastq.gz,Biolog_Plate&Well_PM3BB2
J40422-L1,L-Histidine,J40422-L1_S257_L001_R1_001.fastq.gz,J40422-L1_S257_L001_R2_001.fastq.gz,Biolog_Plate&Well_PM3BB3
J40423-L1,L-Isoleucine,J40423-L1_S258_L001_R1_001.fastq.gz,J40423-L1_S258_L001_R2_001.fastq.gz,Biolog_Plate&Well_PM3BB4
J40424-L1,L-Leucine,J40424-L1_S259_L001_R1_001.fastq.gz,J40424-L1_S259_L001_R2_001.fastq.gz,Biolog_Plate&Well_PM3BB5
J40425-L1,L-Lysine,J40425-L1_S260_L001_R1_001.fastq.gz,J40425-L1_S260_L001_R2_001.fastq.gz,Biolog_Plate&Well_PM3BB6
J40426-L1,L-Methionine,J40426-L1_S261_L001_R1_001.fastq.gz,J40426-L1_S261_L001_R2_001.fastq.gz,Biolog_Plate&Well_PM3BB7
J40427-L1,L-Phenylalanine,J40427-L1_S262_L001_R1_001.fastq.gz,J40427-L1_S262_L001_R2_001.fastq.gz,Biolog_Plate&Well_PM3BB8
J40428-L1,L-Proline,J40428-L1_S263_L001_R1_001.fastq.gz,J40428-L1_S263_L001_R2_001.fastq.gz,Biolog_Plate&Well_PM3BB9
J40429-L1,L-Serine,J40429-L1_S264_L001_R1_001.fastq.gz,J40429-L1_S264_L001_R2_001.fastq.gz,Biolog_Plate&Well_PM3BB10
J40430-L1,L-Threonine,J40430-L1_S265_L001_R1_001.fastq.gz,J40430-L1_S265_L001_R2_001.fastq.gz,Biolog_Plate&Well_PM3BB11
J40431-L1,L-Tryptophan,J40431-L1_S266_L001_R1_001.fastq.gz,J40431-L1_S266_L001_R2_001.fastq.gz,Biolog_Plate&Well_PM3BB12
J40432-L1,L-Tyrosine,J40432-L1_S267_L001_R1_001.fastq.gz,J40432-L1_S267_L001_R2_001.fastq.gz,Biolog_Plate&Well_PM3BC1
J40433-L1,L-Valine,J40433-L1_S268_L001_R1_001.fastq.gz,J40433-L1_S268_L001_R2_001.fastq.gz,Biolog_Plate&Well_PM3BC2
J40434-L1,D-Alanine,J40434-L1_S269_L001_R1_001.fastq.gz,J40434-L1_S269_L001_R2_001.fastq.gz,Biolog_Plate&Well_PM3BC3
J40435-L1,D-Asparagine,J40435-L1_S270_L001_R1_001.fastq.gz,J40435-L1_S270_L001_R2_001.fastq.gz,Biolog_Plate&Well_PM3BC4
J40436-L1,D-AsparticAcid,J40436-L1_S271_L001_R1_001.fastq.gz,J40436-L1_S271_L001_R2_001.fastq.gz,Biolog_Plate&Well_PM3BC5
J40437-L1,D-GlutamicAcid,J40437-L1_S272_L001_R1_001.fastq.gz,J40437-L1_S272_L001_R2_001.fastq.gz,Biolog_Plate&Well_PM3BC6
J40438-L1,D-Lysine,J40438-L1_S273_L001_R1_001.fastq.gz,J40438-L1_S273_L001_R2_001.fastq.gz,Biolog_Plate&Well_PM3BC7
J40439-L1,D-Serine,J40439-L1_S274_L001_R1_001.fastq.gz,J40439-L1_S274_L001_R2_001.fastq.gz,Biolog_Plate&Well_PM3BC8
J40440-L1,D-Valine,J40440-L1_S275_L001_R1_001.fastq.gz,J40440-L1_S275_L001_R2_001.fastq.gz,Biolog_Plate&Well_PM3BC9
J40441-L1,L-Citrulline,J40441-L1_S276_L001_R1_001.fastq.gz,J40441-L1_S276_L001_R2_001.fastq.gz,Biolog_Plate&Well_PM3BC10
J40442-L1,L-Homoserine,J40442-L1_S277_L001_R1_001.fastq.gz,J40442-L1_S277_L001_R2_001.fastq.gz,Biolog_Plate&Well_PM3BC11
J40443-L1,L-Ornithine,J40443-L1_S278_L001_R1_001.fastq.gz,J40443-L1_S278_L001_R2_001.fastq.gz,Biolog_Plate&Well_PM3BC12
J40444-L1,N-Acetyl-LGlutamicAcid,J40444-L1_S279_L001_R1_001.fastq.gz,J40444-L1_S279_L001_R2_001.fastq.gz,Biolog_Plate&Well_PM3BD1
J40445-L1,N-Phthaloyl-LGlutamicAcid,J40445-L1_S280_L001_R1_001.fastq.gz,J40445-L1_S280_L001_R2_001.fastq.gz,Biolog_Plate&Well_PM3BD2
J40446-L1,L-PyroglutamicAcid,J40446-L1_S281_L001_R1_001.fastq.gz,J40446-L1_S281_L001_R2_001.fastq.gz,Biolog_Plate&Well_PM3BD3
J40447-L1,Hydroxylamine,J40447-L1_S282_L001_R1_001.fastq.gz,J40447-L1_S282_L001_R2_001.fastq.gz,Biolog_Plate&Well_PM3BD4
J40448-L1,Methylamine,J40448-L1_S283_L001_R1_001.fastq.gz,J40448-L1_S283_L001_R2_001.fastq.gz,Biolog_Plate&Well_PM3BD5
J40449-L1,N-Amylamine,J40449-L1_S284_L001_R1_001.fastq.gz,J40449-L1_S284_L001_R2_001.fastq.gz,Biolog_Plate&Well_PM3BD6
J40450-L1,N-Butylamine,J40450-L1_S285_L001_R1_001.fastq.gz,J40450-L1_S285_L001_R2_001.fastq.gz,Biolog_Plate&Well_PM3BD7
J40451-L1,Ethylamine,J40451-L1_S286_L001_R1_001.fastq.gz,J40451-L1_S286_L001_R2_001.fastq.gz,Biolog_Plate&Well_PM3BD8
J40452-L1,Ethanolamine,J40452-L1_S287_L001_R1_001.fastq.gz,J40452-L1_S287_L001_R2_001.fastq.gz,Biolog_Plate&Well_PM3BD9
J40455-L1,Putrescine,J40455-L1_S290_L001_R1_001.fastq.gz,J40455-L1_S290_L001_R2_001.fastq.gz,Biolog_Plate&Well_PM3BD11
J40456-L1,Agmatine,J40456-L1_S291_L001_R1_001.fastq.gz,J40456-L1_S291_L001_R2_001.fastq.gz,Biolog_Plate&Well_PM3BD12
J40457-L1,Histamine,J40457-L1_S292_L001_R1_001.fastq.gz,J40457-L1_S292_L001_R2_001.fastq.gz,Biolog_Plate&Well_PM3BE1
J40458-L1,?-Phenylethyl-amine,J40458-L1_S293_L001_R1_001.fastq.gz,J40458-L1_S293_L001_R2_001.fastq.gz,Biolog_Plate&Well_PM3BE2
J40459-L1,Tyramine,J40459-L1_S294_L001_R1_001.fastq.gz,J40459-L1_S294_L001_R2_001.fastq.gz,Biolog_Plate&Well_PM3BE3
J40460-L1,Acetamide,J40460-L1_S295_L001_R1_001.fastq.gz,J40460-L1_S295_L001_R2_001.fastq.gz,Biolog_Plate&Well_PM3BE4
J40461-L1,Formamide,J40461-L1_S296_L001_R1_001.fastq.gz,J40461-L1_S296_L001_R2_001.fastq.gz,Biolog_Plate&Well_PM3BE5
J40462-L1,Glucuronamide,J40462-L1_S297_L001_R1_001.fastq.gz,J40462-L1_S297_L001_R2_001.fastq.gz,Biolog_Plate&Well_PM3BE6
J40463-L1,"D,L-Lactamide",J40463-L1_S298_L001_R1_001.fastq.gz,J40463-L1_S298_L001_R2_001.fastq.gz,Biolog_Plate&Well_PM3BE7
J40464-L1,D-Glucosamine,J40464-L1_S299_L001_R1_001.fastq.gz,J40464-L1_S299_L001_R2_001.fastq.gz,Biolog_Plate&Well_PM3BE8
J40465-L1,D-Galactosamine,J40465-L1_S300_L001_R1_001.fastq.gz,J40465-L1_S300_L001_R2_001.fastq.gz,Biolog_Plate&Well_PM3BE9
J40466-L1,D-Mannosamine,J40466-L1_S301_L001_R1_001.fastq.gz,J40466-L1_S301_L001_R2_001.fastq.gz,Biolog_Plate&Well_PM3BE10
J40467-L1,N-Acetyl-DGlucosamine,J40467-L1_S302_L001_R1_001.fastq.gz,J40467-L1_S302_L001_R2_001.fastq.gz,Biolog_Plate&Well_PM3BE11
J40468-L1,N-Acetyl-DGalactosamine,J40468-L1_S303_L001_R1_001.fastq.gz,J40468-L1_S303_L001_R2_001.fastq.gz,Biolog_Plate&Well_PM3BE12
J40469-L1,N-Acetyl-DMannosamine,J40469-L1_S304_L001_R1_001.fastq.gz,J40469-L1_S304_L001_R2_001.fastq.gz,Biolog_Plate&Well_PM3BF1
J40470-L1,Adenine,J40470-L1_S305_L001_R1_001.fastq.gz,J40470-L1_S305_L001_R2_001.fastq.gz,Biolog_Plate&Well_PM3BF2
J40471-L1,Adenosine,J40471-L1_S306_L001_R1_001.fastq.gz,J40471-L1_S306_L001_R2_001.fastq.gz,Biolog_Plate&Well_PM3BF3
J40472-L1,Cytidine,J40472-L1_S307_L001_R1_001.fastq.gz,J40472-L1_S307_L001_R2_001.fastq.gz,Biolog_Plate&Well_PM3BF4
J40473-L1,Cytosine,J40473-L1_S308_L001_R1_001.fastq.gz,J40473-L1_S308_L001_R2_001.fastq.gz,Biolog_Plate&Well_PM3BF5
J40474-L1,Guanine,J40474-L1_S309_L001_R1_001.fastq.gz,J40474-L1_S309_L001_R2_001.fastq.gz,Biolog_Plate&Well_PM3BF6
J40475-L1,Guanosine,J40475-L1_S310_L001_R1_001.fastq.gz,J40475-L1_S310_L001_R2_001.fastq.gz,Biolog_Plate&Well_PM3BF7
J40476-L1,Thymine,J40476-L1_S311_L001_R1_001.fastq.gz,J40476-L1_S311_L001_R2_001.fastq.gz,Biolog_Plate&Well_PM3BF8
J40477-L1,Thymidine,J40477-L1_S312_L001_R1_001.fastq.gz,J40477-L1_S312_L001_R2_001.fastq.gz,Biolog_Plate&Well_PM3BF9
J40478-L1,Uracil,J40478-L1_S313_L001_R1_001.fastq.gz,J40478-L1_S313_L001_R2_001.fastq.gz,Biolog_Plate&Well_PM3BF10
J40479-L1,Uridine,J40479-L1_S314_L001_R1_001.fastq.gz,J40479-L1_S314_L001_R2_001.fastq.gz,Biolog_Plate&Well_PM3BF11
J40480-L1,Inosine,J40480-L1_S315_L001_R1_001.fastq.gz,J40480-L1_S315_L001_R2_001.fastq.gz,Biolog_Plate&Well_PM3BF12
J40481-L1,Xanthine,J40481-L1_S316_L001_R1_001.fastq.gz,J40481-L1_S316_L001_R2_001.fastq.gz,Biolog_Plate&Well_PM3BG1
J40482-L1,Xanthosine,J40482-L1_S317_L001_R1_001.fastq.gz,J40482-L1_S317_L001_R2_001.fastq.gz,Biolog_Plate&Well_PM3BG2
J40483-L1,UricAcid,J40483-L1_S318_L001_R1_001.fastq.gz,J40483-L1_S318_L001_R2_001.fastq.gz,Biolog_Plate&Well_PM3BG3
J40484-L1,Alloxan,J40484-L1_S319_L001_R1_001.fastq.gz,J40484-L1_S319_L001_R2_001.fastq.gz,Biolog_Plate&Well_PM3BG4
J40485-L1,Allantoin,J40485-L1_S320_L001_R1_001.fastq.gz,J40485-L1_S320_L001_R2_001.fastq.gz,Biolog_Plate&Well_PM3BG5
J40486-L1,ParabanicAcid,J40486-L1_S321_L001_R1_001.fastq.gz,J40486-L1_S321_L001_R2_001.fastq.gz,Biolog_Plate&Well_PM3BG6
J40487-L1,"D,L-?-Amino-NButyricAcid",J40487-L1_S322_L001_R1_001.fastq.gz,J40487-L1_S322_L001_R2_001.fastq.gz,Biolog_Plate&Well_PM3BG7
J40488-L1,?-Amino-NButyricAcid,J40488-L1_S323_L001_R1_001.fastq.gz,J40488-L1_S323_L001_R2_001.fastq.gz,Biolog_Plate&Well_PM3BG8
J40489-L1,?-Amino-NCaproicAcid,J40489-L1_S324_L001_R1_001.fastq.gz,J40489-L1_S324_L001_R2_001.fastq.gz,Biolog_Plate&Well_PM3BG9
J40490-L1,"D,L-?-Amino-CaprylicAcid",J40490-L1_S325_L001_R1_001.fastq.gz,J40490-L1_S325_L001_R2_001.fastq.gz,Biolog_Plate&Well_PM3BG10
J40491-L1,?-Amino-NValericAcid,J40491-L1_S326_L001_R1_001.fastq.gz,J40491-L1_S326_L001_R2_001.fastq.gz,Biolog_Plate&Well_PM3BG11
J40492-L1,?-Amino-NValericAcid,J40492-L1_S327_L001_R1_001.fastq.gz,J40492-L1_S327_L001_R2_001.fastq.gz,Biolog_Plate&Well_PM3BG12
J40493-L1,Ala-Asp,J40493-L1_S328_L001_R1_001.fastq.gz,J40493-L1_S328_L001_R2_001.fastq.gz,Biolog_Plate&Well_PM3BH1
J40494-L1,Ala-Gln,J40494-L1_S329_L001_R1_001.fastq.gz,J40494-L1_S329_L001_R2_001.fastq.gz,Biolog_Plate&Well_PM3BH2
J40495-L1,Ala-Glu,J40495-L1_S330_L001_R1_001.fastq.gz,J40495-L1_S330_L001_R2_001.fastq.gz,Biolog_Plate&Well_PM3BH3
J40496-L1,Ala-Gly,J40496-L1_S331_L001_R1_001.fastq.gz,J40496-L1_S331_L001_R2_001.fastq.gz,Biolog_Plate&Well_PM3BH4
J40497-L1,Ala-His,J40497-L1_S332_L001_R1_001.fastq.gz,J40497-L1_S332_L001_R2_001.fastq.gz,Biolog_Plate&Well_PM3BH5
J40498-L1,Ala-Leu,J40498-L1_S333_L001_R1_001.fastq.gz,J40498-L1_S333_L001_R2_001.fastq.gz,Biolog_Plate&Well_PM3BH6
J40499-L1,Ala-Thr,J40499-L1_S334_L001_R1_001.fastq.gz,J40499-L1_S334_L001_R2_001.fastq.gz,Biolog_Plate&Well_PM3BH7
J40500-L1,Gly-Asn,J40500-L1_S335_L001_R1_001.fastq.gz,J40500-L1_S335_L001_R2_001.fastq.gz,Biolog_Plate&Well_PM3BH8
J40501-L1,Gly-Gln,J40501-L1_S336_L001_R1_001.fastq.gz,J40501-L1_S336_L001_R2_001.fastq.gz,Biolog_Plate&Well_PM3BH9
J40502-L1,Gly-Glu,J40502-L1_S337_L001_R1_001.fastq.gz,J40502-L1_S337_L001_R2_001.fastq.gz,Biolog_Plate&Well_PM3BH10
J40503-L1,Gly-Met,J40503-L1_S338_L001_R1_001.fastq.gz,J40503-L1_S338_L001_R2_001.fastq.gz,Biolog_Plate&Well_PM3BH11
J40504-L1,Met-Ala,J40504-L1_S339_L001_R1_001.fastq.gz,J40504-L1_S339_L001_R2_001.fastq.gz,Biolog_Plate&Well_PM3BH12
J40505-L1,Control,J40505-L1_S340_L001_R1_001.fastq.gz,J40505-L1_S340_L001_R2_001.fastq.gz,Biolog_Plate&Well_PM4AA1
J40506-L1,Phosphate,J40506-L1_S341_L001_R1_001.fastq.gz,J40506-L1_S341_L001_R2_001.fastq.gz,Biolog_Plate&Well_PM4AA2
J40507-L1,Pyrophosphate,J40507-L1_S342_L001_R1_001.fastq.gz,J40507-L1_S342_L001_R2_001.fastq.gz,Biolog_Plate&Well_PM4AA3
J40508-L1,TrimetaPhosphate,J40508-L1_S343_L001_R1_001.fastq.gz,J40508-L1_S343_L001_R2_001.fastq.gz,Biolog_Plate&Well_PM4AA4
J40509-L1,TripolyPhosphate,J40509-L1_S344_L001_R1_001.fastq.gz,J40509-L1_S344_L001_R2_001.fastq.gz,Biolog_Plate&Well_PM4AA5
J40510-L1,TriethylPhosphate,J40510-L1_S345_L001_R1_001.fastq.gz,J40510-L1_S345_L001_R2_001.fastq.gz,Biolog_Plate&Well_PM4AA6
J40511-L1,Hypophosphite,J40511-L1_S346_L001_R1_001.fastq.gz,J40511-L1_S346_L001_R2_001.fastq.gz,Biolog_Plate&Well_PM4AA7
J40512-L1,Adenosine-2’-monophosphate,J40512-L1_S347_L001_R1_001.fastq.gz,J40512-L1_S347_L001_R2_001.fastq.gz,Biolog_Plate&Well_PM4AA8
J40513-L1,Adenosine-3’-monophosphate,J40513-L1_S348_L001_R1_001.fastq.gz,J40513-L1_S348_L001_R2_001.fastq.gz,Biolog_Plate&Well_PM4AA9
J40514-L1,Adenosine-5’-monophosphate,J40514-L1_S349_L001_R1_001.fastq.gz,J40514-L1_S349_L001_R2_001.fastq.gz,Biolog_Plate&Well_PM4AA10
J40515-L1,"Adenosine-2’,3’-cyclicmonophosphate",J40515-L1_S350_L001_R1_001.fastq.gz,J40515-L1_S350_L001_R2_001.fastq.gz,Biolog_Plate&Well_PM4AA11
J40516-L1,"Adenosine-3’,5’-cyclicmonophosphate",J40516-L1_S351_L001_R1_001.fastq.gz,J40516-L1_S351_L001_R2_001.fastq.gz,Biolog_Plate&Well_PM4AA12
J40517-L1,Thiophosphate,J40517-L1_S352_L001_R1_001.fastq.gz,J40517-L1_S352_L001_R2_001.fastq.gz,Biolog_Plate&Well_PM4AB1
J40518-L1,Dithiophosphate,J40518-L1_S353_L001_R1_001.fastq.gz,J40518-L1_S353_L001_R2_001.fastq.gz,Biolog_Plate&Well_PM4AB2
J40519-L1,"D,L-?-GlycerolPhosphate",J40519-L1_S354_L001_R1_001.fastq.gz,J40519-L1_S354_L001_R2_001.fastq.gz,Biolog_Plate&Well_PM4AB3
J40520-L1,ß-GlycerolPhosphate,J40520-L1_S355_L001_R1_001.fastq.gz,J40520-L1_S355_L001_R2_001.fastq.gz,Biolog_Plate&Well_PM4AB4
J40521-L1,CarbamylPhosphate,J40521-L1_S356_L001_R1_001.fastq.gz,J40521-L1_S356_L001_R2_001.fastq.gz,Biolog_Plate&Well_PM4AB5
J40522-L1,D-2-Phospho-GlycericAcid,J40522-L1_S357_L001_R1_001.fastq.gz,J40522-L1_S357_L001_R2_001.fastq.gz,Biolog_Plate&Well_PM4AB6
J40523-L1,D-3-Phospho-GlycericAcid,J40523-L1_S358_L001_R1_001.fastq.gz,J40523-L1_S358_L001_R2_001.fastq.gz,Biolog_Plate&Well_PM4AB7
J40524-L1,Guanosine-2’-monophosphate,J40524-L1_S359_L001_R1_001.fastq.gz,J40524-L1_S359_L001_R2_001.fastq.gz,Biolog_Plate&Well_PM4AB8
J40525-L1,Guanosine-3’-monophosphate,J40525-L1_S360_L001_R1_001.fastq.gz,J40525-L1_S360_L001_R2_001.fastq.gz,Biolog_Plate&Well_PM4AB9
J40526-L1,Guanosine-5’-monophosphate,J40526-L1_S361_L001_R1_001.fastq.gz,J40526-L1_S361_L001_R2_001.fastq.gz,Biolog_Plate&Well_PM4AB10
J40527-L1,"Guanosine-2’,3’-cyclicmonophosphate",J40527-L1_S362_L001_R1_001.fastq.gz,J40527-L1_S362_L001_R2_001.fastq.gz,Biolog_Plate&Well_PM4AB11
J40528-L1,"Guanosine-3’,5’-cyclicmonophosphate",J40528-L1_S363_L001_R1_001.fastq.gz,J40528-L1_S363_L001_R2_001.fastq.gz,Biolog_Plate&Well_PM4AB12
J40529-L1,PhosphoenolPyruvate,J40529-L1_S364_L001_R1_001.fastq.gz,J40529-L1_S364_L001_R2_001.fastq.gz,Biolog_Plate&Well_PM4AC1
J40530-L1,Phospho-GlycolicAcid,J40530-L1_S365_L001_R1_001.fastq.gz,J40530-L1_S365_L001_R2_001.fastq.gz,Biolog_Plate&Well_PM4AC2
J40531-L1,D-Glucose-1-Phosphate,J40531-L1_S366_L001_R1_001.fastq.gz,J40531-L1_S366_L001_R2_001.fastq.gz,Biolog_Plate&Well_PM4AC3
J40532-L1,D-Glucose-6-Phosphate,J40532-L1_S367_L001_R1_001.fastq.gz,J40532-L1_S367_L001_R2_001.fastq.gz,Biolog_Plate&Well_PM4AC4
J40533-L1,2-Deoxy-D-Glucose-6-Phosphate,J40533-L1_S368_L001_R1_001.fastq.gz,J40533-L1_S368_L001_R2_001.fastq.gz,Biolog_Plate&Well_PM4AC5
J40534-L1,D-Glucosamine-6-Phosphate,J40534-L1_S369_L001_R1_001.fastq.gz,J40534-L1_S369_L001_R2_001.fastq.gz,Biolog_Plate&Well_PM4AC6
J40535-L1,6-Phospho-GluconicAcid,J40535-L1_S370_L001_R1_001.fastq.gz,J40535-L1_S370_L001_R2_001.fastq.gz,Biolog_Plate&Well_PM4AC7
J40536-L1,Cytidine-2-monophosphate,J40536-L1_S371_L001_R1_001.fastq.gz,J40536-L1_S371_L001_R2_001.fastq.gz,Biolog_Plate&Well_PM4AC8
J40537-L1,Cytidine-3-monophosphate,J40537-L1_S372_L001_R1_001.fastq.gz,J40537-L1_S372_L001_R2_001.fastq.gz,Biolog_Plate&Well_PM4AC9
J40539-L1,"Cytidine-2’,3’-cyclicmonophosphate",J40539-L1_S374_L001_R1_001.fastq.gz,J40539-L1_S374_L001_R2_001.fastq.gz,Biolog_Plate&Well_PM4AC11
J40540-L1,"Cytidine-3’,5’-cyclicmonophosphate",J40540-L1_S375_L001_R1_001.fastq.gz,J40540-L1_S375_L001_R2_001.fastq.gz,Biolog_Plate&Well_PM4AC12
J40541-L1,D-Mannose-1-Phosphate,J40541-L1_S376_L001_R1_001.fastq.gz,J40541-L1_S376_L001_R2_001.fastq.gz,Biolog_Plate&Well_PM4AD1
J40542-L1,D-Mannose-6-Phosphate,J40542-L1_S377_L001_R1_001.fastq.gz,J40542-L1_S377_L001_R2_001.fastq.gz,Biolog_Plate&Well_PM4AD2
J40543-L1,Cysteamine-S-Phosphate,J40543-L1_S378_L001_R1_001.fastq.gz,J40543-L1_S378_L001_R2_001.fastq.gz,Biolog_Plate&Well_PM4AD3
J40544-L1,Phospho-L-Arginine,J40544-L1_S379_L001_R1_001.fastq.gz,J40544-L1_S379_L001_R2_001.fastq.gz,Biolog_Plate&Well_PM4AD4
J40545-L1,O-Phospho-D-Serine,J40545-L1_S380_L001_R1_001.fastq.gz,J40545-L1_S380_L001_R2_001.fastq.gz,Biolog_Plate&Well_PM4AD5
J40546-L1,O-Phospho-L-Serine,J40546-L1_S381_L001_R1_001.fastq.gz,J40546-L1_S381_L001_R2_001.fastq.gz,Biolog_Plate&Well_PM4AD6
J40547-L1,O-Phospho-L-Threonine,J40547-L1_S382_L001_R1_001.fastq.gz,J40547-L1_S382_L001_R2_001.fastq.gz,Biolog_Plate&Well_PM4AD7
J40548-L1,Uridine-2’-monophosphate,J40548-L1_S383_L001_R1_001.fastq.gz,J40548-L1_S383_L001_R2_001.fastq.gz,Biolog_Plate&Well_PM4AD8
